"DateTime","Tasa Representativa del Mercado (TRM)"
"1991-11-27 05:00:00",693.32
"1991-11-28 05:00:00",693.99
"1991-11-29 05:00:00",694.7
"1991-11-30 05:00:00",694.7
"1991-12-01 05:00:00",643.42
"1991-12-02 05:00:00",643.42
"1991-12-03 05:00:00",639.22
"1991-12-04 05:00:00",635.7
"1991-12-05 05:00:00",631.51
"1991-12-06 05:00:00",627.16
"1991-12-07 05:00:00",638.06
"1991-12-08 05:00:00",638.06
"1991-12-09 05:00:00",638.06
"1991-12-10 05:00:00",622.92
"1991-12-11 05:00:00",627.46
"1991-12-12 05:00:00",633.09
"1991-12-13 05:00:00",632.35
"1991-12-14 05:00:00",630.91
"1991-12-15 05:00:00",630.91
"1991-12-16 05:00:00",630.91
"1991-12-17 05:00:00",626.23
"1991-12-18 05:00:00",626.52
"1991-12-19 05:00:00",633.35
"1991-12-20 05:00:00",621.71
"1991-12-21 05:00:00",620.62
"1991-12-22 05:00:00",620.62
"1991-12-23 05:00:00",620.62
"1991-12-24 05:00:00",622.95
"1991-12-25 05:00:00",622.95
"1991-12-26 05:00:00",622.95
"1991-12-27 05:00:00",631.63
"1991-12-28 05:00:00",632.37
"1991-12-29 05:00:00",632.37
"1991-12-30 05:00:00",632.37
"1991-12-31 05:00:00",632.37
"1992-01-01 05:00:00",632.37
"1992-01-02 05:00:00",638.61
"1992-01-03 05:00:00",632.58
"1992-01-04 05:00:00",638.07
"1992-01-05 05:00:00",638.07
"1992-01-06 05:00:00",638.07
"1992-01-07 05:00:00",638.07
"1992-01-08 05:00:00",638.17
"1992-01-09 05:00:00",638.61
"1992-01-10 05:00:00",637.86
"1992-01-11 05:00:00",645.04
"1992-01-12 05:00:00",645.04
"1992-01-13 05:00:00",645.04
"1992-01-14 05:00:00",659.74
"1992-01-15 05:00:00",657.49
"1992-01-16 05:00:00",653.45
"1992-01-17 05:00:00",652.91
"1992-01-18 05:00:00",645.35
"1992-01-19 05:00:00",645.35
"1992-01-20 05:00:00",645.35
"1992-01-21 05:00:00",645.97
"1992-01-22 05:00:00",647.04
"1992-01-23 05:00:00",647.01
"1992-01-24 05:00:00",647.01
"1992-01-25 05:00:00",644.83
"1992-01-26 05:00:00",644.83
"1992-01-27 05:00:00",644.83
"1992-01-28 05:00:00",645.53
"1992-01-29 05:00:00",645.2
"1992-01-30 05:00:00",644.04
"1992-01-31 05:00:00",644.27
"1992-02-01 05:00:00",640.52
"1992-02-02 05:00:00",640.52
"1992-02-03 05:00:00",640.52
"1992-02-04 05:00:00",640.52
"1992-02-05 05:00:00",638.01
"1992-02-06 05:00:00",637.65
"1992-02-07 05:00:00",636.9
"1992-02-08 05:00:00",635.34
"1992-02-09 05:00:00",635.34
"1992-02-10 05:00:00",635.34
"1992-02-11 05:00:00",634.74
"1992-02-12 05:00:00",634.59
"1992-02-13 05:00:00",634.67
"1992-02-14 05:00:00",635.6
"1992-02-15 05:00:00",634.74
"1992-02-16 05:00:00",634.74
"1992-02-17 05:00:00",634.74
"1992-02-18 05:00:00",635.66
"1992-02-19 05:00:00",635.21
"1992-02-20 05:00:00",634.93
"1992-02-21 05:00:00",633.31
"1992-02-22 05:00:00",633.03
"1992-02-23 05:00:00",633.03
"1992-02-24 05:00:00",633.03
"1992-02-25 05:00:00",633.55
"1992-02-26 05:00:00",633.74
"1992-02-27 05:00:00",634.06
"1992-02-28 05:00:00",633.91
"1992-02-29 05:00:00",636.54
"1992-03-01 05:00:00",636.54
"1992-03-02 05:00:00",636.54
"1992-03-03 05:00:00",640.95
"1992-03-04 05:00:00",636.05
"1992-03-05 05:00:00",635.86
"1992-03-06 05:00:00",636.73
"1992-03-07 05:00:00",636.22
"1992-03-08 05:00:00",636.22
"1992-03-09 05:00:00",636.22
"1992-03-10 05:00:00",635.88
"1992-03-11 05:00:00",639.78
"1992-03-12 05:00:00",639.38
"1992-03-13 05:00:00",641.29
"1992-03-14 05:00:00",642
"1992-03-15 05:00:00",642
"1992-03-16 05:00:00",642
"1992-03-17 05:00:00",644.13
"1992-03-18 05:00:00",643.83
"1992-03-19 05:00:00",642.59
"1992-03-20 05:00:00",641.53
"1992-03-21 05:00:00",640.37
"1992-03-22 05:00:00",640.37
"1992-03-23 05:00:00",640.37
"1992-03-24 05:00:00",640.37
"1992-03-25 05:00:00",642
"1992-03-26 05:00:00",641.81
"1992-03-27 05:00:00",641.22
"1992-03-28 05:00:00",647.24
"1992-03-29 05:00:00",647.24
"1992-03-30 05:00:00",647.24
"1992-03-31 05:00:00",641.59
"1992-04-01 05:00:00",641.98
"1992-04-02 05:00:00",645.14
"1992-04-03 05:00:00",644.77
"1992-04-04 05:00:00",643.11
"1992-04-05 05:00:00",643.11
"1992-04-06 05:00:00",643.11
"1992-04-07 05:00:00",645.73
"1992-04-08 05:00:00",643.98
"1992-04-09 05:00:00",644.61
"1992-04-10 05:00:00",646.5
"1992-04-11 05:00:00",647.28
"1992-04-12 05:00:00",647.28
"1992-04-13 05:00:00",647.28
"1992-04-14 05:00:00",649.48
"1992-04-15 05:00:00",655.66
"1992-04-16 05:00:00",657.97
"1992-04-17 05:00:00",657.97
"1992-04-18 05:00:00",657.97
"1992-04-19 05:00:00",657.97
"1992-04-20 05:00:00",657.97
"1992-04-21 05:00:00",655.32
"1992-04-22 05:00:00",652.57
"1992-04-23 05:00:00",651.48
"1992-04-24 05:00:00",650.24
"1992-04-25 05:00:00",651.36
"1992-04-26 05:00:00",651.36
"1992-04-27 05:00:00",651.36
"1992-04-28 05:00:00",650.31
"1992-04-29 05:00:00",651.95
"1992-04-30 05:00:00",653.83
"1992-05-01 05:00:00",653.58
"1992-05-02 05:00:00",653.58
"1992-05-03 05:00:00",653.58
"1992-05-04 04:00:00",653.58
"1992-05-05 04:00:00",653.1
"1992-05-06 04:00:00",653.7
"1992-05-07 04:00:00",654.74
"1992-05-08 04:00:00",656.4
"1992-05-09 04:00:00",657.91
"1992-05-10 04:00:00",657.91
"1992-05-11 04:00:00",657.91
"1992-05-12 04:00:00",658.52
"1992-05-13 04:00:00",660.57
"1992-05-14 04:00:00",660.88
"1992-05-15 04:00:00",663.43
"1992-05-16 04:00:00",663.58
"1992-05-17 04:00:00",663.58
"1992-05-18 04:00:00",663.58
"1992-05-19 04:00:00",663.75
"1992-05-20 04:00:00",664.5
"1992-05-21 04:00:00",663.1
"1992-05-22 04:00:00",662.6
"1992-05-23 04:00:00",662.11
"1992-05-24 04:00:00",662.11
"1992-05-25 04:00:00",662.11
"1992-05-26 04:00:00",662.15
"1992-05-27 04:00:00",660.46
"1992-05-28 04:00:00",660.16
"1992-05-29 04:00:00",660.99
"1992-05-30 04:00:00",664.37
"1992-05-31 04:00:00",664.37
"1992-06-01 04:00:00",664.37
"1992-06-02 04:00:00",664.37
"1992-06-03 04:00:00",666.11
"1992-06-04 04:00:00",664.3
"1992-06-05 04:00:00",666.47
"1992-06-06 04:00:00",664.36
"1992-06-07 04:00:00",664.36
"1992-06-08 04:00:00",664.36
"1992-06-09 04:00:00",665.91
"1992-06-10 04:00:00",665.92
"1992-06-11 04:00:00",667.96
"1992-06-12 04:00:00",667.52
"1992-06-13 04:00:00",669.55
"1992-06-14 04:00:00",669.55
"1992-06-15 04:00:00",669.55
"1992-06-16 04:00:00",671.36
"1992-06-17 04:00:00",675.76
"1992-06-18 04:00:00",680.17
"1992-06-19 04:00:00",678.25
"1992-06-20 04:00:00",683.37
"1992-06-21 04:00:00",683.37
"1992-06-22 04:00:00",683.37
"1992-06-23 04:00:00",683.37
"1992-06-24 04:00:00",690.08
"1992-06-25 04:00:00",699.09
"1992-06-26 04:00:00",701.83
"1992-06-27 04:00:00",697.57
"1992-06-28 04:00:00",697.57
"1992-06-29 04:00:00",697.57
"1992-06-30 04:00:00",697.57
"1992-07-01 04:00:00",695.36
"1992-07-02 04:00:00",694.43
"1992-07-03 04:00:00",693.71
"1992-07-04 04:00:00",693.4
"1992-07-05 04:00:00",693.4
"1992-07-06 04:00:00",693.4
"1992-07-07 04:00:00",696.12
"1992-07-08 04:00:00",695.65
"1992-07-09 04:00:00",699.01
"1992-07-10 04:00:00",703.74
"1992-07-11 04:00:00",708.72
"1992-07-12 04:00:00",708.72
"1992-07-13 04:00:00",708.72
"1992-07-14 04:00:00",720.47
"1992-07-15 04:00:00",719.15
"1992-07-16 04:00:00",717.45
"1992-07-17 04:00:00",717.7
"1992-07-18 04:00:00",715.11
"1992-07-19 04:00:00",715.11
"1992-07-20 04:00:00",715.11
"1992-07-21 04:00:00",715.11
"1992-07-22 04:00:00",710.91
"1992-07-23 04:00:00",707.96
"1992-07-24 04:00:00",699.73
"1992-07-25 04:00:00",699.68
"1992-07-26 04:00:00",699.68
"1992-07-27 04:00:00",699.68
"1992-07-28 04:00:00",701.66
"1992-07-29 04:00:00",701.89
"1992-07-30 04:00:00",702.02
"1992-07-31 04:00:00",705.14
"1992-08-01 04:00:00",702.52
"1992-08-02 04:00:00",702.52
"1992-08-03 04:00:00",702.52
"1992-08-04 04:00:00",701.82
"1992-08-05 04:00:00",698.84
"1992-08-06 04:00:00",695.32
"1992-08-07 04:00:00",694.25
"1992-08-08 04:00:00",694.25
"1992-08-09 04:00:00",694.25
"1992-08-10 04:00:00",694.25
"1992-08-11 04:00:00",692.72
"1992-08-12 04:00:00",692.25
"1992-08-13 04:00:00",694.28
"1992-08-14 04:00:00",692.51
"1992-08-15 04:00:00",693.25
"1992-08-16 04:00:00",693.25
"1992-08-17 04:00:00",693.25
"1992-08-18 04:00:00",693.25
"1992-08-19 04:00:00",693.69
"1992-08-20 04:00:00",692.48
"1992-08-21 04:00:00",692.56
"1992-08-22 04:00:00",693.94
"1992-08-23 04:00:00",693.94
"1992-08-24 04:00:00",693.94
"1992-08-25 04:00:00",689.56
"1992-08-26 04:00:00",689.21
"1992-08-27 04:00:00",689.45
"1992-08-28 04:00:00",690.3
"1992-08-29 04:00:00",691.68
"1992-08-30 04:00:00",691.68
"1992-08-31 04:00:00",691.68
"1992-09-01 04:00:00",691.9
"1992-09-02 04:00:00",692.89
"1992-09-03 04:00:00",693.02
"1992-09-04 04:00:00",695.62
"1992-09-05 04:00:00",696.77
"1992-09-06 04:00:00",696.77
"1992-09-07 04:00:00",696.77
"1992-09-08 04:00:00",697.69
"1992-09-09 04:00:00",698.28
"1992-09-10 04:00:00",695.38
"1992-09-11 04:00:00",695.54
"1992-09-12 04:00:00",696.39
"1992-09-13 04:00:00",696.39
"1992-09-14 04:00:00",696.39
"1992-09-15 04:00:00",696.29
"1992-09-16 04:00:00",696.84
"1992-09-17 04:00:00",695.7
"1992-09-18 04:00:00",696.66
"1992-09-19 04:00:00",696.42
"1992-09-20 04:00:00",696.42
"1992-09-21 04:00:00",696.42
"1992-09-22 04:00:00",699.16
"1992-09-23 04:00:00",697.77
"1992-09-24 04:00:00",698.4
"1992-09-25 04:00:00",697.01
"1992-09-26 04:00:00",704.8
"1992-09-27 04:00:00",704.8
"1992-09-28 04:00:00",704.8
"1992-09-29 04:00:00",701
"1992-09-30 04:00:00",702.81
"1992-10-01 04:00:00",699.7
"1992-10-02 04:00:00",703.08
"1992-10-03 04:00:00",710.22
"1992-10-04 04:00:00",710.22
"1992-10-05 04:00:00",710.22
"1992-10-06 04:00:00",704.52
"1992-10-07 04:00:00",703.66
"1992-10-08 04:00:00",702.71
"1992-10-09 04:00:00",704.06
"1992-10-10 04:00:00",701.88
"1992-10-11 04:00:00",701.88
"1992-10-12 04:00:00",701.88
"1992-10-13 04:00:00",701.88
"1992-10-14 04:00:00",702.48
"1992-10-15 04:00:00",705.52
"1992-10-16 04:00:00",708.21
"1992-10-17 04:00:00",707.13
"1992-10-18 04:00:00",707.13
"1992-10-19 04:00:00",707.13
"1992-10-20 04:00:00",707.35
"1992-10-21 04:00:00",706.06
"1992-10-22 04:00:00",709.22
"1992-10-23 04:00:00",710.19
"1992-10-24 04:00:00",712.04
"1992-10-25 04:00:00",712.04
"1992-10-26 04:00:00",712.04
"1992-10-27 04:00:00",713.55
"1992-10-28 04:00:00",716.39
"1992-10-29 04:00:00",715.31
"1992-10-30 04:00:00",717.37
"1992-10-31 04:00:00",716.88
"1992-11-01 04:00:00",716.88
"1992-11-02 04:00:00",716.88
"1992-11-03 04:00:00",716.88
"1992-11-04 04:00:00",718.98
"1992-11-05 04:00:00",719.21
"1992-11-06 04:00:00",720.96
"1992-11-07 04:00:00",722.57
"1992-11-08 04:00:00",722.57
"1992-11-09 04:00:00",722.57
"1992-11-10 04:00:00",720.48
"1992-11-11 04:00:00",722.37
"1992-11-12 04:00:00",723.72
"1992-11-13 04:00:00",722.72
"1992-11-14 04:00:00",724.07
"1992-11-15 04:00:00",724.07
"1992-11-16 04:00:00",724.07
"1992-11-17 04:00:00",724.07
"1992-11-18 04:00:00",730.11
"1992-11-19 04:00:00",724.97
"1992-11-20 04:00:00",724.9
"1992-11-21 04:00:00",721.98
"1992-11-22 04:00:00",721.98
"1992-11-23 04:00:00",721.98
"1992-11-24 04:00:00",726.97
"1992-11-25 04:00:00",720.63
"1992-11-26 04:00:00",721.47
"1992-11-27 04:00:00",722.61
"1992-11-28 04:00:00",725.45
"1992-11-29 04:00:00",725.45
"1992-11-30 04:00:00",725.45
"1992-12-01 04:00:00",729.42
"1992-12-02 04:00:00",725.75
"1992-12-03 04:00:00",729.74
"1992-12-04 04:00:00",738.19
"1992-12-05 04:00:00",736.29
"1992-12-06 04:00:00",736.29
"1992-12-07 04:00:00",736.29
"1992-12-08 04:00:00",732.11
"1992-12-09 04:00:00",732.11
"1992-12-10 04:00:00",732.4
"1992-12-11 04:00:00",727.21
"1992-12-12 04:00:00",729.8
"1992-12-13 04:00:00",729.8
"1992-12-14 04:00:00",729.8
"1992-12-15 04:00:00",732.69
"1992-12-16 04:00:00",736.2
"1992-12-17 04:00:00",734.98
"1992-12-18 04:00:00",732.54
"1992-12-19 04:00:00",735.31
"1992-12-20 04:00:00",735.31
"1992-12-21 04:00:00",735.31
"1992-12-22 04:00:00",736.82
"1992-12-23 04:00:00",735
"1992-12-24 04:00:00",735.19
"1992-12-25 04:00:00",735.19
"1992-12-26 04:00:00",735.19
"1992-12-27 04:00:00",735.19
"1992-12-28 04:00:00",735.19
"1992-12-29 04:00:00",737.44
"1992-12-30 04:00:00",737.98
"1992-12-31 04:00:00",737.98
"1993-01-01 04:00:00",737.98
"1993-01-02 04:00:00",737.98
"1993-01-03 04:00:00",737.98
"1993-01-04 04:00:00",737.98
"1993-01-05 04:00:00",737.55
"1993-01-06 04:00:00",738.65
"1993-01-07 04:00:00",740.08
"1993-01-08 04:00:00",742.61
"1993-01-09 04:00:00",746.63
"1993-01-10 04:00:00",746.63
"1993-01-11 04:00:00",746.63
"1993-01-12 04:00:00",746.63
"1993-01-13 04:00:00",749.63
"1993-01-14 04:00:00",748.98
"1993-01-15 04:00:00",746.71
"1993-01-16 04:00:00",746.39
"1993-01-17 04:00:00",746.39
"1993-01-18 04:00:00",746.39
"1993-01-19 04:00:00",747.2
"1993-01-20 04:00:00",748.07
"1993-01-21 04:00:00",750.06
"1993-01-22 04:00:00",750
"1993-01-23 04:00:00",748.56
"1993-01-24 04:00:00",748.56
"1993-01-25 04:00:00",748.56
"1993-01-26 04:00:00",747.25
"1993-01-27 04:00:00",747.13
"1993-01-28 04:00:00",746.21
"1993-01-29 04:00:00",745.14
"1993-01-30 04:00:00",746.05
"1993-01-31 04:00:00",746.05
"1993-02-01 04:00:00",746.05
"1993-02-02 04:00:00",745.27
"1993-02-03 04:00:00",745.64
"1993-02-04 04:00:00",745.73
"1993-02-05 04:00:00",745.79
"1993-02-06 04:00:00",746.56
"1993-02-07 04:00:00",746.56
"1993-02-08 04:00:00",746.56
"1993-02-09 04:00:00",745.45
"1993-02-10 04:00:00",745.49
"1993-02-11 04:00:00",745.38
"1993-02-12 04:00:00",748.22
"1993-02-13 04:00:00",748.88
"1993-02-14 04:00:00",748.88
"1993-02-15 04:00:00",748.88
"1993-02-16 04:00:00",748.18
"1993-02-17 04:00:00",749.69
"1993-02-18 04:00:00",750.75
"1993-02-19 04:00:00",752.47
"1993-02-20 04:00:00",751.96
"1993-02-21 04:00:00",751.96
"1993-02-22 04:00:00",751.96
"1993-02-23 04:00:00",752.52
"1993-02-24 04:00:00",753.33
"1993-02-25 04:00:00",755.07
"1993-02-26 04:00:00",759.2
"1993-02-27 04:00:00",758.03
"1993-02-28 04:00:00",758.03
"1993-03-01 04:00:00",758.03
"1993-03-02 04:00:00",757.89
"1993-03-03 04:00:00",760.71
"1993-03-04 04:00:00",762.68
"1993-03-05 04:00:00",762.04
"1993-03-06 04:00:00",762.2
"1993-03-07 04:00:00",762.2
"1993-03-08 04:00:00",762.2
"1993-03-09 04:00:00",763.38
"1993-03-10 04:00:00",763.9
"1993-03-11 04:00:00",764.74
"1993-03-12 04:00:00",765.19
"1993-03-13 04:00:00",764.79
"1993-03-14 04:00:00",764.79
"1993-03-15 04:00:00",764.79
"1993-03-16 04:00:00",764.29
"1993-03-17 04:00:00",765.06
"1993-03-18 04:00:00",766.12
"1993-03-19 04:00:00",766.42
"1993-03-20 04:00:00",766.84
"1993-03-21 04:00:00",766.84
"1993-03-22 04:00:00",766.84
"1993-03-23 04:00:00",766.84
"1993-03-24 04:00:00",766.63
"1993-03-25 04:00:00",766.91
"1993-03-26 04:00:00",767.99
"1993-03-27 04:00:00",767.4
"1993-03-28 04:00:00",767.4
"1993-03-29 04:00:00",767.4
"1993-03-30 04:00:00",766.79
"1993-03-31 04:00:00",766.41
"1993-04-01 04:00:00",766.44
"1993-04-02 04:00:00",767.98
"1993-04-03 04:00:00",768.46
"1993-04-04 05:00:00",768.46
"1993-04-05 05:00:00",768.46
"1993-04-06 05:00:00",768.31
"1993-04-07 05:00:00",768.52
"1993-04-08 05:00:00",768.6
"1993-04-09 05:00:00",768.6
"1993-04-10 05:00:00",768.6
"1993-04-11 05:00:00",768.6
"1993-04-12 05:00:00",768.6
"1993-04-13 05:00:00",769.34
"1993-04-14 05:00:00",769.8
"1993-04-15 05:00:00",771.56
"1993-04-16 05:00:00",772.71
"1993-04-17 05:00:00",773.22
"1993-04-18 05:00:00",773.22
"1993-04-19 05:00:00",773.22
"1993-04-20 05:00:00",773.7
"1993-04-21 05:00:00",773.97
"1993-04-22 05:00:00",774.34
"1993-04-23 05:00:00",775.05
"1993-04-24 05:00:00",775.32
"1993-04-25 05:00:00",775.32
"1993-04-26 05:00:00",775.32
"1993-04-27 05:00:00",775.2
"1993-04-28 05:00:00",774.52
"1993-04-29 05:00:00",773.78
"1993-04-30 05:00:00",774.94
"1993-05-01 05:00:00",773.82
"1993-05-02 05:00:00",773.82
"1993-05-03 05:00:00",773.82
"1993-05-04 05:00:00",775.53
"1993-05-05 05:00:00",776.99
"1993-05-06 05:00:00",777.88
"1993-05-07 05:00:00",778.17
"1993-05-08 05:00:00",777.17
"1993-05-09 05:00:00",777.17
"1993-05-10 05:00:00",777.17
"1993-05-11 05:00:00",777.75
"1993-05-12 05:00:00",779.41
"1993-05-13 05:00:00",780.49
"1993-05-14 05:00:00",780.8
"1993-05-15 05:00:00",780.79
"1993-05-16 05:00:00",780.79
"1993-05-17 05:00:00",780.79
"1993-05-18 05:00:00",781.42
"1993-05-19 05:00:00",781.8
"1993-05-20 05:00:00",781.84
"1993-05-21 05:00:00",781.94
"1993-05-22 05:00:00",782
"1993-05-23 05:00:00",782
"1993-05-24 05:00:00",782
"1993-05-25 05:00:00",782
"1993-05-26 05:00:00",783.15
"1993-05-27 05:00:00",782.85
"1993-05-28 05:00:00",780.78
"1993-05-29 05:00:00",779.56
"1993-05-30 05:00:00",779.56
"1993-05-31 05:00:00",779.56
"1993-06-01 05:00:00",779
"1993-06-02 05:00:00",779.01
"1993-06-03 05:00:00",777.82
"1993-06-04 05:00:00",778.12
"1993-06-05 05:00:00",780.6
"1993-06-06 05:00:00",780.6
"1993-06-07 05:00:00",780.6
"1993-06-08 05:00:00",782.29
"1993-06-09 05:00:00",784.62
"1993-06-10 05:00:00",784.95
"1993-06-11 05:00:00",785.79
"1993-06-12 05:00:00",784.8
"1993-06-13 05:00:00",784.8
"1993-06-14 05:00:00",784.8
"1993-06-15 05:00:00",784.8
"1993-06-16 05:00:00",785.9
"1993-06-17 05:00:00",786.64
"1993-06-18 05:00:00",787.49
"1993-06-19 05:00:00",786.77
"1993-06-20 05:00:00",786.77
"1993-06-21 05:00:00",786.77
"1993-06-22 05:00:00",786.77
"1993-06-23 05:00:00",787.06
"1993-06-24 05:00:00",786.42
"1993-06-25 05:00:00",786.72
"1993-06-26 05:00:00",786.96
"1993-06-27 05:00:00",786.96
"1993-06-28 05:00:00",786.96
"1993-06-29 05:00:00",786.8
"1993-06-30 05:00:00",787.12
"1993-07-01 05:00:00",786.1
"1993-07-02 05:00:00",787.51
"1993-07-03 05:00:00",788.65
"1993-07-04 05:00:00",788.65
"1993-07-05 05:00:00",788.65
"1993-07-06 05:00:00",788.65
"1993-07-07 05:00:00",789.47
"1993-07-08 05:00:00",790.58
"1993-07-09 05:00:00",791.73
"1993-07-10 05:00:00",793.18
"1993-07-11 05:00:00",793.18
"1993-07-12 05:00:00",793.18
"1993-07-13 05:00:00",794.67
"1993-07-14 05:00:00",795.66
"1993-07-15 05:00:00",797
"1993-07-16 05:00:00",797.06
"1993-07-17 05:00:00",797.31
"1993-07-18 05:00:00",797.31
"1993-07-19 05:00:00",797.31
"1993-07-20 05:00:00",797.41
"1993-07-21 05:00:00",797.41
"1993-07-22 05:00:00",797.63
"1993-07-23 05:00:00",798.17
"1993-07-24 05:00:00",798.83
"1993-07-25 05:00:00",798.83
"1993-07-26 05:00:00",798.83
"1993-07-27 05:00:00",799.17
"1993-07-28 05:00:00",799.96
"1993-07-29 05:00:00",800.42
"1993-07-30 05:00:00",801.04
"1993-07-31 05:00:00",801.35
"1993-08-01 05:00:00",801.35
"1993-08-02 05:00:00",801.35
"1993-08-03 05:00:00",801.15
"1993-08-04 05:00:00",801.86
"1993-08-05 05:00:00",801.82
"1993-08-06 05:00:00",801.86
"1993-08-07 05:00:00",801.78
"1993-08-08 05:00:00",801.78
"1993-08-09 05:00:00",801.78
"1993-08-10 05:00:00",802.3
"1993-08-11 05:00:00",803.22
"1993-08-12 05:00:00",804.48
"1993-08-13 05:00:00",804.93
"1993-08-14 05:00:00",804.51
"1993-08-15 05:00:00",804.51
"1993-08-16 05:00:00",804.51
"1993-08-17 05:00:00",804.51
"1993-08-18 05:00:00",804.76
"1993-08-19 05:00:00",805.62
"1993-08-20 05:00:00",806.15
"1993-08-21 05:00:00",806.72
"1993-08-22 05:00:00",806.72
"1993-08-23 05:00:00",806.72
"1993-08-24 05:00:00",807.04
"1993-08-25 05:00:00",807.57
"1993-08-26 05:00:00",807.77
"1993-08-27 05:00:00",807.55
"1993-08-28 05:00:00",807.53
"1993-08-29 05:00:00",807.53
"1993-08-30 05:00:00",807.53
"1993-08-31 05:00:00",806.86
"1993-09-01 05:00:00",806.83
"1993-09-02 05:00:00",808.04
"1993-09-03 05:00:00",807.96
"1993-09-04 05:00:00",807.68
"1993-09-05 05:00:00",807.68
"1993-09-06 05:00:00",807.68
"1993-09-07 05:00:00",807.62
"1993-09-08 05:00:00",808.24
"1993-09-09 05:00:00",809.33
"1993-09-10 05:00:00",810.25
"1993-09-11 05:00:00",810.03
"1993-09-12 05:00:00",810.03
"1993-09-13 05:00:00",810.03
"1993-09-14 05:00:00",810.09
"1993-09-15 05:00:00",810.81
"1993-09-16 05:00:00",811.75
"1993-09-17 05:00:00",811.93
"1993-09-18 05:00:00",811.18
"1993-09-19 05:00:00",811.18
"1993-09-20 05:00:00",811.18
"1993-09-21 05:00:00",810.88
"1993-09-22 05:00:00",809.75
"1993-09-23 05:00:00",810.04
"1993-09-24 05:00:00",810.55
"1993-09-25 05:00:00",809.93
"1993-09-26 05:00:00",809.93
"1993-09-27 05:00:00",809.93
"1993-09-28 05:00:00",809.55
"1993-09-29 05:00:00",809.69
"1993-09-30 05:00:00",810.84
"1993-10-01 05:00:00",811.31
"1993-10-02 05:00:00",812.29
"1993-10-03 05:00:00",812.29
"1993-10-04 05:00:00",812.29
"1993-10-05 05:00:00",812.27
"1993-10-06 05:00:00",812.75
"1993-10-07 05:00:00",812.54
"1993-10-08 05:00:00",811.91
"1993-10-09 05:00:00",811.28
"1993-10-10 05:00:00",811.28
"1993-10-11 05:00:00",811.28
"1993-10-12 05:00:00",811.19
"1993-10-13 05:00:00",811.47
"1993-10-14 05:00:00",811.46
"1993-10-15 05:00:00",812.41
"1993-10-16 05:00:00",813.28
"1993-10-17 05:00:00",813.28
"1993-10-18 05:00:00",813.28
"1993-10-19 05:00:00",813.28
"1993-10-20 05:00:00",813.79
"1993-10-21 05:00:00",816.41
"1993-10-22 05:00:00",819.26
"1993-10-23 05:00:00",819.41
"1993-10-24 05:00:00",819.41
"1993-10-25 05:00:00",819.41
"1993-10-26 05:00:00",819.44
"1993-10-27 05:00:00",819.55
"1993-10-28 05:00:00",818.98
"1993-10-29 05:00:00",818.06
"1993-10-30 05:00:00",817.03
"1993-10-31 05:00:00",817.03
"1993-11-01 05:00:00",817.03
"1993-11-02 05:00:00",817.03
"1993-11-03 05:00:00",816.7
"1993-11-04 05:00:00",817.01
"1993-11-05 05:00:00",816.79
"1993-11-06 05:00:00",815.7
"1993-11-07 05:00:00",815.7
"1993-11-08 05:00:00",815.7
"1993-11-09 05:00:00",814.26
"1993-11-10 05:00:00",813.95
"1993-11-11 05:00:00",811.07
"1993-11-12 05:00:00",809.87
"1993-11-13 05:00:00",809.95
"1993-11-14 05:00:00",809.95
"1993-11-15 05:00:00",809.95
"1993-11-16 05:00:00",809.95
"1993-11-17 05:00:00",815.18
"1993-11-18 05:00:00",816.32
"1993-11-19 05:00:00",816.62
"1993-11-20 05:00:00",817.06
"1993-11-21 05:00:00",817.06
"1993-11-22 05:00:00",817.06
"1993-11-23 05:00:00",814.48
"1993-11-24 05:00:00",812.12
"1993-11-25 05:00:00",811.67
"1993-11-26 05:00:00",812.04
"1993-11-27 05:00:00",812.11
"1993-11-28 05:00:00",812.11
"1993-11-29 05:00:00",812.11
"1993-11-30 05:00:00",811.73
"1993-12-01 05:00:00",812.21
"1993-12-02 05:00:00",811.78
"1993-12-03 05:00:00",809.63
"1993-12-04 05:00:00",806.49
"1993-12-05 05:00:00",806.49
"1993-12-06 05:00:00",806.49
"1993-12-07 05:00:00",803.1
"1993-12-08 05:00:00",800.6
"1993-12-09 05:00:00",800.6
"1993-12-10 05:00:00",798.51
"1993-12-11 05:00:00",797.53
"1993-12-12 05:00:00",797.53
"1993-12-13 05:00:00",797.53
"1993-12-14 05:00:00",798.2
"1993-12-15 05:00:00",798.12
"1993-12-16 05:00:00",799.43
"1993-12-17 05:00:00",804.89
"1993-12-18 05:00:00",806.5
"1993-12-19 05:00:00",806.5
"1993-12-20 05:00:00",806.5
"1993-12-21 05:00:00",803.81
"1993-12-22 05:00:00",802.46
"1993-12-23 05:00:00",801.4
"1993-12-24 05:00:00",801.69
"1993-12-25 05:00:00",801.69
"1993-12-26 05:00:00",801.69
"1993-12-27 05:00:00",801.69
"1993-12-28 05:00:00",809.13
"1993-12-29 05:00:00",802.33
"1993-12-30 05:00:00",802.71
"1993-12-31 05:00:00",804.33
"1994-01-01 05:00:00",804.33
"1994-01-02 05:00:00",804.33
"1994-01-03 05:00:00",804.33
"1994-01-04 05:00:00",805.91
"1994-01-05 05:00:00",810.01
"1994-01-06 05:00:00",814.21
"1994-01-07 05:00:00",818.83
"1994-01-08 05:00:00",818.89
"1994-01-09 05:00:00",818.89
"1994-01-10 05:00:00",818.89
"1994-01-11 05:00:00",818.89
"1994-01-12 05:00:00",818.5
"1994-01-13 05:00:00",819.81
"1994-01-14 05:00:00",820.1
"1994-01-15 05:00:00",815.81
"1994-01-16 05:00:00",815.81
"1994-01-17 05:00:00",815.81
"1994-01-18 05:00:00",816.91
"1994-01-19 05:00:00",816.15
"1994-01-20 05:00:00",814.56
"1994-01-21 05:00:00",815.91
"1994-01-22 05:00:00",815.65
"1994-01-23 05:00:00",815.65
"1994-01-24 05:00:00",815.65
"1994-01-25 05:00:00",816.69
"1994-01-26 05:00:00",819.1
"1994-01-27 05:00:00",821.52
"1994-01-28 05:00:00",821.72
"1994-01-29 05:00:00",818.38
"1994-01-30 05:00:00",818.38
"1994-01-31 05:00:00",818.38
"1994-02-01 05:00:00",817
"1994-02-02 05:00:00",819.27
"1994-02-03 05:00:00",817.96
"1994-02-04 05:00:00",817.69
"1994-02-05 05:00:00",818
"1994-02-06 05:00:00",818
"1994-02-07 05:00:00",818
"1994-02-08 05:00:00",817.64
"1994-02-09 05:00:00",817.81
"1994-02-10 05:00:00",817.88
"1994-02-11 05:00:00",817.88
"1994-02-12 05:00:00",817.78
"1994-02-13 05:00:00",817.78
"1994-02-14 05:00:00",817.78
"1994-02-15 05:00:00",817.59
"1994-02-16 05:00:00",816.92
"1994-02-17 05:00:00",816.1
"1994-02-18 05:00:00",815.19
"1994-02-19 05:00:00",814.13
"1994-02-20 05:00:00",814.13
"1994-02-21 05:00:00",814.13
"1994-02-22 05:00:00",816.04
"1994-02-23 05:00:00",818.33
"1994-02-24 05:00:00",820.76
"1994-02-25 05:00:00",819.68
"1994-02-26 05:00:00",819.7
"1994-02-27 05:00:00",819.7
"1994-02-28 05:00:00",819.7
"1994-03-01 05:00:00",820.12
"1994-03-02 05:00:00",819.83
"1994-03-03 05:00:00",819.61
"1994-03-04 05:00:00",818.7
"1994-03-05 05:00:00",817.86
"1994-03-06 05:00:00",817.86
"1994-03-07 05:00:00",817.86
"1994-03-08 05:00:00",817.76
"1994-03-09 05:00:00",818.02
"1994-03-10 05:00:00",818.37
"1994-03-11 05:00:00",818.46
"1994-03-12 05:00:00",818.62
"1994-03-13 05:00:00",818.62
"1994-03-14 05:00:00",818.62
"1994-03-15 05:00:00",818.69
"1994-03-16 05:00:00",818.49
"1994-03-17 05:00:00",820.44
"1994-03-18 05:00:00",820.91
"1994-03-19 05:00:00",821.34
"1994-03-20 05:00:00",821.34
"1994-03-21 05:00:00",821.34
"1994-03-22 05:00:00",821.34
"1994-03-23 05:00:00",821.73
"1994-03-24 05:00:00",821.82
"1994-03-25 05:00:00",821.7
"1994-03-26 05:00:00",821.14
"1994-03-27 05:00:00",821.14
"1994-03-28 05:00:00",821.14
"1994-03-29 05:00:00",820.63
"1994-03-30 05:00:00",820.78
"1994-03-31 05:00:00",819.51
"1994-04-01 05:00:00",819.51
"1994-04-02 05:00:00",819.51
"1994-04-03 05:00:00",819.51
"1994-04-04 05:00:00",819.51
"1994-04-05 05:00:00",820.21
"1994-04-06 05:00:00",820.93
"1994-04-07 05:00:00",822.57
"1994-04-08 05:00:00",825.28
"1994-04-09 05:00:00",828.92
"1994-04-10 05:00:00",828.92
"1994-04-11 05:00:00",828.92
"1994-04-12 05:00:00",829.32
"1994-04-13 05:00:00",828.81
"1994-04-14 05:00:00",827.96
"1994-04-15 05:00:00",827.44
"1994-04-16 05:00:00",827.93
"1994-04-17 05:00:00",827.93
"1994-04-18 05:00:00",827.93
"1994-04-19 05:00:00",829.47
"1994-04-20 05:00:00",831.24
"1994-04-21 05:00:00",834.3
"1994-04-22 05:00:00",838.25
"1994-04-23 05:00:00",836.96
"1994-04-24 05:00:00",836.96
"1994-04-25 05:00:00",836.96
"1994-04-26 05:00:00",835.4
"1994-04-27 05:00:00",837.31
"1994-04-28 05:00:00",838.28
"1994-04-29 05:00:00",837.27
"1994-04-30 05:00:00",836.86
"1994-05-01 05:00:00",836.86
"1994-05-02 05:00:00",836.86
"1994-05-03 05:00:00",838.04
"1994-05-04 05:00:00",839.14
"1994-05-05 05:00:00",841
"1994-05-06 05:00:00",841.25
"1994-05-07 05:00:00",841.7
"1994-05-08 05:00:00",841.7
"1994-05-09 05:00:00",841.7
"1994-05-10 05:00:00",841.27
"1994-05-11 05:00:00",841.33
"1994-05-12 05:00:00",841.92
"1994-05-13 05:00:00",843.24
"1994-05-14 05:00:00",842.23
"1994-05-15 05:00:00",842.23
"1994-05-16 05:00:00",842.23
"1994-05-17 05:00:00",842.23
"1994-05-18 05:00:00",842.21
"1994-05-19 05:00:00",842.83
"1994-05-20 05:00:00",842.64
"1994-05-21 05:00:00",842.33
"1994-05-22 05:00:00",842.33
"1994-05-23 05:00:00",842.33
"1994-05-24 05:00:00",842.92
"1994-05-25 05:00:00",843.08
"1994-05-26 05:00:00",842.22
"1994-05-27 05:00:00",841.86
"1994-05-28 05:00:00",840.93
"1994-05-29 05:00:00",840.93
"1994-05-30 05:00:00",840.93
"1994-05-31 05:00:00",841.12
"1994-06-01 05:00:00",841.93
"1994-06-02 05:00:00",842
"1994-06-03 05:00:00",841.44
"1994-06-04 05:00:00",840.37
"1994-06-05 05:00:00",840.37
"1994-06-06 05:00:00",840.37
"1994-06-07 05:00:00",840.37
"1994-06-08 05:00:00",839.56
"1994-06-09 05:00:00",838.03
"1994-06-10 05:00:00",834.96
"1994-06-11 05:00:00",833.19
"1994-06-12 05:00:00",833.19
"1994-06-13 05:00:00",833.19
"1994-06-14 05:00:00",833.19
"1994-06-15 05:00:00",833.16
"1994-06-16 05:00:00",833.35
"1994-06-17 05:00:00",831.28
"1994-06-18 05:00:00",826.61
"1994-06-19 05:00:00",826.61
"1994-06-20 05:00:00",826.61
"1994-06-21 05:00:00",828.94
"1994-06-22 05:00:00",826.9
"1994-06-23 05:00:00",824.76
"1994-06-24 05:00:00",822.87
"1994-06-25 05:00:00",821
"1994-06-26 05:00:00",821
"1994-06-27 05:00:00",821
"1994-06-28 05:00:00",820.13
"1994-06-29 05:00:00",818.73
"1994-06-30 05:00:00",819.64
"1994-07-01 05:00:00",818.05
"1994-07-02 05:00:00",817.92
"1994-07-03 05:00:00",817.92
"1994-07-04 05:00:00",817.92
"1994-07-05 05:00:00",817.92
"1994-07-06 05:00:00",818.45
"1994-07-07 05:00:00",820.42
"1994-07-08 05:00:00",820.24
"1994-07-09 05:00:00",822.34
"1994-07-10 05:00:00",822.34
"1994-07-11 05:00:00",822.34
"1994-07-12 05:00:00",822.14
"1994-07-13 05:00:00",823.12
"1994-07-14 05:00:00",822.79
"1994-07-15 05:00:00",822.28
"1994-07-16 05:00:00",821.04
"1994-07-17 05:00:00",821.04
"1994-07-18 05:00:00",821.04
"1994-07-19 05:00:00",818.44
"1994-07-20 05:00:00",817.49
"1994-07-21 05:00:00",817.49
"1994-07-22 05:00:00",817.18
"1994-07-23 05:00:00",816.68
"1994-07-24 05:00:00",816.68
"1994-07-25 05:00:00",816.68
"1994-07-26 05:00:00",816.34
"1994-07-27 05:00:00",815.75
"1994-07-28 05:00:00",815.8
"1994-07-29 05:00:00",815.62
"1994-07-30 05:00:00",815.62
"1994-07-31 05:00:00",815.62
"1994-08-01 05:00:00",815.62
"1994-08-02 05:00:00",815.89
"1994-08-03 05:00:00",814.53
"1994-08-04 05:00:00",812.69
"1994-08-05 05:00:00",812.57
"1994-08-06 05:00:00",811.91
"1994-08-07 05:00:00",811.91
"1994-08-08 05:00:00",811.91
"1994-08-09 05:00:00",812.39
"1994-08-10 05:00:00",813.64
"1994-08-11 05:00:00",815.4
"1994-08-12 05:00:00",815.84
"1994-08-13 05:00:00",814.94
"1994-08-14 05:00:00",814.94
"1994-08-15 05:00:00",814.94
"1994-08-16 05:00:00",814.94
"1994-08-17 05:00:00",814.4
"1994-08-18 05:00:00",813.93
"1994-08-19 05:00:00",813.88
"1994-08-20 05:00:00",813.76
"1994-08-21 05:00:00",813.76
"1994-08-22 05:00:00",813.76
"1994-08-23 05:00:00",815.2
"1994-08-24 05:00:00",816.58
"1994-08-25 05:00:00",816.77
"1994-08-26 05:00:00",817.4
"1994-08-27 05:00:00",816.29
"1994-08-28 05:00:00",816.29
"1994-08-29 05:00:00",816.29
"1994-08-30 05:00:00",816.18
"1994-08-31 05:00:00",816.3
"1994-09-01 05:00:00",816.08
"1994-09-02 05:00:00",817.64
"1994-09-03 05:00:00",818.81
"1994-09-04 05:00:00",818.81
"1994-09-05 05:00:00",818.81
"1994-09-06 05:00:00",817.8
"1994-09-07 05:00:00",818.21
"1994-09-08 05:00:00",819.24
"1994-09-09 05:00:00",820.02
"1994-09-10 05:00:00",820.26
"1994-09-11 05:00:00",820.26
"1994-09-12 05:00:00",820.26
"1994-09-13 05:00:00",821.62
"1994-09-14 05:00:00",824.34
"1994-09-15 05:00:00",827.86
"1994-09-16 05:00:00",833.1
"1994-09-17 05:00:00",837.21
"1994-09-18 05:00:00",837.21
"1994-09-19 05:00:00",837.21
"1994-09-20 05:00:00",838.63
"1994-09-21 05:00:00",841.82
"1994-09-22 05:00:00",842.7
"1994-09-23 05:00:00",841.53
"1994-09-24 05:00:00",839.46
"1994-09-25 05:00:00",839.46
"1994-09-26 05:00:00",839.46
"1994-09-27 05:00:00",840.23
"1994-09-28 05:00:00",841.51
"1994-09-29 05:00:00",841.32
"1994-09-30 05:00:00",842
"1994-10-01 05:00:00",843
"1994-10-02 05:00:00",843
"1994-10-03 05:00:00",843
"1994-10-04 05:00:00",843.65
"1994-10-05 05:00:00",844.4
"1994-10-06 05:00:00",842.54
"1994-10-07 05:00:00",840.06
"1994-10-08 05:00:00",836.8
"1994-10-09 05:00:00",836.8
"1994-10-10 05:00:00",836.8
"1994-10-11 05:00:00",835.59
"1994-10-12 05:00:00",835.38
"1994-10-13 05:00:00",836.4
"1994-10-14 05:00:00",836.01
"1994-10-15 05:00:00",834.83
"1994-10-16 05:00:00",834.83
"1994-10-17 05:00:00",834.83
"1994-10-18 05:00:00",834.83
"1994-10-19 05:00:00",835.33
"1994-10-20 05:00:00",836.72
"1994-10-21 05:00:00",838.32
"1994-10-22 05:00:00",841.41
"1994-10-23 05:00:00",841.41
"1994-10-24 05:00:00",841.41
"1994-10-25 05:00:00",842.6
"1994-10-26 05:00:00",843.48
"1994-10-27 05:00:00",841.32
"1994-10-28 05:00:00",840.05
"1994-10-29 05:00:00",838.55
"1994-10-30 05:00:00",838.55
"1994-10-31 05:00:00",838.55
"1994-11-01 05:00:00",837.62
"1994-11-02 05:00:00",837.79
"1994-11-03 05:00:00",836.18
"1994-11-04 05:00:00",833.19
"1994-11-05 05:00:00",831.25
"1994-11-06 05:00:00",831.25
"1994-11-07 05:00:00",831.25
"1994-11-08 05:00:00",831.25
"1994-11-09 05:00:00",829.09
"1994-11-10 05:00:00",826.84
"1994-11-11 05:00:00",825.17
"1994-11-12 05:00:00",825.87
"1994-11-13 05:00:00",825.87
"1994-11-14 05:00:00",825.87
"1994-11-15 05:00:00",825.87
"1994-11-16 05:00:00",826.45
"1994-11-17 05:00:00",828.74
"1994-11-18 05:00:00",830.49
"1994-11-19 05:00:00",828.46
"1994-11-20 05:00:00",828.46
"1994-11-21 05:00:00",828.46
"1994-11-22 05:00:00",829.08
"1994-11-23 05:00:00",830.74
"1994-11-24 05:00:00",828.67
"1994-11-25 05:00:00",828.76
"1994-11-26 05:00:00",828.42
"1994-11-27 05:00:00",828.42
"1994-11-28 05:00:00",828.42
"1994-11-29 05:00:00",828.66
"1994-11-30 05:00:00",829.03
"1994-12-01 05:00:00",829.29
"1994-12-02 05:00:00",829.56
"1994-12-03 05:00:00",830
"1994-12-04 05:00:00",830
"1994-12-05 05:00:00",830
"1994-12-06 05:00:00",830.37
"1994-12-07 05:00:00",830.85
"1994-12-08 05:00:00",831.1
"1994-12-09 05:00:00",831.1
"1994-12-10 05:00:00",831.49
"1994-12-11 05:00:00",831.49
"1994-12-12 05:00:00",831.49
"1994-12-13 05:00:00",831.91
"1994-12-14 05:00:00",824.68
"1994-12-15 05:00:00",825
"1994-12-16 05:00:00",827.6
"1994-12-17 05:00:00",829.72
"1994-12-18 05:00:00",829.72
"1994-12-19 05:00:00",829.72
"1994-12-20 05:00:00",831.06
"1994-12-21 05:00:00",830.16
"1994-12-22 05:00:00",827.95
"1994-12-23 05:00:00",827.7
"1994-12-24 05:00:00",826.47
"1994-12-25 05:00:00",826.47
"1994-12-26 05:00:00",826.47
"1994-12-27 05:00:00",827.33
"1994-12-28 05:00:00",829.95
"1994-12-29 05:00:00",831.6
"1994-12-30 05:00:00",831.27
"1994-12-31 05:00:00",831.27
"1995-01-01 05:00:00",831.27
"1995-01-02 05:00:00",831.27
"1995-01-03 05:00:00",833.18
"1995-01-04 05:00:00",835.38
"1995-01-05 05:00:00",838.33
"1995-01-06 05:00:00",838.87
"1995-01-07 05:00:00",837.07
"1995-01-08 05:00:00",837.07
"1995-01-09 05:00:00",837.07
"1995-01-10 05:00:00",837.07
"1995-01-11 05:00:00",840.36
"1995-01-12 05:00:00",843.69
"1995-01-13 05:00:00",841.52
"1995-01-14 05:00:00",843.7
"1995-01-15 05:00:00",843.7
"1995-01-16 05:00:00",843.7
"1995-01-17 05:00:00",846.61
"1995-01-18 05:00:00",847.61
"1995-01-19 05:00:00",850.26
"1995-01-20 05:00:00",852.68
"1995-01-21 05:00:00",855.54
"1995-01-22 05:00:00",855.54
"1995-01-23 05:00:00",855.54
"1995-01-24 05:00:00",855.49
"1995-01-25 05:00:00",856.65
"1995-01-26 05:00:00",857.56
"1995-01-27 05:00:00",859.3
"1995-01-28 05:00:00",857.83
"1995-01-29 05:00:00",857.83
"1995-01-30 05:00:00",857.83
"1995-01-31 05:00:00",856.41
"1995-02-01 05:00:00",857.16
"1995-02-02 05:00:00",855.76
"1995-02-03 05:00:00",852.22
"1995-02-04 05:00:00",848.82
"1995-02-05 05:00:00",848.82
"1995-02-06 05:00:00",848.82
"1995-02-07 05:00:00",848.27
"1995-02-08 05:00:00",848.43
"1995-02-09 05:00:00",847.04
"1995-02-10 05:00:00",845.73
"1995-02-11 05:00:00",845.37
"1995-02-12 05:00:00",845.37
"1995-02-13 05:00:00",845.37
"1995-02-14 05:00:00",846.2
"1995-02-15 05:00:00",848.15
"1995-02-16 05:00:00",848.52
"1995-02-17 05:00:00",848.9
"1995-02-18 05:00:00",849.41
"1995-02-19 05:00:00",849.41
"1995-02-20 05:00:00",849.41
"1995-02-21 05:00:00",851.88
"1995-02-22 05:00:00",853.63
"1995-02-23 05:00:00",855.32
"1995-02-24 05:00:00",855.48
"1995-02-25 05:00:00",854.71
"1995-02-26 05:00:00",854.71
"1995-02-27 05:00:00",854.71
"1995-02-28 05:00:00",856.99
"1995-03-01 05:00:00",857.85
"1995-03-02 05:00:00",858.87
"1995-03-03 05:00:00",861.33
"1995-03-04 05:00:00",859.65
"1995-03-05 05:00:00",859.65
"1995-03-06 05:00:00",859.65
"1995-03-07 05:00:00",858.95
"1995-03-08 05:00:00",861.13
"1995-03-09 05:00:00",862.41
"1995-03-10 05:00:00",863.06
"1995-03-11 05:00:00",865.36
"1995-03-12 05:00:00",865.36
"1995-03-13 05:00:00",865.36
"1995-03-14 05:00:00",865.92
"1995-03-15 05:00:00",866.96
"1995-03-16 05:00:00",866.4
"1995-03-17 05:00:00",865.63
"1995-03-18 05:00:00",863.77
"1995-03-19 05:00:00",863.77
"1995-03-20 05:00:00",863.77
"1995-03-21 05:00:00",863.77
"1995-03-22 05:00:00",865.89
"1995-03-23 05:00:00",867.81
"1995-03-24 05:00:00",868.95
"1995-03-25 05:00:00",869.22
"1995-03-26 05:00:00",869.22
"1995-03-27 05:00:00",869.22
"1995-03-28 05:00:00",870.14
"1995-03-29 05:00:00",872.57
"1995-03-30 05:00:00",876.21
"1995-03-31 05:00:00",880.23
"1995-04-01 05:00:00",878.18
"1995-04-02 05:00:00",878.18
"1995-04-03 05:00:00",878.18
"1995-04-04 05:00:00",876
"1995-04-05 05:00:00",874.3
"1995-04-06 05:00:00",871.6
"1995-04-07 05:00:00",868.96
"1995-04-08 05:00:00",869.15
"1995-04-09 05:00:00",869.15
"1995-04-10 05:00:00",869.15
"1995-04-11 05:00:00",866.78
"1995-04-12 05:00:00",868.8
"1995-04-13 05:00:00",866.25
"1995-04-14 05:00:00",866.25
"1995-04-15 05:00:00",866.25
"1995-04-16 05:00:00",866.25
"1995-04-17 05:00:00",866.25
"1995-04-18 05:00:00",871.87
"1995-04-19 05:00:00",874.37
"1995-04-20 05:00:00",874.35
"1995-04-21 05:00:00",877.38
"1995-04-22 05:00:00",876.55
"1995-04-23 05:00:00",876.55
"1995-04-24 05:00:00",876.55
"1995-04-25 05:00:00",878.2
"1995-04-26 05:00:00",876.32
"1995-04-27 05:00:00",875.78
"1995-04-28 05:00:00",876.21
"1995-04-29 05:00:00",877.9
"1995-04-30 05:00:00",877.9
"1995-05-01 05:00:00",877.9
"1995-05-02 05:00:00",877.9
"1995-05-03 05:00:00",880.63
"1995-05-04 05:00:00",882.97
"1995-05-05 05:00:00",882.24
"1995-05-06 05:00:00",881.07
"1995-05-07 05:00:00",881.07
"1995-05-08 05:00:00",881.07
"1995-05-09 05:00:00",881.33
"1995-05-10 05:00:00",878.87
"1995-05-11 05:00:00",880.25
"1995-05-12 05:00:00",881.07
"1995-05-13 05:00:00",879.35
"1995-05-14 05:00:00",879.35
"1995-05-15 05:00:00",879.35
"1995-05-16 05:00:00",877.45
"1995-05-17 05:00:00",875.17
"1995-05-18 05:00:00",874.74
"1995-05-19 05:00:00",875.75
"1995-05-20 05:00:00",873.52
"1995-05-21 05:00:00",873.52
"1995-05-22 05:00:00",873.52
"1995-05-23 05:00:00",871.11
"1995-05-24 05:00:00",869.95
"1995-05-25 05:00:00",870.55
"1995-05-26 05:00:00",872.96
"1995-05-27 05:00:00",872.66
"1995-05-28 05:00:00",872.66
"1995-05-29 05:00:00",872.66
"1995-05-30 05:00:00",872.66
"1995-05-31 05:00:00",876.36
"1995-06-01 05:00:00",876.62
"1995-06-02 05:00:00",877.22
"1995-06-03 05:00:00",875.99
"1995-06-04 05:00:00",875.99
"1995-06-05 05:00:00",875.99
"1995-06-06 05:00:00",874.81
"1995-06-07 05:00:00",873.06
"1995-06-08 05:00:00",871.02
"1995-06-09 05:00:00",871.93
"1995-06-10 05:00:00",871.94
"1995-06-11 05:00:00",871.94
"1995-06-12 05:00:00",871.94
"1995-06-13 05:00:00",873.74
"1995-06-14 05:00:00",875.28
"1995-06-15 05:00:00",873.78
"1995-06-16 05:00:00",872.54
"1995-06-17 05:00:00",873.91
"1995-06-18 05:00:00",873.91
"1995-06-19 05:00:00",873.91
"1995-06-20 05:00:00",873.91
"1995-06-21 05:00:00",875.59
"1995-06-22 05:00:00",875.32
"1995-06-23 05:00:00",874.81
"1995-06-24 05:00:00",873.64
"1995-06-25 05:00:00",873.64
"1995-06-26 05:00:00",873.64
"1995-06-27 05:00:00",873.64
"1995-06-28 05:00:00",875.95
"1995-06-29 05:00:00",878.8
"1995-06-30 05:00:00",881.23
"1995-07-01 05:00:00",880.49
"1995-07-02 05:00:00",880.49
"1995-07-03 05:00:00",880.49
"1995-07-04 05:00:00",880.49
"1995-07-05 05:00:00",883.81
"1995-07-06 05:00:00",887.3
"1995-07-07 05:00:00",891.28
"1995-07-08 05:00:00",891.44
"1995-07-09 05:00:00",891.44
"1995-07-10 05:00:00",891.44
"1995-07-11 05:00:00",897.12
"1995-07-12 05:00:00",897.51
"1995-07-13 05:00:00",895.84
"1995-07-14 05:00:00",892.82
"1995-07-15 05:00:00",893.36
"1995-07-16 05:00:00",893.36
"1995-07-17 05:00:00",893.36
"1995-07-18 05:00:00",891.76
"1995-07-19 05:00:00",894.03
"1995-07-20 05:00:00",894.5
"1995-07-21 05:00:00",894.5
"1995-07-22 05:00:00",894.98
"1995-07-23 05:00:00",894.98
"1995-07-24 05:00:00",894.98
"1995-07-25 05:00:00",896.68
"1995-07-26 05:00:00",897.32
"1995-07-27 05:00:00",897.77
"1995-07-28 05:00:00",895.56
"1995-07-29 05:00:00",897.63
"1995-07-30 05:00:00",897.63
"1995-07-31 05:00:00",897.63
"1995-08-01 05:00:00",898.35
"1995-08-02 05:00:00",900.78
"1995-08-03 05:00:00",905.53
"1995-08-04 05:00:00",917.53
"1995-08-05 05:00:00",916.14
"1995-08-06 05:00:00",916.14
"1995-08-07 05:00:00",916.14
"1995-08-08 05:00:00",916.14
"1995-08-09 05:00:00",920.1
"1995-08-10 05:00:00",919.32
"1995-08-11 05:00:00",917.13
"1995-08-12 05:00:00",919.13
"1995-08-13 05:00:00",919.13
"1995-08-14 05:00:00",919.13
"1995-08-15 05:00:00",922.21
"1995-08-16 05:00:00",928.25
"1995-08-17 05:00:00",944.55
"1995-08-18 05:00:00",947.22
"1995-08-19 05:00:00",946.83
"1995-08-20 05:00:00",946.83
"1995-08-21 05:00:00",946.83
"1995-08-22 05:00:00",946.83
"1995-08-23 05:00:00",949.51
"1995-08-24 05:00:00",955.12
"1995-08-25 05:00:00",962.6
"1995-08-26 05:00:00",970.65
"1995-08-27 05:00:00",970.65
"1995-08-28 05:00:00",970.65
"1995-08-29 05:00:00",972.03
"1995-08-30 05:00:00",963.93
"1995-08-31 05:00:00",960.19
"1995-09-01 05:00:00",949.35
"1995-09-02 05:00:00",948.23
"1995-09-03 05:00:00",948.23
"1995-09-04 05:00:00",948.23
"1995-09-05 05:00:00",957.54
"1995-09-06 05:00:00",958.46
"1995-09-07 05:00:00",953.63
"1995-09-08 05:00:00",954.64
"1995-09-09 05:00:00",958.31
"1995-09-10 05:00:00",958.31
"1995-09-11 05:00:00",958.31
"1995-09-12 05:00:00",958.59
"1995-09-13 05:00:00",959.18
"1995-09-14 05:00:00",959.15
"1995-09-15 05:00:00",960.25
"1995-09-16 05:00:00",960.91
"1995-09-17 05:00:00",960.91
"1995-09-18 05:00:00",960.91
"1995-09-19 05:00:00",962.5
"1995-09-20 05:00:00",970.08
"1995-09-21 05:00:00",974.88
"1995-09-22 05:00:00",974.23
"1995-09-23 05:00:00",975.9
"1995-09-24 05:00:00",975.9
"1995-09-25 05:00:00",975.9
"1995-09-26 05:00:00",977.35
"1995-09-27 05:00:00",980.54
"1995-09-28 05:00:00",981.09
"1995-09-29 05:00:00",972.8
"1995-09-30 05:00:00",966.78
"1995-10-01 05:00:00",966.78
"1995-10-02 05:00:00",966.78
"1995-10-03 05:00:00",971.22
"1995-10-04 05:00:00",976.76
"1995-10-05 05:00:00",972.75
"1995-10-06 05:00:00",972.93
"1995-10-07 05:00:00",979.16
"1995-10-08 05:00:00",979.16
"1995-10-09 05:00:00",979.16
"1995-10-10 05:00:00",982.84
"1995-10-11 05:00:00",981.45
"1995-10-12 05:00:00",981.26
"1995-10-13 05:00:00",984.88
"1995-10-14 05:00:00",987
"1995-10-15 05:00:00",987
"1995-10-16 05:00:00",987
"1995-10-17 05:00:00",987
"1995-10-18 05:00:00",990.52
"1995-10-19 05:00:00",991.22
"1995-10-20 05:00:00",991.52
"1995-10-21 05:00:00",988.96
"1995-10-22 05:00:00",988.96
"1995-10-23 05:00:00",988.96
"1995-10-24 05:00:00",991.98
"1995-10-25 05:00:00",993.68
"1995-10-26 05:00:00",994.77
"1995-10-27 05:00:00",995.01
"1995-10-28 05:00:00",994.99
"1995-10-29 05:00:00",994.99
"1995-10-30 05:00:00",994.99
"1995-10-31 05:00:00",994.5
"1995-11-01 05:00:00",996.76
"1995-11-02 05:00:00",996.96
"1995-11-03 05:00:00",998.18
"1995-11-04 05:00:00",998.49
"1995-11-05 05:00:00",998.49
"1995-11-06 05:00:00",998.49
"1995-11-07 05:00:00",998.49
"1995-11-08 05:00:00",999.51
"1995-11-09 05:00:00",999.73
"1995-11-10 05:00:00",1000.13
"1995-11-11 05:00:00",999.77
"1995-11-12 05:00:00",999.77
"1995-11-13 05:00:00",999.77
"1995-11-14 05:00:00",999.77
"1995-11-15 05:00:00",1001.14
"1995-11-16 05:00:00",1001.62
"1995-11-17 05:00:00",1002.25
"1995-11-18 05:00:00",1002.63
"1995-11-19 05:00:00",1002.63
"1995-11-20 05:00:00",1002.63
"1995-11-21 05:00:00",1003.44
"1995-11-22 05:00:00",1003.47
"1995-11-23 05:00:00",1002.49
"1995-11-24 05:00:00",1001.23
"1995-11-25 05:00:00",1000.69
"1995-11-26 05:00:00",1000.69
"1995-11-27 05:00:00",1000.69
"1995-11-28 05:00:00",1003.24
"1995-11-29 05:00:00",1001.73
"1995-11-30 05:00:00",998.16
"1995-12-01 05:00:00",998.15
"1995-12-02 05:00:00",997.87
"1995-12-03 05:00:00",997.87
"1995-12-04 05:00:00",997.87
"1995-12-05 05:00:00",995.93
"1995-12-06 05:00:00",990.16
"1995-12-07 05:00:00",983.29
"1995-12-08 05:00:00",974.04
"1995-12-09 05:00:00",974.04
"1995-12-10 05:00:00",974.04
"1995-12-11 05:00:00",974.04
"1995-12-12 05:00:00",979.87
"1995-12-13 05:00:00",986.17
"1995-12-14 05:00:00",994.57
"1995-12-15 05:00:00",992.88
"1995-12-16 05:00:00",988.94
"1995-12-17 05:00:00",988.94
"1995-12-18 05:00:00",988.94
"1995-12-19 05:00:00",986.71
"1995-12-20 05:00:00",987.22
"1995-12-21 05:00:00",985.39
"1995-12-22 05:00:00",984.06
"1995-12-23 05:00:00",984.96
"1995-12-24 05:00:00",984.96
"1995-12-25 05:00:00",984.96
"1995-12-26 05:00:00",984.96
"1995-12-27 05:00:00",990.1
"1995-12-28 05:00:00",986.96
"1995-12-29 05:00:00",987.65
"1995-12-30 05:00:00",987.65
"1995-12-31 05:00:00",987.65
"1996-01-01 05:00:00",987.65
"1996-01-02 05:00:00",987.65
"1996-01-03 05:00:00",994.31
"1996-01-04 05:00:00",994.5
"1996-01-05 05:00:00",998.68
"1996-01-06 05:00:00",997.06
"1996-01-07 05:00:00",997.06
"1996-01-08 05:00:00",997.06
"1996-01-09 05:00:00",997.06
"1996-01-10 05:00:00",1003.44
"1996-01-11 05:00:00",1003.86
"1996-01-12 05:00:00",1002.59
"1996-01-13 05:00:00",1005.63
"1996-01-14 05:00:00",1005.63
"1996-01-15 05:00:00",1005.63
"1996-01-16 05:00:00",1011.59
"1996-01-17 05:00:00",1011.72
"1996-01-18 05:00:00",1010.34
"1996-01-19 05:00:00",1015.1
"1996-01-20 05:00:00",1018.99
"1996-01-21 05:00:00",1018.99
"1996-01-22 05:00:00",1018.99
"1996-01-23 05:00:00",1019.17
"1996-01-24 05:00:00",1024.89
"1996-01-25 05:00:00",1026.08
"1996-01-26 05:00:00",1026.78
"1996-01-27 05:00:00",1026.89
"1996-01-28 05:00:00",1026.89
"1996-01-29 05:00:00",1026.89
"1996-01-30 05:00:00",1027.61
"1996-01-31 05:00:00",1028.14
"1996-02-01 05:00:00",1026.3
"1996-02-02 05:00:00",1024.89
"1996-02-03 05:00:00",1021.29
"1996-02-04 05:00:00",1021.29
"1996-02-05 05:00:00",1021.29
"1996-02-06 05:00:00",1022.93
"1996-02-07 05:00:00",1021.3
"1996-02-08 05:00:00",1022.28
"1996-02-09 05:00:00",1024.17
"1996-02-10 05:00:00",1023.07
"1996-02-11 05:00:00",1023.07
"1996-02-12 05:00:00",1023.07
"1996-02-13 05:00:00",1027.54
"1996-02-14 05:00:00",1028.58
"1996-02-15 05:00:00",1027.57
"1996-02-16 05:00:00",1030.67
"1996-02-17 05:00:00",1029.5
"1996-02-18 05:00:00",1029.5
"1996-02-19 05:00:00",1029.5
"1996-02-20 05:00:00",1033.41
"1996-02-21 05:00:00",1034.34
"1996-02-22 05:00:00",1035.43
"1996-02-23 05:00:00",1035.04
"1996-02-24 05:00:00",1036.71
"1996-02-25 05:00:00",1036.71
"1996-02-26 05:00:00",1036.71
"1996-02-27 05:00:00",1038.49
"1996-02-28 05:00:00",1039.06
"1996-02-29 05:00:00",1039.81
"1996-03-01 05:00:00",1039.9
"1996-03-02 05:00:00",1040.7
"1996-03-03 05:00:00",1040.7
"1996-03-04 05:00:00",1040.7
"1996-03-05 05:00:00",1041.28
"1996-03-06 05:00:00",1041.83
"1996-03-07 05:00:00",1042.03
"1996-03-08 05:00:00",1042.61
"1996-03-09 05:00:00",1042.42
"1996-03-10 05:00:00",1042.42
"1996-03-11 05:00:00",1042.42
"1996-03-12 05:00:00",1043.5
"1996-03-13 05:00:00",1044.07
"1996-03-14 05:00:00",1044.99
"1996-03-15 05:00:00",1045.44
"1996-03-16 05:00:00",1046.09
"1996-03-17 05:00:00",1046.09
"1996-03-18 05:00:00",1046.09
"1996-03-19 05:00:00",1046.76
"1996-03-20 05:00:00",1047.24
"1996-03-21 05:00:00",1047.65
"1996-03-22 05:00:00",1048.4
"1996-03-23 05:00:00",1048
"1996-03-24 05:00:00",1048
"1996-03-25 05:00:00",1048
"1996-03-26 05:00:00",1048
"1996-03-27 05:00:00",1049.08
"1996-03-28 05:00:00",1049.22
"1996-03-29 05:00:00",1048.42
"1996-03-30 05:00:00",1046
"1996-03-31 05:00:00",1046
"1996-04-01 05:00:00",1046
"1996-04-02 05:00:00",1042.2
"1996-04-03 05:00:00",1045.23
"1996-04-04 05:00:00",1046.92
"1996-04-05 05:00:00",1046.92
"1996-04-06 05:00:00",1046.92
"1996-04-07 05:00:00",1046.92
"1996-04-08 05:00:00",1046.92
"1996-04-09 05:00:00",1050.12
"1996-04-10 05:00:00",1047.35
"1996-04-11 05:00:00",1046.55
"1996-04-12 05:00:00",1047.48
"1996-04-13 05:00:00",1048.89
"1996-04-14 05:00:00",1048.89
"1996-04-15 05:00:00",1048.89
"1996-04-16 05:00:00",1050.73
"1996-04-17 05:00:00",1054.41
"1996-04-18 05:00:00",1054.03
"1996-04-19 05:00:00",1052.9
"1996-04-20 05:00:00",1053.59
"1996-04-21 05:00:00",1053.59
"1996-04-22 05:00:00",1053.59
"1996-04-23 05:00:00",1054.43
"1996-04-24 05:00:00",1055.31
"1996-04-25 05:00:00",1054.53
"1996-04-26 05:00:00",1054.29
"1996-04-27 05:00:00",1054.8
"1996-04-28 05:00:00",1054.8
"1996-04-29 05:00:00",1054.8
"1996-04-30 05:00:00",1058.9
"1996-05-01 05:00:00",1061.55
"1996-05-02 05:00:00",1061.55
"1996-05-03 05:00:00",1062.56
"1996-05-04 05:00:00",1062.4
"1996-05-05 05:00:00",1062.4
"1996-05-06 05:00:00",1062.4
"1996-05-07 05:00:00",1063.41
"1996-05-08 05:00:00",1063.53
"1996-05-09 05:00:00",1061.63
"1996-05-10 05:00:00",1061.1
"1996-05-11 05:00:00",1062.08
"1996-05-12 05:00:00",1062.08
"1996-05-13 05:00:00",1062.08
"1996-05-14 05:00:00",1065.78
"1996-05-15 05:00:00",1066.24
"1996-05-16 05:00:00",1066.61
"1996-05-17 05:00:00",1065.88
"1996-05-18 05:00:00",1066.47
"1996-05-19 05:00:00",1066.47
"1996-05-20 05:00:00",1066.47
"1996-05-21 05:00:00",1066.47
"1996-05-22 05:00:00",1068.18
"1996-05-23 05:00:00",1068.91
"1996-05-24 05:00:00",1069.47
"1996-05-25 05:00:00",1068.94
"1996-05-26 05:00:00",1068.94
"1996-05-27 05:00:00",1068.94
"1996-05-28 05:00:00",1069.8
"1996-05-29 05:00:00",1071.19
"1996-05-30 05:00:00",1072.24
"1996-05-31 05:00:00",1073.06
"1996-06-01 05:00:00",1072.59
"1996-06-02 05:00:00",1072.59
"1996-06-03 05:00:00",1072.59
"1996-06-04 05:00:00",1074.7
"1996-06-05 05:00:00",1074.72
"1996-06-06 05:00:00",1074.27
"1996-06-07 05:00:00",1072.95
"1996-06-08 05:00:00",1073.06
"1996-06-09 05:00:00",1073.06
"1996-06-10 05:00:00",1073.06
"1996-06-11 05:00:00",1073.06
"1996-06-12 05:00:00",1073.65
"1996-06-13 05:00:00",1070.8
"1996-06-14 05:00:00",1072.34
"1996-06-15 05:00:00",1071.35
"1996-06-16 05:00:00",1071.35
"1996-06-17 05:00:00",1071.35
"1996-06-18 05:00:00",1071.35
"1996-06-19 05:00:00",1072.74
"1996-06-20 05:00:00",1070.94
"1996-06-21 05:00:00",1070.86
"1996-06-22 05:00:00",1068.2
"1996-06-23 05:00:00",1068.2
"1996-06-24 05:00:00",1068.2
"1996-06-25 05:00:00",1070.25
"1996-06-26 05:00:00",1069.81
"1996-06-27 05:00:00",1072.37
"1996-06-28 05:00:00",1069.73
"1996-06-29 05:00:00",1069.11
"1996-06-30 05:00:00",1069.11
"1996-07-01 05:00:00",1069.11
"1996-07-02 05:00:00",1069.11
"1996-07-03 05:00:00",1070.55
"1996-07-04 05:00:00",1068.12
"1996-07-05 05:00:00",1068.3
"1996-07-06 05:00:00",1067.35
"1996-07-07 05:00:00",1067.35
"1996-07-08 05:00:00",1067.35
"1996-07-09 05:00:00",1068.17
"1996-07-10 05:00:00",1067.97
"1996-07-11 05:00:00",1065.65
"1996-07-12 05:00:00",1061.79
"1996-07-13 05:00:00",1061.99
"1996-07-14 05:00:00",1061.99
"1996-07-15 05:00:00",1061.99
"1996-07-16 05:00:00",1065.58
"1996-07-17 05:00:00",1064.82
"1996-07-18 05:00:00",1062.86
"1996-07-19 05:00:00",1058.92
"1996-07-20 05:00:00",1061.02
"1996-07-21 05:00:00",1061.02
"1996-07-22 05:00:00",1061.02
"1996-07-23 05:00:00",1063.53
"1996-07-24 05:00:00",1064.56
"1996-07-25 05:00:00",1061.46
"1996-07-26 05:00:00",1061.03
"1996-07-27 05:00:00",1061.48
"1996-07-28 05:00:00",1061.48
"1996-07-29 05:00:00",1061.48
"1996-07-30 05:00:00",1059.18
"1996-07-31 05:00:00",1056.74
"1996-08-01 05:00:00",1057.47
"1996-08-02 05:00:00",1054.87
"1996-08-03 05:00:00",1054.1
"1996-08-04 05:00:00",1054.1
"1996-08-05 05:00:00",1054.1
"1996-08-06 05:00:00",1051.61
"1996-08-07 05:00:00",1049.37
"1996-08-08 05:00:00",1049.37
"1996-08-09 05:00:00",1044.9
"1996-08-10 05:00:00",1040.68
"1996-08-11 05:00:00",1040.68
"1996-08-12 05:00:00",1040.68
"1996-08-13 05:00:00",1035.79
"1996-08-14 05:00:00",1029.46
"1996-08-15 05:00:00",1041.76
"1996-08-16 05:00:00",1051.82
"1996-08-17 05:00:00",1047.9
"1996-08-18 05:00:00",1047.9
"1996-08-19 05:00:00",1047.9
"1996-08-20 05:00:00",1047.9
"1996-08-21 05:00:00",1044.54
"1996-08-22 05:00:00",1037.43
"1996-08-23 05:00:00",1040.15
"1996-08-24 05:00:00",1037.1
"1996-08-25 05:00:00",1037.1
"1996-08-26 05:00:00",1037.1
"1996-08-27 05:00:00",1041.64
"1996-08-28 05:00:00",1044.54
"1996-08-29 05:00:00",1046.7
"1996-08-30 05:00:00",1045.02
"1996-08-31 05:00:00",1042.32
"1996-09-01 05:00:00",1042.32
"1996-09-02 05:00:00",1042.32
"1996-09-03 05:00:00",1044.38
"1996-09-04 05:00:00",1045.27
"1996-09-05 05:00:00",1044.09
"1996-09-06 05:00:00",1043.93
"1996-09-07 05:00:00",1045.87
"1996-09-08 05:00:00",1045.87
"1996-09-09 05:00:00",1045.87
"1996-09-10 05:00:00",1047.95
"1996-09-11 05:00:00",1051.64
"1996-09-12 05:00:00",1047.26
"1996-09-13 05:00:00",1047.66
"1996-09-14 05:00:00",1043.89
"1996-09-15 05:00:00",1043.89
"1996-09-16 05:00:00",1043.89
"1996-09-17 05:00:00",1042.8
"1996-09-18 05:00:00",1038.9
"1996-09-19 05:00:00",1035.94
"1996-09-20 05:00:00",1037.1
"1996-09-21 05:00:00",1037.11
"1996-09-22 05:00:00",1037.11
"1996-09-23 05:00:00",1037.11
"1996-09-24 05:00:00",1038.09
"1996-09-25 05:00:00",1040.36
"1996-09-26 05:00:00",1030.25
"1996-09-27 05:00:00",1027.68
"1996-09-28 05:00:00",1025.06
"1996-09-29 05:00:00",1025.06
"1996-09-30 05:00:00",1025.06
"1996-10-01 05:00:00",1027.08
"1996-10-02 05:00:00",1030.54
"1996-10-03 05:00:00",1019.17
"1996-10-04 05:00:00",1015.24
"1996-10-05 05:00:00",1014.99
"1996-10-06 05:00:00",1014.99
"1996-10-07 05:00:00",1014.99
"1996-10-08 05:00:00",1012.56
"1996-10-09 05:00:00",1010.32
"1996-10-10 05:00:00",1012.27
"1996-10-11 05:00:00",1013.12
"1996-10-12 05:00:00",1015.07
"1996-10-13 05:00:00",1015.07
"1996-10-14 05:00:00",1015.07
"1996-10-15 05:00:00",1015.07
"1996-10-16 05:00:00",1019.22
"1996-10-17 05:00:00",1018.5
"1996-10-18 05:00:00",1015.24
"1996-10-19 05:00:00",1016.87
"1996-10-20 05:00:00",1016.87
"1996-10-21 05:00:00",1016.87
"1996-10-22 05:00:00",1018.33
"1996-10-23 05:00:00",1018.04
"1996-10-24 05:00:00",1017.52
"1996-10-25 05:00:00",1015.49
"1996-10-26 05:00:00",1011.69
"1996-10-27 05:00:00",1011.69
"1996-10-28 05:00:00",1011.69
"1996-10-29 05:00:00",1012.43
"1996-10-30 05:00:00",1007.57
"1996-10-31 05:00:00",1005.83
"1996-11-01 05:00:00",1000.14
"1996-11-02 05:00:00",999.49
"1996-11-03 05:00:00",999.49
"1996-11-04 05:00:00",999.49
"1996-11-05 05:00:00",999.49
"1996-11-06 05:00:00",1006.36
"1996-11-07 05:00:00",1003.75
"1996-11-08 05:00:00",999.59
"1996-11-09 05:00:00",1001.24
"1996-11-10 05:00:00",1001.24
"1996-11-11 05:00:00",1001.24
"1996-11-12 05:00:00",1001.24
"1996-11-13 05:00:00",1000.22
"1996-11-14 05:00:00",997.38
"1996-11-15 05:00:00",1001.68
"1996-11-16 05:00:00",999.68
"1996-11-17 05:00:00",999.68
"1996-11-18 05:00:00",999.68
"1996-11-19 05:00:00",995.96
"1996-11-20 05:00:00",994.02
"1996-11-21 05:00:00",995.2
"1996-11-22 05:00:00",994.37
"1996-11-23 05:00:00",995.34
"1996-11-24 05:00:00",995.34
"1996-11-25 05:00:00",995.34
"1996-11-26 05:00:00",995.05
"1996-11-27 05:00:00",995.05
"1996-11-28 05:00:00",995.93
"1996-11-29 05:00:00",994.94
"1996-11-30 05:00:00",1002.28
"1996-12-01 05:00:00",1002.28
"1996-12-02 05:00:00",1002.28
"1996-12-03 05:00:00",1000.09
"1996-12-04 05:00:00",995.73
"1996-12-05 05:00:00",997.4
"1996-12-06 05:00:00",997.48
"1996-12-07 05:00:00",1001.82
"1996-12-08 05:00:00",1001.82
"1996-12-09 05:00:00",1001.82
"1996-12-10 05:00:00",997.99
"1996-12-11 05:00:00",998.17
"1996-12-12 05:00:00",998.31
"1996-12-13 05:00:00",999.47
"1996-12-14 05:00:00",1002.95
"1996-12-15 05:00:00",1002.95
"1996-12-16 05:00:00",1002.95
"1996-12-17 05:00:00",1001.58
"1996-12-18 05:00:00",1000.4
"1996-12-19 05:00:00",1001.18
"1996-12-20 05:00:00",1001.1
"1996-12-21 05:00:00",1003.15
"1996-12-22 05:00:00",1003.15
"1996-12-23 05:00:00",1003.15
"1996-12-24 05:00:00",1002.51
"1996-12-25 05:00:00",1002.51
"1996-12-26 05:00:00",1002.51
"1996-12-27 05:00:00",1003.49
"1996-12-28 05:00:00",1005.4
"1996-12-29 05:00:00",1005.4
"1996-12-30 05:00:00",1005.4
"1996-12-31 05:00:00",1005.33
"1997-01-01 05:00:00",1005.33
"1997-01-02 05:00:00",1005.33
"1997-01-03 05:00:00",1007.33
"1997-01-04 05:00:00",1016.81
"1997-01-05 05:00:00",1016.81
"1997-01-06 05:00:00",1016.81
"1997-01-07 05:00:00",1016.81
"1997-01-08 05:00:00",1022
"1997-01-09 05:00:00",1020.16
"1997-01-10 05:00:00",1013.68
"1997-01-11 05:00:00",1011.01
"1997-01-12 05:00:00",1011.01
"1997-01-13 05:00:00",1011.01
"1997-01-14 05:00:00",1015.53
"1997-01-15 05:00:00",1026.53
"1997-01-16 05:00:00",1023.47
"1997-01-17 05:00:00",1018.15
"1997-01-18 05:00:00",1020.9
"1997-01-19 05:00:00",1020.9
"1997-01-20 05:00:00",1020.9
"1997-01-21 05:00:00",1022.75
"1997-01-22 05:00:00",1023.67
"1997-01-23 05:00:00",1031.02
"1997-01-24 05:00:00",1031.51
"1997-01-25 05:00:00",1032.62
"1997-01-26 05:00:00",1032.62
"1997-01-27 05:00:00",1032.62
"1997-01-28 05:00:00",1040.07
"1997-01-29 05:00:00",1057
"1997-01-30 05:00:00",1057.82
"1997-01-31 05:00:00",1070.97
"1997-02-01 05:00:00",1064
"1997-02-02 05:00:00",1064
"1997-02-03 05:00:00",1064
"1997-02-04 05:00:00",1065.98
"1997-02-05 05:00:00",1076.25
"1997-02-06 05:00:00",1071.88
"1997-02-07 05:00:00",1070.08
"1997-02-08 05:00:00",1066.44
"1997-02-09 05:00:00",1066.44
"1997-02-10 05:00:00",1066.44
"1997-02-11 05:00:00",1074.25
"1997-02-12 05:00:00",1075.17
"1997-02-13 05:00:00",1075.51
"1997-02-14 05:00:00",1073.36
"1997-02-15 05:00:00",1075
"1997-02-16 05:00:00",1075
"1997-02-17 05:00:00",1075
"1997-02-18 05:00:00",1076.04
"1997-02-19 05:00:00",1075.11
"1997-02-20 05:00:00",1074.5
"1997-02-21 05:00:00",1074.1
"1997-02-22 05:00:00",1073.42
"1997-02-23 05:00:00",1073.42
"1997-02-24 05:00:00",1073.42
"1997-02-25 05:00:00",1078.23
"1997-02-26 05:00:00",1084.09
"1997-02-27 05:00:00",1080.93
"1997-02-28 05:00:00",1080.51
"1997-03-01 05:00:00",1077.07
"1997-03-02 05:00:00",1077.07
"1997-03-03 05:00:00",1077.07
"1997-03-04 05:00:00",1075.86
"1997-03-05 05:00:00",1067.77
"1997-03-06 05:00:00",1063.44
"1997-03-07 05:00:00",1057.58
"1997-03-08 05:00:00",1054.05
"1997-03-09 05:00:00",1054.05
"1997-03-10 05:00:00",1054.05
"1997-03-11 05:00:00",1056.92
"1997-03-12 05:00:00",1062.73
"1997-03-13 05:00:00",1063.33
"1997-03-14 05:00:00",1060.35
"1997-03-15 05:00:00",1060.86
"1997-03-16 05:00:00",1060.86
"1997-03-17 05:00:00",1060.86
"1997-03-18 05:00:00",1059.87
"1997-03-19 05:00:00",1058.61
"1997-03-20 05:00:00",1060.31
"1997-03-21 05:00:00",1060.66
"1997-03-22 05:00:00",1060.03
"1997-03-23 05:00:00",1060.03
"1997-03-24 05:00:00",1060.03
"1997-03-25 05:00:00",1060.03
"1997-03-26 05:00:00",1059.53
"1997-03-27 05:00:00",1059.88
"1997-03-28 05:00:00",1059.88
"1997-03-29 05:00:00",1059.88
"1997-03-30 05:00:00",1059.88
"1997-03-31 05:00:00",1059.88
"1997-04-01 05:00:00",1060.93
"1997-04-02 05:00:00",1061.98
"1997-04-03 05:00:00",1061.95
"1997-04-04 05:00:00",1062.46
"1997-04-05 05:00:00",1062.58
"1997-04-06 05:00:00",1062.58
"1997-04-07 05:00:00",1062.58
"1997-04-08 05:00:00",1063.3
"1997-04-09 05:00:00",1062.67
"1997-04-10 05:00:00",1062.78
"1997-04-11 05:00:00",1060.71
"1997-04-12 05:00:00",1058.76
"1997-04-13 05:00:00",1058.76
"1997-04-14 05:00:00",1058.76
"1997-04-15 05:00:00",1058.73
"1997-04-16 05:00:00",1058.97
"1997-04-17 05:00:00",1056.91
"1997-04-18 05:00:00",1054.35
"1997-04-19 05:00:00",1051.43
"1997-04-20 05:00:00",1051.43
"1997-04-21 05:00:00",1051.43
"1997-04-22 05:00:00",1054.94
"1997-04-23 05:00:00",1057.64
"1997-04-24 05:00:00",1065.48
"1997-04-25 05:00:00",1066.77
"1997-04-26 05:00:00",1063.83
"1997-04-27 05:00:00",1063.83
"1997-04-28 05:00:00",1063.83
"1997-04-29 05:00:00",1064
"1997-04-30 05:00:00",1063.11
"1997-05-01 05:00:00",1064.01
"1997-05-02 05:00:00",1064.01
"1997-05-03 05:00:00",1068.53
"1997-05-04 05:00:00",1068.53
"1997-05-05 05:00:00",1068.53
"1997-05-06 05:00:00",1076.39
"1997-05-07 05:00:00",1080.48
"1997-05-08 05:00:00",1075.05
"1997-05-09 05:00:00",1073.77
"1997-05-10 05:00:00",1076.93
"1997-05-11 05:00:00",1076.93
"1997-05-12 05:00:00",1076.93
"1997-05-13 05:00:00",1076.93
"1997-05-14 05:00:00",1077.36
"1997-05-15 05:00:00",1074.43
"1997-05-16 05:00:00",1074.52
"1997-05-17 05:00:00",1072.24
"1997-05-18 05:00:00",1072.24
"1997-05-19 05:00:00",1072.24
"1997-05-20 05:00:00",1073.54
"1997-05-21 05:00:00",1075.2
"1997-05-22 05:00:00",1080.44
"1997-05-23 05:00:00",1080.43
"1997-05-24 05:00:00",1076.69
"1997-05-25 05:00:00",1076.69
"1997-05-26 05:00:00",1076.69
"1997-05-27 05:00:00",1076.69
"1997-05-28 05:00:00",1076.24
"1997-05-29 05:00:00",1074.32
"1997-05-30 05:00:00",1076.4
"1997-05-31 05:00:00",1077.09
"1997-06-01 05:00:00",1077.09
"1997-06-02 05:00:00",1077.09
"1997-06-03 05:00:00",1077.09
"1997-06-04 05:00:00",1079.1
"1997-06-05 05:00:00",1077.19
"1997-06-06 05:00:00",1076.49
"1997-06-07 05:00:00",1076.18
"1997-06-08 05:00:00",1076.18
"1997-06-09 05:00:00",1076.18
"1997-06-10 05:00:00",1076.18
"1997-06-11 05:00:00",1078.64
"1997-06-12 05:00:00",1080.61
"1997-06-13 05:00:00",1080.46
"1997-06-14 05:00:00",1080.59
"1997-06-15 05:00:00",1080.59
"1997-06-16 05:00:00",1080.59
"1997-06-17 05:00:00",1082.43
"1997-06-18 05:00:00",1086
"1997-06-19 05:00:00",1084.38
"1997-06-20 05:00:00",1084.28
"1997-06-21 05:00:00",1086.36
"1997-06-22 05:00:00",1086.36
"1997-06-23 05:00:00",1086.36
"1997-06-24 05:00:00",1088.16
"1997-06-25 05:00:00",1086.47
"1997-06-26 05:00:00",1087.72
"1997-06-27 05:00:00",1090.58
"1997-06-28 05:00:00",1089.01
"1997-06-29 05:00:00",1089.01
"1997-06-30 05:00:00",1089.01
"1997-07-01 05:00:00",1089.01
"1997-07-02 05:00:00",1093.25
"1997-07-03 05:00:00",1098.72
"1997-07-04 05:00:00",1102.84
"1997-07-05 05:00:00",1101.57
"1997-07-06 05:00:00",1101.57
"1997-07-07 05:00:00",1101.57
"1997-07-08 05:00:00",1102.45
"1997-07-09 05:00:00",1101.18
"1997-07-10 05:00:00",1098.64
"1997-07-11 05:00:00",1097.88
"1997-07-12 05:00:00",1098.46
"1997-07-13 05:00:00",1098.46
"1997-07-14 05:00:00",1098.46
"1997-07-15 05:00:00",1099.56
"1997-07-16 05:00:00",1099.25
"1997-07-17 05:00:00",1100.83
"1997-07-18 05:00:00",1102.48
"1997-07-19 05:00:00",1105.33
"1997-07-20 05:00:00",1105.33
"1997-07-21 05:00:00",1105.33
"1997-07-22 05:00:00",1109.46
"1997-07-23 05:00:00",1110.32
"1997-07-24 05:00:00",1106.7
"1997-07-25 05:00:00",1106.64
"1997-07-26 05:00:00",1106.06
"1997-07-27 05:00:00",1106.06
"1997-07-28 05:00:00",1106.06
"1997-07-29 05:00:00",1108.16
"1997-07-30 05:00:00",1106.67
"1997-07-31 05:00:00",1109.65
"1997-08-01 05:00:00",1112.53
"1997-08-02 05:00:00",1113.43
"1997-08-03 05:00:00",1113.43
"1997-08-04 05:00:00",1113.43
"1997-08-05 05:00:00",1112.83
"1997-08-06 05:00:00",1115.43
"1997-08-07 05:00:00",1115.2
"1997-08-08 05:00:00",1115.2
"1997-08-09 05:00:00",1118.96
"1997-08-10 05:00:00",1118.96
"1997-08-11 05:00:00",1118.96
"1997-08-12 05:00:00",1119.38
"1997-08-13 05:00:00",1120.33
"1997-08-14 05:00:00",1125.62
"1997-08-15 05:00:00",1128.25
"1997-08-16 05:00:00",1129.05
"1997-08-17 05:00:00",1129.05
"1997-08-18 05:00:00",1129.05
"1997-08-19 05:00:00",1129.05
"1997-08-20 05:00:00",1137.54
"1997-08-21 05:00:00",1140.54
"1997-08-22 05:00:00",1149.19
"1997-08-23 05:00:00",1154.23
"1997-08-24 05:00:00",1154.23
"1997-08-25 05:00:00",1154.23
"1997-08-26 05:00:00",1145.52
"1997-08-27 05:00:00",1154.89
"1997-08-28 05:00:00",1161.15
"1997-08-29 05:00:00",1167.28
"1997-08-30 05:00:00",1172.28
"1997-08-31 05:00:00",1172.28
"1997-09-01 05:00:00",1172.28
"1997-09-02 05:00:00",1174.01
"1997-09-03 05:00:00",1169.38
"1997-09-04 05:00:00",1172.82
"1997-09-05 05:00:00",1180.94
"1997-09-06 05:00:00",1186.98
"1997-09-07 05:00:00",1186.98
"1997-09-08 05:00:00",1186.98
"1997-09-09 05:00:00",1204.09
"1997-09-10 05:00:00",1238.21
"1997-09-11 05:00:00",1250.03
"1997-09-12 05:00:00",1232.12
"1997-09-13 05:00:00",1228.01
"1997-09-14 05:00:00",1228.01
"1997-09-15 05:00:00",1228.01
"1997-09-16 05:00:00",1245.06
"1997-09-17 05:00:00",1243.58
"1997-09-18 05:00:00",1241.83
"1997-09-19 05:00:00",1236.31
"1997-09-20 05:00:00",1238.29
"1997-09-21 05:00:00",1238.29
"1997-09-22 05:00:00",1238.29
"1997-09-23 05:00:00",1242.45
"1997-09-24 05:00:00",1248.83
"1997-09-25 05:00:00",1251.88
"1997-09-26 05:00:00",1249.73
"1997-09-27 05:00:00",1241.72
"1997-09-28 05:00:00",1241.72
"1997-09-29 05:00:00",1241.72
"1997-09-30 05:00:00",1246.27
"1997-10-01 05:00:00",1244.63
"1997-10-02 05:00:00",1243.27
"1997-10-03 05:00:00",1242.16
"1997-10-04 05:00:00",1244.84
"1997-10-05 05:00:00",1244.84
"1997-10-06 05:00:00",1244.84
"1997-10-07 05:00:00",1250.95
"1997-10-08 05:00:00",1247.51
"1997-10-09 05:00:00",1252.74
"1997-10-10 05:00:00",1258.04
"1997-10-11 05:00:00",1265.38
"1997-10-12 05:00:00",1265.38
"1997-10-13 05:00:00",1265.38
"1997-10-14 05:00:00",1265.38
"1997-10-15 05:00:00",1272.77
"1997-10-16 05:00:00",1263.79
"1997-10-17 05:00:00",1268.87
"1997-10-18 05:00:00",1264.7
"1997-10-19 05:00:00",1264.7
"1997-10-20 05:00:00",1264.7
"1997-10-21 05:00:00",1264.6
"1997-10-22 05:00:00",1264.32
"1997-10-23 05:00:00",1267.87
"1997-10-24 05:00:00",1267.1
"1997-10-25 05:00:00",1272.02
"1997-10-26 05:00:00",1272.02
"1997-10-27 05:00:00",1272.02
"1997-10-28 05:00:00",1274.05
"1997-10-29 05:00:00",1289.84
"1997-10-30 05:00:00",1282.82
"1997-10-31 05:00:00",1281.2
"1997-11-01 05:00:00",1284.65
"1997-11-02 05:00:00",1284.65
"1997-11-03 05:00:00",1284.65
"1997-11-04 05:00:00",1284.65
"1997-11-05 05:00:00",1284.63
"1997-11-06 05:00:00",1281.18
"1997-11-07 05:00:00",1286.73
"1997-11-08 05:00:00",1291.35
"1997-11-09 05:00:00",1291.35
"1997-11-10 05:00:00",1291.35
"1997-11-11 05:00:00",1295.52
"1997-11-12 05:00:00",1294.51
"1997-11-13 05:00:00",1296.66
"1997-11-14 05:00:00",1297.87
"1997-11-15 05:00:00",1298.04
"1997-11-16 05:00:00",1298.04
"1997-11-17 05:00:00",1298.04
"1997-11-18 05:00:00",1298.04
"1997-11-19 05:00:00",1297.94
"1997-11-20 05:00:00",1296.62
"1997-11-21 05:00:00",1298.19
"1997-11-22 05:00:00",1296.3
"1997-11-23 05:00:00",1296.3
"1997-11-24 05:00:00",1296.3
"1997-11-25 05:00:00",1296.37
"1997-11-26 05:00:00",1299.19
"1997-11-27 05:00:00",1303.15
"1997-11-28 05:00:00",1303.1
"1997-11-29 05:00:00",1305.66
"1997-11-30 05:00:00",1305.66
"1997-12-01 05:00:00",1305.66
"1997-12-02 05:00:00",1307.54
"1997-12-03 05:00:00",1307.01
"1997-12-04 05:00:00",1299.43
"1997-12-05 05:00:00",1298.64
"1997-12-06 05:00:00",1300.55
"1997-12-07 05:00:00",1300.55
"1997-12-08 05:00:00",1300.55
"1997-12-09 05:00:00",1300.55
"1997-12-10 05:00:00",1298.78
"1997-12-11 05:00:00",1301.15
"1997-12-12 05:00:00",1304.85
"1997-12-13 05:00:00",1307.42
"1997-12-14 05:00:00",1307.42
"1997-12-15 05:00:00",1307.42
"1997-12-16 05:00:00",1304.02
"1997-12-17 05:00:00",1296.3
"1997-12-18 05:00:00",1286.74
"1997-12-19 05:00:00",1286.12
"1997-12-20 05:00:00",1287.51
"1997-12-21 05:00:00",1287.51
"1997-12-22 05:00:00",1287.51
"1997-12-23 05:00:00",1288.32
"1997-12-24 05:00:00",1281.6
"1997-12-25 05:00:00",1281.6
"1997-12-26 05:00:00",1281.6
"1997-12-27 05:00:00",1286.92
"1997-12-28 05:00:00",1286.92
"1997-12-29 05:00:00",1286.92
"1997-12-30 05:00:00",1291.92
"1997-12-31 05:00:00",1293.58
"1998-01-01 05:00:00",1293.58
"1998-01-02 05:00:00",1293.58
"1998-01-03 05:00:00",1304.33
"1998-01-04 05:00:00",1304.33
"1998-01-05 05:00:00",1304.33
"1998-01-06 05:00:00",1317.15
"1998-01-07 05:00:00",1318.57
"1998-01-08 05:00:00",1315.95
"1998-01-09 05:00:00",1313.56
"1998-01-10 05:00:00",1315.7
"1998-01-11 05:00:00",1315.7
"1998-01-12 05:00:00",1315.7
"1998-01-13 05:00:00",1315.7
"1998-01-14 05:00:00",1318.25
"1998-01-15 05:00:00",1318.53
"1998-01-16 05:00:00",1319.21
"1998-01-17 05:00:00",1322.16
"1998-01-18 05:00:00",1322.16
"1998-01-19 05:00:00",1322.16
"1998-01-20 05:00:00",1325.07
"1998-01-21 05:00:00",1327
"1998-01-22 05:00:00",1331.48
"1998-01-23 05:00:00",1334.71
"1998-01-24 05:00:00",1332.78
"1998-01-25 05:00:00",1332.78
"1998-01-26 05:00:00",1332.78
"1998-01-27 05:00:00",1336.38
"1998-01-28 05:00:00",1337.3
"1998-01-29 05:00:00",1339.57
"1998-01-30 05:00:00",1341.85
"1998-01-31 05:00:00",1342
"1998-02-01 05:00:00",1342
"1998-02-02 05:00:00",1342
"1998-02-03 05:00:00",1343.9
"1998-02-04 05:00:00",1345.01
"1998-02-05 05:00:00",1345.46
"1998-02-06 05:00:00",1346.09
"1998-02-07 05:00:00",1346.42
"1998-02-08 05:00:00",1346.42
"1998-02-09 05:00:00",1346.42
"1998-02-10 05:00:00",1347.72
"1998-02-11 05:00:00",1348.23
"1998-02-12 05:00:00",1348.86
"1998-02-13 05:00:00",1349.34
"1998-02-14 05:00:00",1349.54
"1998-02-15 05:00:00",1349.54
"1998-02-16 05:00:00",1349.54
"1998-02-17 05:00:00",1350.97
"1998-02-18 05:00:00",1350.23
"1998-02-19 05:00:00",1349.95
"1998-02-20 05:00:00",1350.1
"1998-02-21 05:00:00",1347.94
"1998-02-22 05:00:00",1347.94
"1998-02-23 05:00:00",1347.94
"1998-02-24 05:00:00",1340.92
"1998-02-25 05:00:00",1334.72
"1998-02-26 05:00:00",1340.75
"1998-02-27 05:00:00",1344.25
"1998-02-28 05:00:00",1343.85
"1998-03-01 05:00:00",1343.85
"1998-03-02 05:00:00",1343.85
"1998-03-03 05:00:00",1349.04
"1998-03-04 05:00:00",1352.21
"1998-03-05 05:00:00",1349.8
"1998-03-06 05:00:00",1353.19
"1998-03-07 05:00:00",1353.71
"1998-03-08 05:00:00",1353.71
"1998-03-09 05:00:00",1353.71
"1998-03-10 05:00:00",1354.9
"1998-03-11 05:00:00",1355.88
"1998-03-12 05:00:00",1356.63
"1998-03-13 05:00:00",1356.7
"1998-03-14 05:00:00",1355.9
"1998-03-15 05:00:00",1355.9
"1998-03-16 05:00:00",1355.9
"1998-03-17 05:00:00",1358.66
"1998-03-18 05:00:00",1359.96
"1998-03-19 05:00:00",1360.56
"1998-03-20 05:00:00",1361.87
"1998-03-21 05:00:00",1361.86
"1998-03-22 05:00:00",1361.86
"1998-03-23 05:00:00",1361.86
"1998-03-24 05:00:00",1361.86
"1998-03-25 05:00:00",1364.4
"1998-03-26 05:00:00",1364.76
"1998-03-27 05:00:00",1365.66
"1998-03-28 05:00:00",1361.49
"1998-03-29 05:00:00",1361.49
"1998-03-30 05:00:00",1361.49
"1998-03-31 05:00:00",1358.03
"1998-04-01 05:00:00",1360.26
"1998-04-02 05:00:00",1362.54
"1998-04-03 05:00:00",1357.75
"1998-04-04 05:00:00",1357.71
"1998-04-05 05:00:00",1357.71
"1998-04-06 05:00:00",1357.71
"1998-04-07 05:00:00",1355.5
"1998-04-08 05:00:00",1354.15
"1998-04-09 05:00:00",1357.14
"1998-04-10 05:00:00",1357.14
"1998-04-11 05:00:00",1357.14
"1998-04-12 05:00:00",1357.14
"1998-04-13 05:00:00",1357.14
"1998-04-14 05:00:00",1363.38
"1998-04-15 05:00:00",1365.21
"1998-04-16 05:00:00",1364.06
"1998-04-17 05:00:00",1360.74
"1998-04-18 05:00:00",1360.49
"1998-04-19 05:00:00",1360.49
"1998-04-20 05:00:00",1360.49
"1998-04-21 05:00:00",1360.42
"1998-04-22 05:00:00",1357.51
"1998-04-23 05:00:00",1355.94
"1998-04-24 05:00:00",1354.91
"1998-04-25 05:00:00",1359.99
"1998-04-26 05:00:00",1359.99
"1998-04-27 05:00:00",1359.99
"1998-04-28 05:00:00",1368.17
"1998-04-29 05:00:00",1371.35
"1998-04-30 05:00:00",1365.72
"1998-05-01 05:00:00",1364.07
"1998-05-02 05:00:00",1364.07
"1998-05-03 05:00:00",1364.07
"1998-05-04 05:00:00",1364.07
"1998-05-05 05:00:00",1369.31
"1998-05-06 05:00:00",1375.39
"1998-05-07 05:00:00",1382.27
"1998-05-08 05:00:00",1383.04
"1998-05-09 05:00:00",1385.38
"1998-05-10 05:00:00",1385.38
"1998-05-11 05:00:00",1385.38
"1998-05-12 05:00:00",1387.78
"1998-05-13 05:00:00",1388.04
"1998-05-14 05:00:00",1387.15
"1998-05-15 05:00:00",1384.97
"1998-05-16 05:00:00",1383.31
"1998-05-17 05:00:00",1383.31
"1998-05-18 05:00:00",1383.31
"1998-05-19 05:00:00",1387.26
"1998-05-20 05:00:00",1390.89
"1998-05-21 05:00:00",1392.18
"1998-05-22 05:00:00",1393.62
"1998-05-23 05:00:00",1394.33
"1998-05-24 05:00:00",1394.33
"1998-05-25 05:00:00",1394.33
"1998-05-26 05:00:00",1394.33
"1998-05-27 05:00:00",1396.51
"1998-05-28 05:00:00",1397.12
"1998-05-29 05:00:00",1396.69
"1998-05-30 05:00:00",1397.07
"1998-05-31 05:00:00",1397.07
"1998-06-01 05:00:00",1397.07
"1998-06-02 05:00:00",1398.53
"1998-06-03 05:00:00",1399.56
"1998-06-04 05:00:00",1399.02
"1998-06-05 05:00:00",1397.63
"1998-06-06 05:00:00",1387.12
"1998-06-07 05:00:00",1387.12
"1998-06-08 05:00:00",1387.12
"1998-06-09 05:00:00",1386.53
"1998-06-10 05:00:00",1376.25
"1998-06-11 05:00:00",1383.23
"1998-06-12 05:00:00",1388.76
"1998-06-13 05:00:00",1380.51
"1998-06-14 05:00:00",1380.51
"1998-06-15 05:00:00",1380.51
"1998-06-16 05:00:00",1380.51
"1998-06-17 05:00:00",1388.5
"1998-06-18 05:00:00",1394.39
"1998-06-19 05:00:00",1390.85
"1998-06-20 05:00:00",1394.8
"1998-06-21 05:00:00",1394.8
"1998-06-22 05:00:00",1394.8
"1998-06-23 05:00:00",1394.8
"1998-06-24 05:00:00",1381.11
"1998-06-25 05:00:00",1375.02
"1998-06-26 05:00:00",1363.67
"1998-06-27 05:00:00",1363.04
"1998-06-28 05:00:00",1363.04
"1998-06-29 05:00:00",1363.04
"1998-06-30 05:00:00",1363.04
"1998-07-01 05:00:00",1369.88
"1998-07-02 05:00:00",1358.05
"1998-07-03 05:00:00",1345.65
"1998-07-04 05:00:00",1348.06
"1998-07-05 05:00:00",1348.06
"1998-07-06 05:00:00",1348.06
"1998-07-07 05:00:00",1357.78
"1998-07-08 05:00:00",1368.16
"1998-07-09 05:00:00",1369.12
"1998-07-10 05:00:00",1370.45
"1998-07-11 05:00:00",1374.23
"1998-07-12 05:00:00",1374.23
"1998-07-13 05:00:00",1374.23
"1998-07-14 05:00:00",1380.27
"1998-07-15 05:00:00",1381.22
"1998-07-16 05:00:00",1378.01
"1998-07-17 05:00:00",1376.74
"1998-07-18 05:00:00",1381.54
"1998-07-19 05:00:00",1381.54
"1998-07-20 05:00:00",1381.54
"1998-07-21 05:00:00",1381.54
"1998-07-22 05:00:00",1380.87
"1998-07-23 05:00:00",1376.87
"1998-07-24 05:00:00",1378.88
"1998-07-25 05:00:00",1379.61
"1998-07-26 05:00:00",1379.61
"1998-07-27 05:00:00",1379.61
"1998-07-28 05:00:00",1378.33
"1998-07-29 05:00:00",1376.12
"1998-07-30 05:00:00",1373.49
"1998-07-31 05:00:00",1370.65
"1998-08-01 05:00:00",1372.14
"1998-08-02 05:00:00",1372.14
"1998-08-03 05:00:00",1372.14
"1998-08-04 05:00:00",1371.16
"1998-08-05 05:00:00",1368.24
"1998-08-06 05:00:00",1366.44
"1998-08-07 05:00:00",1364.9
"1998-08-08 05:00:00",1364.9
"1998-08-09 05:00:00",1364.9
"1998-08-10 05:00:00",1364.9
"1998-08-11 05:00:00",1359.22
"1998-08-12 05:00:00",1365.58
"1998-08-13 05:00:00",1371.23
"1998-08-14 05:00:00",1377.08
"1998-08-15 05:00:00",1386.02
"1998-08-16 05:00:00",1386.02
"1998-08-17 05:00:00",1386.02
"1998-08-18 05:00:00",1386.02
"1998-08-19 05:00:00",1385.77
"1998-08-20 05:00:00",1384.24
"1998-08-21 05:00:00",1391.55
"1998-08-22 05:00:00",1407.27
"1998-08-23 05:00:00",1407.27
"1998-08-24 05:00:00",1407.27
"1998-08-25 05:00:00",1418.22
"1998-08-26 05:00:00",1420.27
"1998-08-27 05:00:00",1430.33
"1998-08-28 05:00:00",1438.16
"1998-08-29 05:00:00",1440.87
"1998-08-30 05:00:00",1440.87
"1998-08-31 05:00:00",1440.87
"1998-09-01 05:00:00",1441.86
"1998-09-02 05:00:00",1442.95
"1998-09-03 05:00:00",1518.56
"1998-09-04 05:00:00",1532.19
"1998-09-05 05:00:00",1538.84
"1998-09-06 05:00:00",1538.84
"1998-09-07 05:00:00",1538.84
"1998-09-08 05:00:00",1511.55
"1998-09-09 05:00:00",1505.66
"1998-09-10 05:00:00",1493.4
"1998-09-11 05:00:00",1506.27
"1998-09-12 05:00:00",1505.85
"1998-09-13 05:00:00",1505.85
"1998-09-14 05:00:00",1505.85
"1998-09-15 05:00:00",1510.41
"1998-09-16 05:00:00",1516.92
"1998-09-17 05:00:00",1520.63
"1998-09-18 05:00:00",1531.49
"1998-09-19 05:00:00",1533.95
"1998-09-20 05:00:00",1533.95
"1998-09-21 05:00:00",1533.95
"1998-09-22 05:00:00",1529.26
"1998-09-23 05:00:00",1541.16
"1998-09-24 05:00:00",1561.28
"1998-09-25 05:00:00",1548.95
"1998-09-26 05:00:00",1547.81
"1998-09-27 05:00:00",1547.81
"1998-09-28 05:00:00",1547.81
"1998-09-29 05:00:00",1556.25
"1998-09-30 05:00:00",1556.15
"1998-10-01 05:00:00",1556.52
"1998-10-02 05:00:00",1573.22
"1998-10-03 05:00:00",1578.96
"1998-10-04 05:00:00",1578.96
"1998-10-05 05:00:00",1578.96
"1998-10-06 05:00:00",1585.64
"1998-10-07 05:00:00",1588.64
"1998-10-08 05:00:00",1586.53
"1998-10-09 05:00:00",1587.46
"1998-10-10 05:00:00",1590.64
"1998-10-11 05:00:00",1590.64
"1998-10-12 05:00:00",1590.64
"1998-10-13 05:00:00",1590.64
"1998-10-14 05:00:00",1592.11
"1998-10-15 05:00:00",1591.01
"1998-10-16 05:00:00",1594.19
"1998-10-17 05:00:00",1596.21
"1998-10-18 05:00:00",1596.21
"1998-10-19 05:00:00",1596.21
"1998-10-20 05:00:00",1598.18
"1998-10-21 05:00:00",1598.61
"1998-10-22 05:00:00",1597.79
"1998-10-23 05:00:00",1599.15
"1998-10-24 05:00:00",1597.97
"1998-10-25 05:00:00",1597.97
"1998-10-26 05:00:00",1597.97
"1998-10-27 05:00:00",1590.64
"1998-10-28 05:00:00",1576.38
"1998-10-29 05:00:00",1577.9
"1998-10-30 05:00:00",1577.19
"1998-10-31 05:00:00",1575.08
"1998-11-01 05:00:00",1575.08
"1998-11-02 05:00:00",1575.08
"1998-11-03 05:00:00",1575.08
"1998-11-04 05:00:00",1569.93
"1998-11-05 05:00:00",1568.54
"1998-11-06 05:00:00",1563.32
"1998-11-07 05:00:00",1553.71
"1998-11-08 05:00:00",1553.71
"1998-11-09 05:00:00",1553.71
"1998-11-10 05:00:00",1559.35
"1998-11-11 05:00:00",1571.76
"1998-11-12 05:00:00",1577.61
"1998-11-13 05:00:00",1578.79
"1998-11-14 05:00:00",1580.99
"1998-11-15 05:00:00",1580.99
"1998-11-16 05:00:00",1580.99
"1998-11-17 05:00:00",1580.99
"1998-11-18 05:00:00",1583.29
"1998-11-19 05:00:00",1569.6
"1998-11-20 05:00:00",1558.49
"1998-11-21 05:00:00",1539.38
"1998-11-22 05:00:00",1539.38
"1998-11-23 05:00:00",1539.38
"1998-11-24 05:00:00",1547.92
"1998-11-25 05:00:00",1557.57
"1998-11-26 05:00:00",1545.53
"1998-11-27 05:00:00",1543.45
"1998-11-28 05:00:00",1547.11
"1998-11-29 05:00:00",1547.11
"1998-11-30 05:00:00",1547.11
"1998-12-01 05:00:00",1545.88
"1998-12-02 05:00:00",1545.82
"1998-12-03 05:00:00",1539.32
"1998-12-04 05:00:00",1545.89
"1998-12-05 05:00:00",1552.48
"1998-12-06 05:00:00",1552.48
"1998-12-07 05:00:00",1552.48
"1998-12-08 05:00:00",1548.63
"1998-12-09 05:00:00",1548.63
"1998-12-10 05:00:00",1541.14
"1998-12-11 05:00:00",1530.63
"1998-12-12 05:00:00",1531.13
"1998-12-13 05:00:00",1531.13
"1998-12-14 05:00:00",1531.13
"1998-12-15 05:00:00",1532.76
"1998-12-16 05:00:00",1529.07
"1998-12-17 05:00:00",1523.8
"1998-12-18 05:00:00",1515.98
"1998-12-19 05:00:00",1494.11
"1998-12-20 05:00:00",1494.11
"1998-12-21 05:00:00",1494.11
"1998-12-22 05:00:00",1477.51
"1998-12-23 05:00:00",1467.04
"1998-12-24 05:00:00",1484.88
"1998-12-25 05:00:00",1484.88
"1998-12-26 05:00:00",1484.88
"1998-12-27 05:00:00",1484.88
"1998-12-28 05:00:00",1484.88
"1998-12-29 05:00:00",1507.52
"1998-12-30 05:00:00",1535.55
"1998-12-31 05:00:00",1542.11
"1999-01-01 05:00:00",1542.11
"1999-01-02 05:00:00",1542.11
"1999-01-03 05:00:00",1542.11
"1999-01-04 05:00:00",1542.11
"1999-01-05 05:00:00",1545.11
"1999-01-06 05:00:00",1528.28
"1999-01-07 05:00:00",1530.48
"1999-01-08 05:00:00",1543.22
"1999-01-09 05:00:00",1535.96
"1999-01-10 05:00:00",1535.96
"1999-01-11 05:00:00",1535.96
"1999-01-12 05:00:00",1535.96
"1999-01-13 05:00:00",1549.35
"1999-01-14 05:00:00",1588.8
"1999-01-15 05:00:00",1584.42
"1999-01-16 05:00:00",1596.59
"1999-01-17 05:00:00",1596.59
"1999-01-18 05:00:00",1596.59
"1999-01-19 05:00:00",1580.4
"1999-01-20 05:00:00",1587.18
"1999-01-21 05:00:00",1582.57
"1999-01-22 05:00:00",1589.65
"1999-01-23 05:00:00",1591.81
"1999-01-24 05:00:00",1591.81
"1999-01-25 05:00:00",1591.81
"1999-01-26 05:00:00",1591.58
"1999-01-27 05:00:00",1591.69
"1999-01-28 05:00:00",1590.33
"1999-01-29 05:00:00",1580.72
"1999-01-30 05:00:00",1582.9
"1999-01-31 05:00:00",1582.9
"1999-02-01 05:00:00",1582.9
"1999-02-02 05:00:00",1581.27
"1999-02-03 05:00:00",1576.22
"1999-02-04 05:00:00",1574.07
"1999-02-05 05:00:00",1575.69
"1999-02-06 05:00:00",1570.94
"1999-02-07 05:00:00",1570.94
"1999-02-08 05:00:00",1570.94
"1999-02-09 05:00:00",1562.14
"1999-02-10 05:00:00",1563.39
"1999-02-11 05:00:00",1570.81
"1999-02-12 05:00:00",1564.04
"1999-02-13 05:00:00",1565.57
"1999-02-14 05:00:00",1565.57
"1999-02-15 05:00:00",1565.57
"1999-02-16 05:00:00",1557.79
"1999-02-17 05:00:00",1561.53
"1999-02-18 05:00:00",1569.4
"1999-02-19 05:00:00",1567.17
"1999-02-20 05:00:00",1560.46
"1999-02-21 05:00:00",1560.46
"1999-02-22 05:00:00",1560.46
"1999-02-23 05:00:00",1556.65
"1999-02-24 05:00:00",1550.88
"1999-02-25 05:00:00",1557.97
"1999-02-26 05:00:00",1572.46
"1999-02-27 05:00:00",1568.3
"1999-02-28 05:00:00",1568.3
"1999-03-01 05:00:00",1568.3
"1999-03-02 05:00:00",1560.4
"1999-03-03 05:00:00",1557.94
"1999-03-04 05:00:00",1558.66
"1999-03-05 05:00:00",1555.84
"1999-03-06 05:00:00",1552.37
"1999-03-07 05:00:00",1552.37
"1999-03-08 05:00:00",1552.37
"1999-03-09 05:00:00",1552.44
"1999-03-10 05:00:00",1550.33
"1999-03-11 05:00:00",1545.09
"1999-03-12 05:00:00",1552.28
"1999-03-13 05:00:00",1562.91
"1999-03-14 05:00:00",1562.91
"1999-03-15 05:00:00",1562.91
"1999-03-16 05:00:00",1563.97
"1999-03-17 05:00:00",1561.74
"1999-03-18 05:00:00",1554.85
"1999-03-19 05:00:00",1550.03
"1999-03-20 05:00:00",1546.77
"1999-03-21 05:00:00",1546.77
"1999-03-22 05:00:00",1546.77
"1999-03-23 05:00:00",1546.77
"1999-03-24 05:00:00",1544.6
"1999-03-25 05:00:00",1541.74
"1999-03-26 05:00:00",1534.28
"1999-03-27 05:00:00",1525.59
"1999-03-28 05:00:00",1525.59
"1999-03-29 05:00:00",1525.59
"1999-03-30 05:00:00",1529.59
"1999-03-31 05:00:00",1533.51
"1999-04-01 05:00:00",1533.32
"1999-04-02 05:00:00",1533.32
"1999-04-03 05:00:00",1533.32
"1999-04-04 05:00:00",1533.32
"1999-04-05 05:00:00",1533.32
"1999-04-06 05:00:00",1532.48
"1999-04-07 05:00:00",1534.13
"1999-04-08 05:00:00",1548.14
"1999-04-09 05:00:00",1574.77
"1999-04-10 05:00:00",1588.17
"1999-04-11 05:00:00",1588.17
"1999-04-12 05:00:00",1588.17
"1999-04-13 05:00:00",1588.19
"1999-04-14 05:00:00",1603.95
"1999-04-15 05:00:00",1593.17
"1999-04-16 05:00:00",1586.04
"1999-04-17 05:00:00",1578.93
"1999-04-18 05:00:00",1578.93
"1999-04-19 05:00:00",1578.93
"1999-04-20 05:00:00",1570.53
"1999-04-21 05:00:00",1563.94
"1999-04-22 05:00:00",1570.34
"1999-04-23 05:00:00",1573.86
"1999-04-24 05:00:00",1578.98
"1999-04-25 05:00:00",1578.98
"1999-04-26 05:00:00",1578.98
"1999-04-27 05:00:00",1580.78
"1999-04-28 05:00:00",1590.53
"1999-04-29 05:00:00",1598.69
"1999-04-30 05:00:00",1604.44
"1999-05-01 05:00:00",1611.48
"1999-05-02 05:00:00",1611.48
"1999-05-03 05:00:00",1611.48
"1999-05-04 05:00:00",1613.61
"1999-05-05 05:00:00",1603.97
"1999-05-06 05:00:00",1610.66
"1999-05-07 05:00:00",1618
"1999-05-08 05:00:00",1631.71
"1999-05-09 05:00:00",1631.71
"1999-05-10 05:00:00",1631.71
"1999-05-11 05:00:00",1627.3
"1999-05-12 05:00:00",1631.02
"1999-05-13 05:00:00",1631.95
"1999-05-14 05:00:00",1630.08
"1999-05-15 05:00:00",1640.15
"1999-05-16 05:00:00",1640.15
"1999-05-17 05:00:00",1640.15
"1999-05-18 05:00:00",1640.15
"1999-05-19 05:00:00",1644.11
"1999-05-20 05:00:00",1643.05
"1999-05-21 05:00:00",1644.6
"1999-05-22 05:00:00",1665.36
"1999-05-23 05:00:00",1665.36
"1999-05-24 05:00:00",1665.36
"1999-05-25 05:00:00",1671.2
"1999-05-26 05:00:00",1669.27
"1999-05-27 05:00:00",1682.12
"1999-05-28 05:00:00",1685.33
"1999-05-29 05:00:00",1671.67
"1999-05-30 05:00:00",1671.67
"1999-05-31 05:00:00",1671.67
"1999-06-01 05:00:00",1663.55
"1999-06-02 05:00:00",1657.7
"1999-06-03 05:00:00",1667.88
"1999-06-04 05:00:00",1654.75
"1999-06-05 05:00:00",1653.96
"1999-06-06 05:00:00",1653.96
"1999-06-07 05:00:00",1653.96
"1999-06-08 05:00:00",1653.96
"1999-06-09 05:00:00",1672.01
"1999-06-10 05:00:00",1679.12
"1999-06-11 05:00:00",1686.08
"1999-06-12 05:00:00",1682.09
"1999-06-13 05:00:00",1682.09
"1999-06-14 05:00:00",1682.09
"1999-06-15 05:00:00",1682.09
"1999-06-16 05:00:00",1694.56
"1999-06-17 05:00:00",1698.55
"1999-06-18 05:00:00",1693.75
"1999-06-19 05:00:00",1692.36
"1999-06-20 05:00:00",1692.36
"1999-06-21 05:00:00",1692.36
"1999-06-22 05:00:00",1694.26
"1999-06-23 05:00:00",1710.03
"1999-06-24 05:00:00",1723.26
"1999-06-25 05:00:00",1734.83
"1999-06-26 05:00:00",1737.91
"1999-06-27 05:00:00",1737.91
"1999-06-28 05:00:00",1737.91
"1999-06-29 05:00:00",1751
"1999-06-30 05:00:00",1732.1
"1999-07-01 05:00:00",1736.03
"1999-07-02 05:00:00",1751.26
"1999-07-03 05:00:00",1755.31
"1999-07-04 05:00:00",1755.31
"1999-07-05 05:00:00",1755.31
"1999-07-06 05:00:00",1755.31
"1999-07-07 05:00:00",1772.69
"1999-07-08 05:00:00",1795.36
"1999-07-09 05:00:00",1831.1
"1999-07-10 05:00:00",1840.38
"1999-07-11 05:00:00",1840.38
"1999-07-12 05:00:00",1840.38
"1999-07-13 05:00:00",1887.17
"1999-07-14 05:00:00",1926.55
"1999-07-15 05:00:00",1881.42
"1999-07-16 05:00:00",1823.29
"1999-07-17 05:00:00",1821.95
"1999-07-18 05:00:00",1821.95
"1999-07-19 05:00:00",1821.95
"1999-07-20 05:00:00",1819.04
"1999-07-21 05:00:00",1819.04
"1999-07-22 05:00:00",1809.56
"1999-07-23 05:00:00",1807.9
"1999-07-24 05:00:00",1831.19
"1999-07-25 05:00:00",1831.19
"1999-07-26 05:00:00",1831.19
"1999-07-27 05:00:00",1829.63
"1999-07-28 05:00:00",1829.06
"1999-07-29 05:00:00",1817.09
"1999-07-30 05:00:00",1806.52
"1999-07-31 05:00:00",1809.5
"1999-08-01 05:00:00",1809.5
"1999-08-02 05:00:00",1809.5
"1999-08-03 05:00:00",1813.6
"1999-08-04 05:00:00",1800.79
"1999-08-05 05:00:00",1822.84
"1999-08-06 05:00:00",1834.97
"1999-08-07 05:00:00",1849.12
"1999-08-08 05:00:00",1849.12
"1999-08-09 05:00:00",1849.12
"1999-08-10 05:00:00",1852.8
"1999-08-11 05:00:00",1855.03
"1999-08-12 05:00:00",1865.3
"1999-08-13 05:00:00",1893.25
"1999-08-14 05:00:00",1879.15
"1999-08-15 05:00:00",1879.15
"1999-08-16 05:00:00",1879.15
"1999-08-17 05:00:00",1879.15
"1999-08-18 05:00:00",1880.39
"1999-08-19 05:00:00",1898.03
"1999-08-20 05:00:00",1892.5
"1999-08-21 05:00:00",1907.94
"1999-08-22 05:00:00",1907.94
"1999-08-23 05:00:00",1907.94
"1999-08-24 05:00:00",1912.27
"1999-08-25 05:00:00",1921.87
"1999-08-26 05:00:00",1921.16
"1999-08-27 05:00:00",1914.22
"1999-08-28 05:00:00",1936.12
"1999-08-29 05:00:00",1936.12
"1999-08-30 05:00:00",1936.12
"1999-08-31 05:00:00",1954.72
"1999-09-01 05:00:00",1941.25
"1999-09-02 05:00:00",1934.46
"1999-09-03 05:00:00",1943.23
"1999-09-04 05:00:00",1943.24
"1999-09-05 05:00:00",1943.24
"1999-09-06 05:00:00",1943.24
"1999-09-07 05:00:00",1947.31
"1999-09-08 05:00:00",1969.82
"1999-09-09 05:00:00",1972.35
"1999-09-10 05:00:00",1976.07
"1999-09-11 05:00:00",1981.41
"1999-09-12 05:00:00",1981.41
"1999-09-13 05:00:00",1981.41
"1999-09-14 05:00:00",1977.85
"1999-09-15 05:00:00",1970.54
"1999-09-16 05:00:00",1967.58
"1999-09-17 05:00:00",1977.52
"1999-09-18 05:00:00",1987.08
"1999-09-19 05:00:00",1987.08
"1999-09-20 05:00:00",1987.08
"1999-09-21 05:00:00",1981.64
"1999-09-22 05:00:00",1975.46
"1999-09-23 05:00:00",1992.36
"1999-09-24 05:00:00",1994.86
"1999-09-25 05:00:00",1995.64
"1999-09-26 05:00:00",1995.64
"1999-09-27 05:00:00",1995.64
"1999-09-28 05:00:00",2013.24
"1999-09-29 05:00:00",2003.82
"1999-09-30 05:00:00",2017.27
"1999-10-01 05:00:00",2015.15
"1999-10-02 05:00:00",2004.22
"1999-10-03 05:00:00",2004.22
"1999-10-04 05:00:00",2004.22
"1999-10-05 05:00:00",1992.65
"1999-10-06 05:00:00",2000.48
"1999-10-07 05:00:00",1995.71
"1999-10-08 05:00:00",1993.18
"1999-10-09 05:00:00",1992.74
"1999-10-10 05:00:00",1992.74
"1999-10-11 05:00:00",1992.74
"1999-10-12 05:00:00",1992.03
"1999-10-13 05:00:00",1988.7
"1999-10-14 05:00:00",1981.14
"1999-10-15 05:00:00",1975.8
"1999-10-16 05:00:00",1977.04
"1999-10-17 05:00:00",1977.04
"1999-10-18 05:00:00",1977.04
"1999-10-19 05:00:00",1977.04
"1999-10-20 05:00:00",1965.92
"1999-10-21 05:00:00",1957.53
"1999-10-22 05:00:00",1946
"1999-10-23 05:00:00",1946.24
"1999-10-24 05:00:00",1946.24
"1999-10-25 05:00:00",1946.24
"1999-10-26 05:00:00",1949.33
"1999-10-27 05:00:00",1966.07
"1999-10-28 05:00:00",1968.9
"1999-10-29 05:00:00",1965.44
"1999-10-30 05:00:00",1971.59
"1999-10-31 05:00:00",1971.59
"1999-11-01 05:00:00",1971.59
"1999-11-02 05:00:00",1971.59
"1999-11-03 05:00:00",1966.5
"1999-11-04 05:00:00",1960.7
"1999-11-05 05:00:00",1962.16
"1999-11-06 05:00:00",1959.46
"1999-11-07 05:00:00",1959.46
"1999-11-08 05:00:00",1959.46
"1999-11-09 05:00:00",1954.56
"1999-11-10 05:00:00",1948.05
"1999-11-11 05:00:00",1951.11
"1999-11-12 05:00:00",1958.41
"1999-11-13 05:00:00",1961.8
"1999-11-14 05:00:00",1961.8
"1999-11-15 05:00:00",1961.8
"1999-11-16 05:00:00",1961.8
"1999-11-17 05:00:00",1961.7
"1999-11-18 05:00:00",1946.27
"1999-11-19 05:00:00",1927.47
"1999-11-20 05:00:00",1925.11
"1999-11-21 05:00:00",1925.11
"1999-11-22 05:00:00",1925.11
"1999-11-23 05:00:00",1935.48
"1999-11-24 05:00:00",1925
"1999-11-25 05:00:00",1912.86
"1999-11-26 05:00:00",1918.85
"1999-11-27 05:00:00",1921.93
"1999-11-28 05:00:00",1921.93
"1999-11-29 05:00:00",1921.93
"1999-11-30 05:00:00",1923.77
"1999-12-01 05:00:00",1922.47
"1999-12-02 05:00:00",1918.63
"1999-12-03 05:00:00",1911.35
"1999-12-04 05:00:00",1903.8
"1999-12-05 05:00:00",1903.8
"1999-12-06 05:00:00",1903.8
"1999-12-07 05:00:00",1886.46
"1999-12-08 05:00:00",1888.99
"1999-12-09 05:00:00",1888.99
"1999-12-10 05:00:00",1906.91
"1999-12-11 05:00:00",1900.22
"1999-12-12 05:00:00",1900.22
"1999-12-13 05:00:00",1900.22
"1999-12-14 05:00:00",1905.5
"1999-12-15 05:00:00",1891.67
"1999-12-16 05:00:00",1874.14
"1999-12-17 05:00:00",1879.55
"1999-12-18 05:00:00",1867.02
"1999-12-19 05:00:00",1867.02
"1999-12-20 05:00:00",1867.02
"1999-12-21 05:00:00",1868.47
"1999-12-22 05:00:00",1884.64
"1999-12-23 05:00:00",1886.27
"1999-12-24 05:00:00",1874.77
"1999-12-25 05:00:00",1874.58
"1999-12-26 05:00:00",1874.58
"1999-12-27 05:00:00",1874.58
"1999-12-28 05:00:00",1870.65
"1999-12-29 05:00:00",1867.82
"1999-12-30 05:00:00",1873.77
"1999-12-31 05:00:00",1873.77
"2000-01-01 05:00:00",1873.77
"2000-01-02 05:00:00",1873.77
"2000-01-03 05:00:00",1873.77
"2000-01-04 05:00:00",1874.35
"2000-01-05 05:00:00",1895.97
"2000-01-06 05:00:00",1912.69
"2000-01-07 05:00:00",1911.33
"2000-01-08 05:00:00",1900.14
"2000-01-09 05:00:00",1900.14
"2000-01-10 05:00:00",1900.14
"2000-01-11 05:00:00",1900.14
"2000-01-12 05:00:00",1902.25
"2000-01-13 05:00:00",1904.54
"2000-01-14 05:00:00",1917.38
"2000-01-15 05:00:00",1920.83
"2000-01-16 05:00:00",1920.83
"2000-01-17 05:00:00",1920.83
"2000-01-18 05:00:00",1919.21
"2000-01-19 05:00:00",1928.51
"2000-01-20 05:00:00",1945.17
"2000-01-21 05:00:00",1938.84
"2000-01-22 05:00:00",1931.97
"2000-01-23 05:00:00",1931.97
"2000-01-24 05:00:00",1931.97
"2000-01-25 05:00:00",1943.88
"2000-01-26 05:00:00",1939.63
"2000-01-27 05:00:00",1958.17
"2000-01-28 05:00:00",1976.14
"2000-01-29 05:00:00",1976.72
"2000-01-30 05:00:00",1976.72
"2000-01-31 05:00:00",1976.72
"2000-02-01 05:00:00",1973.36
"2000-02-02 05:00:00",1970.61
"2000-02-03 05:00:00",1965.61
"2000-02-04 05:00:00",1947.55
"2000-02-05 05:00:00",1948.6
"2000-02-06 05:00:00",1948.6
"2000-02-07 05:00:00",1948.6
"2000-02-08 05:00:00",1950.59
"2000-02-09 05:00:00",1949.54
"2000-02-10 05:00:00",1946.51
"2000-02-11 05:00:00",1952.29
"2000-02-12 05:00:00",1948.16
"2000-02-13 05:00:00",1948.16
"2000-02-14 05:00:00",1948.16
"2000-02-15 05:00:00",1950.77
"2000-02-16 05:00:00",1949.61
"2000-02-17 05:00:00",1946.79
"2000-02-18 05:00:00",1945.31
"2000-02-19 05:00:00",1947.41
"2000-02-20 05:00:00",1947.41
"2000-02-21 05:00:00",1947.41
"2000-02-22 05:00:00",1943.83
"2000-02-23 05:00:00",1941.54
"2000-02-24 05:00:00",1944.18
"2000-02-25 05:00:00",1947.72
"2000-02-26 05:00:00",1947.28
"2000-02-27 05:00:00",1947.28
"2000-02-28 05:00:00",1947.28
"2000-02-29 05:00:00",1946.17
"2000-03-01 05:00:00",1948.05
"2000-03-02 05:00:00",1950.88
"2000-03-03 05:00:00",1956.8
"2000-03-04 05:00:00",1961.16
"2000-03-05 05:00:00",1961.16
"2000-03-06 05:00:00",1961.16
"2000-03-07 05:00:00",1965.63
"2000-03-08 05:00:00",1964.26
"2000-03-09 05:00:00",1960.47
"2000-03-10 05:00:00",1959.77
"2000-03-11 05:00:00",1958.48
"2000-03-12 05:00:00",1958.48
"2000-03-13 05:00:00",1958.48
"2000-03-14 05:00:00",1957.5
"2000-03-15 05:00:00",1955.75
"2000-03-16 05:00:00",1954.26
"2000-03-17 05:00:00",1950.01
"2000-03-18 05:00:00",1952.98
"2000-03-19 05:00:00",1952.98
"2000-03-20 05:00:00",1952.98
"2000-03-21 05:00:00",1952.98
"2000-03-22 05:00:00",1956.98
"2000-03-23 05:00:00",1959.84
"2000-03-24 05:00:00",1954.57
"2000-03-25 05:00:00",1954.83
"2000-03-26 05:00:00",1954.83
"2000-03-27 05:00:00",1954.83
"2000-03-28 05:00:00",1958.93
"2000-03-29 05:00:00",1955.14
"2000-03-30 05:00:00",1949.75
"2000-03-31 05:00:00",1951.56
"2000-04-01 05:00:00",1958.12
"2000-04-02 05:00:00",1958.12
"2000-04-03 05:00:00",1958.12
"2000-04-04 05:00:00",1963.22
"2000-04-05 05:00:00",1964.1
"2000-04-06 05:00:00",1968.92
"2000-04-07 05:00:00",1986.96
"2000-04-08 05:00:00",1996.24
"2000-04-09 05:00:00",1996.24
"2000-04-10 05:00:00",1996.24
"2000-04-11 05:00:00",1998.25
"2000-04-12 05:00:00",1986.75
"2000-04-13 05:00:00",1987.38
"2000-04-14 05:00:00",1987.36
"2000-04-15 05:00:00",1987.39
"2000-04-16 05:00:00",1987.39
"2000-04-17 05:00:00",1987.39
"2000-04-18 05:00:00",1996.29
"2000-04-19 05:00:00",2003.02
"2000-04-20 05:00:00",1996.07
"2000-04-21 05:00:00",1996.07
"2000-04-22 05:00:00",1996.07
"2000-04-23 05:00:00",1996.07
"2000-04-24 05:00:00",1996.07
"2000-04-25 05:00:00",1991.17
"2000-04-26 05:00:00",1988.65
"2000-04-27 05:00:00",1998.95
"2000-04-28 05:00:00",2002.95
"2000-04-29 05:00:00",2004.47
"2000-04-30 05:00:00",2004.47
"2000-05-01 05:00:00",2004.47
"2000-05-02 05:00:00",2004.47
"2000-05-03 05:00:00",2001.62
"2000-05-04 05:00:00",2015.92
"2000-05-05 05:00:00",2027.26
"2000-05-06 05:00:00",2033.17
"2000-05-07 05:00:00",2033.17
"2000-05-08 05:00:00",2033.17
"2000-05-09 05:00:00",2044.59
"2000-05-10 05:00:00",2031.86
"2000-05-11 05:00:00",2021.68
"2000-05-12 05:00:00",2031.96
"2000-05-13 05:00:00",2039.29
"2000-05-14 05:00:00",2039.29
"2000-05-15 05:00:00",2039.29
"2000-05-16 05:00:00",2035.54
"2000-05-17 05:00:00",2037.1
"2000-05-18 05:00:00",2047.79
"2000-05-19 05:00:00",2055.35
"2000-05-20 05:00:00",2076.85
"2000-05-21 05:00:00",2076.85
"2000-05-22 05:00:00",2076.85
"2000-05-23 05:00:00",2094.73
"2000-05-24 05:00:00",2111.94
"2000-05-25 05:00:00",2142.14
"2000-05-26 05:00:00",2113.28
"2000-05-27 05:00:00",2096.52
"2000-05-28 05:00:00",2096.52
"2000-05-29 05:00:00",2096.52
"2000-05-30 05:00:00",2077.28
"2000-05-31 05:00:00",2084.92
"2000-06-01 05:00:00",2096.96
"2000-06-02 05:00:00",2095.1
"2000-06-03 05:00:00",2118.57
"2000-06-04 05:00:00",2118.57
"2000-06-05 05:00:00",2118.57
"2000-06-06 05:00:00",2118.57
"2000-06-07 05:00:00",2121.73
"2000-06-08 05:00:00",2127.03
"2000-06-09 05:00:00",2125.3
"2000-06-10 05:00:00",2115.86
"2000-06-11 05:00:00",2115.86
"2000-06-12 05:00:00",2115.86
"2000-06-13 05:00:00",2106.97
"2000-06-14 05:00:00",2122.24
"2000-06-15 05:00:00",2111.09
"2000-06-16 05:00:00",2110.57
"2000-06-17 05:00:00",2114.8
"2000-06-18 05:00:00",2114.8
"2000-06-19 05:00:00",2114.8
"2000-06-20 05:00:00",2115.15
"2000-06-21 05:00:00",2123.58
"2000-06-22 05:00:00",2134.34
"2000-06-23 05:00:00",2129.13
"2000-06-24 05:00:00",2123.99
"2000-06-25 05:00:00",2123.99
"2000-06-26 05:00:00",2123.99
"2000-06-27 05:00:00",2123.99
"2000-06-28 05:00:00",2135.65
"2000-06-29 05:00:00",2136.22
"2000-06-30 05:00:00",2139.11
"2000-07-01 05:00:00",2150.76
"2000-07-02 05:00:00",2150.76
"2000-07-03 05:00:00",2150.76
"2000-07-04 05:00:00",2150.76
"2000-07-05 05:00:00",2151.05
"2000-07-06 05:00:00",2163.44
"2000-07-07 05:00:00",2168.65
"2000-07-08 05:00:00",2165.51
"2000-07-09 05:00:00",2165.51
"2000-07-10 05:00:00",2165.51
"2000-07-11 05:00:00",2171.63
"2000-07-12 05:00:00",2182.56
"2000-07-13 05:00:00",2172.16
"2000-07-14 05:00:00",2166.22
"2000-07-15 05:00:00",2156.32
"2000-07-16 05:00:00",2156.32
"2000-07-17 05:00:00",2156.32
"2000-07-18 05:00:00",2144.01
"2000-07-19 05:00:00",2151.56
"2000-07-20 05:00:00",2155.81
"2000-07-21 05:00:00",2155.81
"2000-07-22 05:00:00",2152.3
"2000-07-23 05:00:00",2152.3
"2000-07-24 05:00:00",2152.3
"2000-07-25 05:00:00",2147.65
"2000-07-26 05:00:00",2153.91
"2000-07-27 05:00:00",2165.37
"2000-07-28 05:00:00",2173.78
"2000-07-29 05:00:00",2172.79
"2000-07-30 05:00:00",2172.79
"2000-07-31 05:00:00",2172.79
"2000-08-01 05:00:00",2174.55
"2000-08-02 05:00:00",2175.02
"2000-08-03 05:00:00",2173.62
"2000-08-04 05:00:00",2177.67
"2000-08-05 05:00:00",2180.64
"2000-08-06 05:00:00",2180.64
"2000-08-07 05:00:00",2180.64
"2000-08-08 05:00:00",2180.64
"2000-08-09 05:00:00",2176.52
"2000-08-10 05:00:00",2176.17
"2000-08-11 05:00:00",2179.6
"2000-08-12 05:00:00",2180.89
"2000-08-13 05:00:00",2180.89
"2000-08-14 05:00:00",2180.89
"2000-08-15 05:00:00",2180.99
"2000-08-16 05:00:00",2185.45
"2000-08-17 05:00:00",2185.46
"2000-08-18 05:00:00",2185.75
"2000-08-19 05:00:00",2183.01
"2000-08-20 05:00:00",2183.01
"2000-08-21 05:00:00",2183.01
"2000-08-22 05:00:00",2183.01
"2000-08-23 05:00:00",2187.83
"2000-08-24 05:00:00",2196.72
"2000-08-25 05:00:00",2205.6
"2000-08-26 05:00:00",2208.82
"2000-08-27 05:00:00",2208.82
"2000-08-28 05:00:00",2208.82
"2000-08-29 05:00:00",2208.17
"2000-08-30 05:00:00",2204.22
"2000-08-31 05:00:00",2208.21
"2000-09-01 05:00:00",2212.97
"2000-09-02 05:00:00",2214
"2000-09-03 05:00:00",2214
"2000-09-04 05:00:00",2214
"2000-09-05 05:00:00",2210.32
"2000-09-06 05:00:00",2211.13
"2000-09-07 05:00:00",2211.11
"2000-09-08 05:00:00",2209.18
"2000-09-09 05:00:00",2204.85
"2000-09-10 05:00:00",2204.85
"2000-09-11 05:00:00",2204.85
"2000-09-12 05:00:00",2206.39
"2000-09-13 05:00:00",2206.93
"2000-09-14 05:00:00",2208.64
"2000-09-15 05:00:00",2212.73
"2000-09-16 05:00:00",2210.34
"2000-09-17 05:00:00",2210.34
"2000-09-18 05:00:00",2210.34
"2000-09-19 05:00:00",2211.36
"2000-09-20 05:00:00",2210.81
"2000-09-21 05:00:00",2212.93
"2000-09-22 05:00:00",2223.46
"2000-09-23 05:00:00",2232.24
"2000-09-24 05:00:00",2232.24
"2000-09-25 05:00:00",2232.24
"2000-09-26 05:00:00",2228.05
"2000-09-27 05:00:00",2222.67
"2000-09-28 05:00:00",2216.93
"2000-09-29 05:00:00",2211.94
"2000-09-30 05:00:00",2212.26
"2000-10-01 05:00:00",2212.26
"2000-10-02 05:00:00",2212.26
"2000-10-03 05:00:00",2210.4
"2000-10-04 05:00:00",2201.51
"2000-10-05 05:00:00",2194.98
"2000-10-06 05:00:00",2185.06
"2000-10-07 05:00:00",2187.38
"2000-10-08 05:00:00",2187.38
"2000-10-09 05:00:00",2187.38
"2000-10-10 05:00:00",2184.26
"2000-10-11 05:00:00",2182.17
"2000-10-12 05:00:00",2175.97
"2000-10-13 05:00:00",2175.96
"2000-10-14 05:00:00",2180.69
"2000-10-15 05:00:00",2180.69
"2000-10-16 05:00:00",2180.69
"2000-10-17 05:00:00",2180.69
"2000-10-18 05:00:00",2178.13
"2000-10-19 05:00:00",2162.86
"2000-10-20 05:00:00",2152.31
"2000-10-21 05:00:00",2159.79
"2000-10-22 05:00:00",2159.79
"2000-10-23 05:00:00",2159.79
"2000-10-24 05:00:00",2157.84
"2000-10-25 05:00:00",2153.18
"2000-10-26 05:00:00",2170.32
"2000-10-27 05:00:00",2167.26
"2000-10-28 05:00:00",2158.14
"2000-10-29 05:00:00",2158.14
"2000-10-30 05:00:00",2158.14
"2000-10-31 05:00:00",2158.36
"2000-11-01 05:00:00",2147.89
"2000-11-02 05:00:00",2138.95
"2000-11-03 05:00:00",2136.73
"2000-11-04 05:00:00",2139.21
"2000-11-05 05:00:00",2139.21
"2000-11-06 05:00:00",2139.21
"2000-11-07 05:00:00",2139.21
"2000-11-08 05:00:00",2134.08
"2000-11-09 05:00:00",2124.84
"2000-11-10 05:00:00",2127.51
"2000-11-11 05:00:00",2126.41
"2000-11-12 05:00:00",2126.41
"2000-11-13 05:00:00",2126.41
"2000-11-14 05:00:00",2126.41
"2000-11-15 05:00:00",2125.17
"2000-11-16 05:00:00",2125.31
"2000-11-17 05:00:00",2121.64
"2000-11-18 05:00:00",2122.63
"2000-11-19 05:00:00",2122.63
"2000-11-20 05:00:00",2122.63
"2000-11-21 05:00:00",2122.61
"2000-11-22 05:00:00",2124.16
"2000-11-23 05:00:00",2131.76
"2000-11-24 05:00:00",2141.14
"2000-11-25 05:00:00",2141.91
"2000-11-26 05:00:00",2141.91
"2000-11-27 05:00:00",2141.91
"2000-11-28 05:00:00",2158.05
"2000-11-29 05:00:00",2169.82
"2000-11-30 05:00:00",2172.84
"2000-12-01 05:00:00",2168.6
"2000-12-02 05:00:00",2174.85
"2000-12-03 05:00:00",2174.85
"2000-12-04 05:00:00",2174.85
"2000-12-05 05:00:00",2180.3
"2000-12-06 05:00:00",2184.18
"2000-12-07 05:00:00",2174.29
"2000-12-08 05:00:00",2176.33
"2000-12-09 05:00:00",2176.33
"2000-12-10 05:00:00",2176.33
"2000-12-11 05:00:00",2176.33
"2000-12-12 05:00:00",2175.57
"2000-12-13 05:00:00",2183.08
"2000-12-14 05:00:00",2186.87
"2000-12-15 05:00:00",2184.76
"2000-12-16 05:00:00",2175.91
"2000-12-17 05:00:00",2175.91
"2000-12-18 05:00:00",2175.91
"2000-12-19 05:00:00",2179.13
"2000-12-20 05:00:00",2187.17
"2000-12-21 05:00:00",2185.05
"2000-12-22 05:00:00",2187.02
"2000-12-23 05:00:00",2193.57
"2000-12-24 05:00:00",2193.57
"2000-12-25 05:00:00",2193.57
"2000-12-26 05:00:00",2193.57
"2000-12-27 05:00:00",2196.76
"2000-12-28 05:00:00",2215.35
"2000-12-29 05:00:00",2229.18
"2000-12-30 05:00:00",2229.18
"2000-12-31 05:00:00",2229.18
"2001-01-01 05:00:00",2229.18
"2001-01-02 05:00:00",2229.18
"2001-01-03 05:00:00",2219.6
"2001-01-04 05:00:00",2224.38
"2001-01-05 05:00:00",2239.89
"2001-01-06 05:00:00",2243.16
"2001-01-07 05:00:00",2243.16
"2001-01-08 05:00:00",2243.16
"2001-01-09 05:00:00",2243.16
"2001-01-10 05:00:00",2235.43
"2001-01-11 05:00:00",2230.14
"2001-01-12 05:00:00",2246.58
"2001-01-13 05:00:00",2251.75
"2001-01-14 05:00:00",2251.75
"2001-01-15 05:00:00",2251.75
"2001-01-16 05:00:00",2248.61
"2001-01-17 05:00:00",2245.89
"2001-01-18 05:00:00",2236.46
"2001-01-19 05:00:00",2246.74
"2001-01-20 05:00:00",2244.59
"2001-01-21 05:00:00",2244.59
"2001-01-22 05:00:00",2244.59
"2001-01-23 05:00:00",2240.02
"2001-01-24 05:00:00",2255.82
"2001-01-25 05:00:00",2254.35
"2001-01-26 05:00:00",2250.03
"2001-01-27 05:00:00",2245.46
"2001-01-28 05:00:00",2245.46
"2001-01-29 05:00:00",2245.46
"2001-01-30 05:00:00",2240.56
"2001-01-31 05:00:00",2240.8
"2001-02-01 05:00:00",2242.08
"2001-02-02 05:00:00",2240.04
"2001-02-03 05:00:00",2242.2
"2001-02-04 05:00:00",2242.2
"2001-02-05 05:00:00",2242.2
"2001-02-06 05:00:00",2238.35
"2001-02-07 05:00:00",2235.03
"2001-02-08 05:00:00",2238.09
"2001-02-09 05:00:00",2242.68
"2001-02-10 05:00:00",2237.58
"2001-02-11 05:00:00",2237.58
"2001-02-12 05:00:00",2237.58
"2001-02-13 05:00:00",2229.59
"2001-02-14 05:00:00",2237.37
"2001-02-15 05:00:00",2239.03
"2001-02-16 05:00:00",2238.61
"2001-02-17 05:00:00",2238.51
"2001-02-18 05:00:00",2238.51
"2001-02-19 05:00:00",2238.51
"2001-02-20 05:00:00",2245.16
"2001-02-21 05:00:00",2247.09
"2001-02-22 05:00:00",2252.65
"2001-02-23 05:00:00",2252.86
"2001-02-24 05:00:00",2257.7
"2001-02-25 05:00:00",2257.7
"2001-02-26 05:00:00",2257.7
"2001-02-27 05:00:00",2256.42
"2001-02-28 05:00:00",2257.45
"2001-03-01 05:00:00",2259.64
"2001-03-02 05:00:00",2265.44
"2001-03-03 05:00:00",2264.09
"2001-03-04 05:00:00",2264.09
"2001-03-05 05:00:00",2264.09
"2001-03-06 05:00:00",2259.07
"2001-03-07 05:00:00",2260.33
"2001-03-08 05:00:00",2262.06
"2001-03-09 05:00:00",2262.55
"2001-03-10 05:00:00",2264.01
"2001-03-11 05:00:00",2264.01
"2001-03-12 05:00:00",2264.01
"2001-03-13 05:00:00",2275.98
"2001-03-14 05:00:00",2275.92
"2001-03-15 05:00:00",2282.01
"2001-03-16 05:00:00",2281.02
"2001-03-17 05:00:00",2282.96
"2001-03-18 05:00:00",2282.96
"2001-03-19 05:00:00",2282.96
"2001-03-20 05:00:00",2282.96
"2001-03-21 05:00:00",2282.17
"2001-03-22 05:00:00",2284.04
"2001-03-23 05:00:00",2290.02
"2001-03-24 05:00:00",2295.74
"2001-03-25 05:00:00",2295.74
"2001-03-26 05:00:00",2295.74
"2001-03-27 05:00:00",2293.99
"2001-03-28 05:00:00",2299.68
"2001-03-29 05:00:00",2303.86
"2001-03-30 05:00:00",2309.83
"2001-03-31 05:00:00",2310.57
"2001-04-01 05:00:00",2310.57
"2001-04-02 05:00:00",2310.57
"2001-04-03 05:00:00",2304.19
"2001-04-04 05:00:00",2308.64
"2001-04-05 05:00:00",2315.81
"2001-04-06 05:00:00",2317.46
"2001-04-07 05:00:00",2318.58
"2001-04-08 05:00:00",2318.58
"2001-04-09 05:00:00",2318.58
"2001-04-10 05:00:00",2315.21
"2001-04-11 05:00:00",2309.84
"2001-04-12 05:00:00",2314.07
"2001-04-13 05:00:00",2314.07
"2001-04-14 05:00:00",2314.07
"2001-04-15 05:00:00",2314.07
"2001-04-16 05:00:00",2314.07
"2001-04-17 05:00:00",2320.18
"2001-04-18 05:00:00",2319.57
"2001-04-19 05:00:00",2316.91
"2001-04-20 05:00:00",2327.08
"2001-04-21 05:00:00",2329.73
"2001-04-22 05:00:00",2329.73
"2001-04-23 05:00:00",2329.73
"2001-04-24 05:00:00",2334.38
"2001-04-25 05:00:00",2339.16
"2001-04-26 05:00:00",2345.21
"2001-04-27 05:00:00",2345.57
"2001-04-28 05:00:00",2346.73
"2001-04-29 05:00:00",2346.73
"2001-04-30 05:00:00",2346.73
"2001-05-01 05:00:00",2341.09
"2001-05-02 05:00:00",2341.09
"2001-05-03 05:00:00",2345.96
"2001-05-04 05:00:00",2349.95
"2001-05-05 05:00:00",2354.47
"2001-05-06 05:00:00",2354.47
"2001-05-07 05:00:00",2354.47
"2001-05-08 05:00:00",2359.54
"2001-05-09 05:00:00",2359.22
"2001-05-10 05:00:00",2359.98
"2001-05-11 05:00:00",2359.79
"2001-05-12 05:00:00",2367.3
"2001-05-13 05:00:00",2367.3
"2001-05-14 05:00:00",2367.3
"2001-05-15 05:00:00",2371.58
"2001-05-16 05:00:00",2376.93
"2001-05-17 05:00:00",2378.21
"2001-05-18 05:00:00",2378.41
"2001-05-19 05:00:00",2348.88
"2001-05-20 05:00:00",2348.88
"2001-05-21 05:00:00",2348.88
"2001-05-22 05:00:00",2314.75
"2001-05-23 05:00:00",2316.72
"2001-05-24 05:00:00",2295.23
"2001-05-25 05:00:00",2310.64
"2001-05-26 05:00:00",2339.98
"2001-05-27 05:00:00",2339.98
"2001-05-28 05:00:00",2339.98
"2001-05-29 05:00:00",2339.98
"2001-05-30 05:00:00",2331.91
"2001-05-31 05:00:00",2324.98
"2001-06-01 05:00:00",2327.25
"2001-06-02 05:00:00",2319.16
"2001-06-03 05:00:00",2319.16
"2001-06-04 05:00:00",2319.16
"2001-06-05 05:00:00",2296.88
"2001-06-06 05:00:00",2303.37
"2001-06-07 05:00:00",2303.38
"2001-06-08 05:00:00",2303.41
"2001-06-09 05:00:00",2296.31
"2001-06-10 05:00:00",2296.31
"2001-06-11 05:00:00",2296.31
"2001-06-12 05:00:00",2309.06
"2001-06-13 05:00:00",2313.74
"2001-06-14 05:00:00",2302.16
"2001-06-15 05:00:00",2300.18
"2001-06-16 05:00:00",2303.13
"2001-06-17 05:00:00",2303.13
"2001-06-18 05:00:00",2303.13
"2001-06-19 05:00:00",2303.13
"2001-06-20 05:00:00",2307.78
"2001-06-21 05:00:00",2305.35
"2001-06-22 05:00:00",2300.46
"2001-06-23 05:00:00",2298.88
"2001-06-24 05:00:00",2298.88
"2001-06-25 05:00:00",2298.88
"2001-06-26 05:00:00",2298.88
"2001-06-27 05:00:00",2304.68
"2001-06-28 05:00:00",2307.03
"2001-06-29 05:00:00",2305.33
"2001-06-30 05:00:00",2298.85
"2001-07-01 05:00:00",2298.85
"2001-07-02 05:00:00",2298.85
"2001-07-03 05:00:00",2298.85
"2001-07-04 05:00:00",2300.02
"2001-07-05 05:00:00",2303.26
"2001-07-06 05:00:00",2303.36
"2001-07-07 05:00:00",2304.75
"2001-07-08 05:00:00",2304.75
"2001-07-09 05:00:00",2304.75
"2001-07-10 05:00:00",2305.37
"2001-07-11 05:00:00",2306.16
"2001-07-12 05:00:00",2312.21
"2001-07-13 05:00:00",2323.99
"2001-07-14 05:00:00",2317.92
"2001-07-15 05:00:00",2317.92
"2001-07-16 05:00:00",2317.92
"2001-07-17 05:00:00",2302.56
"2001-07-18 05:00:00",2298.76
"2001-07-19 05:00:00",2298.63
"2001-07-20 05:00:00",2301.67
"2001-07-21 05:00:00",2301.67
"2001-07-22 05:00:00",2301.67
"2001-07-23 05:00:00",2301.67
"2001-07-24 05:00:00",2302.26
"2001-07-25 05:00:00",2301.56
"2001-07-26 05:00:00",2302.7
"2001-07-27 05:00:00",2301.53
"2001-07-28 05:00:00",2301.7
"2001-07-29 05:00:00",2301.7
"2001-07-30 05:00:00",2301.7
"2001-07-31 05:00:00",2298.27
"2001-08-01 05:00:00",2293.25
"2001-08-02 05:00:00",2295.19
"2001-08-03 05:00:00",2298.91
"2001-08-04 05:00:00",2295.72
"2001-08-05 05:00:00",2295.72
"2001-08-06 05:00:00",2295.72
"2001-08-07 05:00:00",2291.46
"2001-08-08 05:00:00",2291.46
"2001-08-09 05:00:00",2295.05
"2001-08-10 05:00:00",2291.5
"2001-08-11 05:00:00",2288.03
"2001-08-12 05:00:00",2288.03
"2001-08-13 05:00:00",2288.03
"2001-08-14 05:00:00",2284.9
"2001-08-15 05:00:00",2284.98
"2001-08-16 05:00:00",2291.41
"2001-08-17 05:00:00",2288.18
"2001-08-18 05:00:00",2285.06
"2001-08-19 05:00:00",2285.06
"2001-08-20 05:00:00",2285.06
"2001-08-21 05:00:00",2285.06
"2001-08-22 05:00:00",2283.86
"2001-08-23 05:00:00",2279.25
"2001-08-24 05:00:00",2275.07
"2001-08-25 05:00:00",2273.5
"2001-08-26 05:00:00",2273.5
"2001-08-27 05:00:00",2273.5
"2001-08-28 05:00:00",2282.56
"2001-08-29 05:00:00",2290.57
"2001-08-30 05:00:00",2297.24
"2001-08-31 05:00:00",2301.23
"2001-09-01 05:00:00",2296.85
"2001-09-02 05:00:00",2296.85
"2001-09-03 05:00:00",2296.85
"2001-09-04 05:00:00",2305.15
"2001-09-05 05:00:00",2305.28
"2001-09-06 05:00:00",2312.87
"2001-09-07 05:00:00",2317.02
"2001-09-08 05:00:00",2320.09
"2001-09-09 05:00:00",2320.09
"2001-09-10 05:00:00",2320.09
"2001-09-11 05:00:00",2324.78
"2001-09-12 05:00:00",2341.28
"2001-09-13 05:00:00",2341.14
"2001-09-14 05:00:00",2337.25
"2001-09-15 05:00:00",2342.44
"2001-09-16 05:00:00",2342.44
"2001-09-17 05:00:00",2342.44
"2001-09-18 05:00:00",2342.18
"2001-09-19 05:00:00",2338.39
"2001-09-20 05:00:00",2342.04
"2001-09-21 05:00:00",2341.68
"2001-09-22 05:00:00",2342.18
"2001-09-23 05:00:00",2342.18
"2001-09-24 05:00:00",2342.18
"2001-09-25 05:00:00",2329.7
"2001-09-26 05:00:00",2327.09
"2001-09-27 05:00:00",2328.49
"2001-09-28 05:00:00",2328.75
"2001-09-29 05:00:00",2332.19
"2001-09-30 05:00:00",2332.19
"2001-10-01 05:00:00",2332.19
"2001-10-02 05:00:00",2338.45
"2001-10-03 05:00:00",2334.24
"2001-10-04 05:00:00",2336.18
"2001-10-05 05:00:00",2336.28
"2001-10-06 05:00:00",2331.03
"2001-10-07 05:00:00",2331.03
"2001-10-08 05:00:00",2331.03
"2001-10-09 05:00:00",2331.02
"2001-10-10 05:00:00",2328.91
"2001-10-11 05:00:00",2320.41
"2001-10-12 05:00:00",2312.33
"2001-10-13 05:00:00",2314.74
"2001-10-14 05:00:00",2314.74
"2001-10-15 05:00:00",2314.74
"2001-10-16 05:00:00",2314.74
"2001-10-17 05:00:00",2303.3
"2001-10-18 05:00:00",2300.01
"2001-10-19 05:00:00",2313.24
"2001-10-20 05:00:00",2315.26
"2001-10-21 05:00:00",2315.26
"2001-10-22 05:00:00",2315.26
"2001-10-23 05:00:00",2318.47
"2001-10-24 05:00:00",2316.14
"2001-10-25 05:00:00",2319.53
"2001-10-26 05:00:00",2316.68
"2001-10-27 05:00:00",2314.5
"2001-10-28 05:00:00",2314.5
"2001-10-29 05:00:00",2314.5
"2001-10-30 05:00:00",2311.42
"2001-10-31 05:00:00",2310.02
"2001-11-01 05:00:00",2309.12
"2001-11-02 05:00:00",2309.89
"2001-11-03 05:00:00",2309.42
"2001-11-04 05:00:00",2309.42
"2001-11-05 05:00:00",2309.42
"2001-11-06 05:00:00",2309.42
"2001-11-07 05:00:00",2309.22
"2001-11-08 05:00:00",2306.57
"2001-11-09 05:00:00",2307.24
"2001-11-10 05:00:00",2303.68
"2001-11-11 05:00:00",2303.68
"2001-11-12 05:00:00",2303.68
"2001-11-13 05:00:00",2303.68
"2001-11-14 05:00:00",2300.69
"2001-11-15 05:00:00",2302.81
"2001-11-16 05:00:00",2311.57
"2001-11-17 05:00:00",2314.33
"2001-11-18 05:00:00",2314.33
"2001-11-19 05:00:00",2314.33
"2001-11-20 05:00:00",2310.9
"2001-11-21 05:00:00",2314.86
"2001-11-22 05:00:00",2319.34
"2001-11-23 05:00:00",2317.57
"2001-11-24 05:00:00",2316.4
"2001-11-25 05:00:00",2316.4
"2001-11-26 05:00:00",2316.4
"2001-11-27 05:00:00",2313.26
"2001-11-28 05:00:00",2312.9
"2001-11-29 05:00:00",2310.97
"2001-11-30 05:00:00",2308.59
"2001-12-01 05:00:00",2303.35
"2001-12-02 05:00:00",2303.35
"2001-12-03 05:00:00",2303.35
"2001-12-04 05:00:00",2304.13
"2001-12-05 05:00:00",2314.76
"2001-12-06 05:00:00",2315.36
"2001-12-07 05:00:00",2314.89
"2001-12-08 05:00:00",2310.9
"2001-12-09 05:00:00",2310.9
"2001-12-10 05:00:00",2310.9
"2001-12-11 05:00:00",2308.41
"2001-12-12 05:00:00",2306.56
"2001-12-13 05:00:00",2307.12
"2001-12-14 05:00:00",2312
"2001-12-15 05:00:00",2318.67
"2001-12-16 05:00:00",2318.67
"2001-12-17 05:00:00",2318.67
"2001-12-18 05:00:00",2310.58
"2001-12-19 05:00:00",2306.82
"2001-12-20 05:00:00",2307.1
"2001-12-21 05:00:00",2306.88
"2001-12-22 05:00:00",2303.15
"2001-12-23 05:00:00",2303.15
"2001-12-24 05:00:00",2303.15
"2001-12-25 05:00:00",2297.59
"2001-12-26 05:00:00",2297.59
"2001-12-27 05:00:00",2297.17
"2001-12-28 05:00:00",2301.33
"2001-12-29 05:00:00",2291.18
"2001-12-30 05:00:00",2291.18
"2001-12-31 05:00:00",2291.18
"2002-01-01 05:00:00",2291.18
"2002-01-02 05:00:00",2291.18
"2002-01-03 05:00:00",2289.42
"2002-01-04 05:00:00",2289.91
"2002-01-05 05:00:00",2295.59
"2002-01-06 05:00:00",2295.59
"2002-01-07 05:00:00",2295.59
"2002-01-08 05:00:00",2295.59
"2002-01-09 05:00:00",2306.31
"2002-01-10 05:00:00",2306.35
"2002-01-11 05:00:00",2311.57
"2002-01-12 05:00:00",2304.54
"2002-01-13 05:00:00",2304.54
"2002-01-14 05:00:00",2304.54
"2002-01-15 05:00:00",2297.31
"2002-01-16 05:00:00",2280.73
"2002-01-17 05:00:00",2265.66
"2002-01-18 05:00:00",2265.01
"2002-01-19 05:00:00",2269.76
"2002-01-20 05:00:00",2269.76
"2002-01-21 05:00:00",2269.76
"2002-01-22 05:00:00",2259.24
"2002-01-23 05:00:00",2247.29
"2002-01-24 05:00:00",2239.92
"2002-01-25 05:00:00",2231.98
"2002-01-26 05:00:00",2242.67
"2002-01-27 05:00:00",2242.67
"2002-01-28 05:00:00",2242.67
"2002-01-29 05:00:00",2252.37
"2002-01-30 05:00:00",2262.45
"2002-01-31 05:00:00",2264.82
"2002-02-01 05:00:00",2265.99
"2002-02-02 05:00:00",2267.33
"2002-02-03 05:00:00",2267.33
"2002-02-04 05:00:00",2267.33
"2002-02-05 05:00:00",2266.61
"2002-02-06 05:00:00",2259.81
"2002-02-07 05:00:00",2254.98
"2002-02-08 05:00:00",2260.17
"2002-02-09 05:00:00",2272.76
"2002-02-10 05:00:00",2272.76
"2002-02-11 05:00:00",2272.76
"2002-02-12 05:00:00",2283.14
"2002-02-13 05:00:00",2290.19
"2002-02-14 05:00:00",2309.27
"2002-02-15 05:00:00",2312.03
"2002-02-16 05:00:00",2288.54
"2002-02-17 05:00:00",2288.54
"2002-02-18 05:00:00",2288.54
"2002-02-19 05:00:00",2288.98
"2002-02-20 05:00:00",2280.98
"2002-02-21 05:00:00",2282.94
"2002-02-22 05:00:00",2309.45
"2002-02-23 05:00:00",2307.75
"2002-02-24 05:00:00",2307.75
"2002-02-25 05:00:00",2307.75
"2002-02-26 05:00:00",2310.21
"2002-02-27 05:00:00",2313.13
"2002-02-28 05:00:00",2309.82
"2002-03-01 05:00:00",2306.45
"2002-03-02 05:00:00",2306.33
"2002-03-03 05:00:00",2306.33
"2002-03-04 05:00:00",2306.33
"2002-03-05 05:00:00",2299.15
"2002-03-06 05:00:00",2293.6
"2002-03-07 05:00:00",2290
"2002-03-08 05:00:00",2289.83
"2002-03-09 05:00:00",2283.83
"2002-03-10 05:00:00",2283.83
"2002-03-11 05:00:00",2283.83
"2002-03-12 05:00:00",2269.88
"2002-03-13 05:00:00",2269.17
"2002-03-14 05:00:00",2270.66
"2002-03-15 05:00:00",2272.27
"2002-03-16 05:00:00",2278.56
"2002-03-17 05:00:00",2278.56
"2002-03-18 05:00:00",2278.56
"2002-03-19 05:00:00",2282.25
"2002-03-20 05:00:00",2274.53
"2002-03-21 05:00:00",2279.6
"2002-03-22 05:00:00",2280
"2002-03-23 05:00:00",2274.47
"2002-03-24 05:00:00",2274.47
"2002-03-25 05:00:00",2274.47
"2002-03-26 05:00:00",2274.47
"2002-03-27 05:00:00",2261.37
"2002-03-28 05:00:00",2261.23
"2002-03-29 05:00:00",2261.23
"2002-03-30 05:00:00",2261.23
"2002-03-31 05:00:00",2261.23
"2002-04-01 05:00:00",2261.23
"2002-04-02 05:00:00",2264.57
"2002-04-03 05:00:00",2257.16
"2002-04-04 05:00:00",2267.99
"2002-04-05 05:00:00",2269.35
"2002-04-06 05:00:00",2263.03
"2002-04-07 05:00:00",2263.03
"2002-04-08 05:00:00",2263.03
"2002-04-09 05:00:00",2255.02
"2002-04-10 05:00:00",2254.45
"2002-04-11 05:00:00",2257.78
"2002-04-12 05:00:00",2261.66
"2002-04-13 05:00:00",2264.98
"2002-04-14 05:00:00",2264.98
"2002-04-15 05:00:00",2264.98
"2002-04-16 05:00:00",2266.92
"2002-04-17 05:00:00",2262.56
"2002-04-18 05:00:00",2261.12
"2002-04-19 05:00:00",2256.66
"2002-04-20 05:00:00",2260.9
"2002-04-21 05:00:00",2260.9
"2002-04-22 05:00:00",2260.9
"2002-04-23 05:00:00",2259.88
"2002-04-24 05:00:00",2263.68
"2002-04-25 05:00:00",2265.7
"2002-04-26 05:00:00",2267.4
"2002-04-27 05:00:00",2270.92
"2002-04-28 05:00:00",2270.92
"2002-04-29 05:00:00",2270.92
"2002-04-30 05:00:00",2275.35
"2002-05-01 05:00:00",2275.43
"2002-05-02 05:00:00",2275.43
"2002-05-03 05:00:00",2279.56
"2002-05-04 05:00:00",2286.39
"2002-05-05 05:00:00",2286.39
"2002-05-06 05:00:00",2286.39
"2002-05-07 05:00:00",2285.64
"2002-05-08 05:00:00",2286.6
"2002-05-09 05:00:00",2284.93
"2002-05-10 05:00:00",2289.17
"2002-05-11 05:00:00",2292
"2002-05-12 05:00:00",2292
"2002-05-13 05:00:00",2292
"2002-05-14 05:00:00",2292
"2002-05-15 05:00:00",2293
"2002-05-16 05:00:00",2300.02
"2002-05-17 05:00:00",2314.21
"2002-05-18 05:00:00",2332.68
"2002-05-19 05:00:00",2332.68
"2002-05-20 05:00:00",2332.68
"2002-05-21 05:00:00",2350.2
"2002-05-22 05:00:00",2363.28
"2002-05-23 05:00:00",2349.8
"2002-05-24 05:00:00",2338.55
"2002-05-25 05:00:00",2331.07
"2002-05-26 05:00:00",2331.07
"2002-05-27 05:00:00",2331.07
"2002-05-28 05:00:00",2309.85
"2002-05-29 05:00:00",2314.3
"2002-05-30 05:00:00",2317.12
"2002-05-31 05:00:00",2321.16
"2002-06-01 05:00:00",2321.68
"2002-06-02 05:00:00",2321.68
"2002-06-03 05:00:00",2321.68
"2002-06-04 05:00:00",2321.68
"2002-06-05 05:00:00",2324.54
"2002-06-06 05:00:00",2331.69
"2002-06-07 05:00:00",2335.3
"2002-06-08 05:00:00",2336.11
"2002-06-09 05:00:00",2336.11
"2002-06-10 05:00:00",2336.11
"2002-06-11 05:00:00",2336.11
"2002-06-12 05:00:00",2340.36
"2002-06-13 05:00:00",2347.68
"2002-06-14 05:00:00",2357.14
"2002-06-15 05:00:00",2369.12
"2002-06-16 05:00:00",2369.12
"2002-06-17 05:00:00",2369.12
"2002-06-18 05:00:00",2379.92
"2002-06-19 05:00:00",2383.31
"2002-06-20 05:00:00",2393.87
"2002-06-21 05:00:00",2391.65
"2002-06-22 05:00:00",2384.22
"2002-06-23 05:00:00",2384.22
"2002-06-24 05:00:00",2384.22
"2002-06-25 05:00:00",2383.41
"2002-06-26 05:00:00",2386.18
"2002-06-27 05:00:00",2392.13
"2002-06-28 05:00:00",2398.14
"2002-06-29 05:00:00",2398.82
"2002-06-30 05:00:00",2398.82
"2002-07-01 05:00:00",2398.82
"2002-07-02 05:00:00",2398.82
"2002-07-03 05:00:00",2410.54
"2002-07-04 05:00:00",2425.42
"2002-07-05 05:00:00",2426.4
"2002-07-06 05:00:00",2434.32
"2002-07-07 05:00:00",2434.32
"2002-07-08 05:00:00",2434.32
"2002-07-09 05:00:00",2457.39
"2002-07-10 05:00:00",2462.18
"2002-07-11 05:00:00",2482.21
"2002-07-12 05:00:00",2506.84
"2002-07-13 05:00:00",2513.99
"2002-07-14 05:00:00",2513.99
"2002-07-15 05:00:00",2513.99
"2002-07-16 05:00:00",2507.21
"2002-07-17 05:00:00",2499.92
"2002-07-18 05:00:00",2524.76
"2002-07-19 05:00:00",2538.47
"2002-07-20 05:00:00",2529.57
"2002-07-21 05:00:00",2529.57
"2002-07-22 05:00:00",2529.57
"2002-07-23 05:00:00",2517.42
"2002-07-24 05:00:00",2539
"2002-07-25 05:00:00",2572.42
"2002-07-26 05:00:00",2580.15
"2002-07-27 05:00:00",2596.26
"2002-07-28 05:00:00",2596.26
"2002-07-29 05:00:00",2596.26
"2002-07-30 05:00:00",2599.57
"2002-07-31 05:00:00",2625.06
"2002-08-01 05:00:00",2636.3
"2002-08-02 05:00:00",2640.35
"2002-08-03 05:00:00",2643.03
"2002-08-04 05:00:00",2643.03
"2002-08-05 05:00:00",2643.03
"2002-08-06 05:00:00",2663.81
"2002-08-07 05:00:00",2670.61
"2002-08-08 05:00:00",2670.61
"2002-08-09 05:00:00",2649.32
"2002-08-10 05:00:00",2568.8
"2002-08-11 05:00:00",2568.8
"2002-08-12 05:00:00",2568.8
"2002-08-13 05:00:00",2595.8
"2002-08-14 05:00:00",2657.98
"2002-08-15 05:00:00",2635.87
"2002-08-16 05:00:00",2648.77
"2002-08-17 05:00:00",2663.61
"2002-08-18 05:00:00",2663.61
"2002-08-19 05:00:00",2663.61
"2002-08-20 05:00:00",2663.61
"2002-08-21 05:00:00",2620.91
"2002-08-22 05:00:00",2626.17
"2002-08-23 05:00:00",2652.96
"2002-08-24 05:00:00",2643.37
"2002-08-25 05:00:00",2643.37
"2002-08-26 05:00:00",2643.37
"2002-08-27 05:00:00",2653.29
"2002-08-28 05:00:00",2672.25
"2002-08-29 05:00:00",2688.64
"2002-08-30 05:00:00",2712.46
"2002-08-31 05:00:00",2703.55
"2002-09-01 05:00:00",2703.55
"2002-09-02 05:00:00",2703.55
"2002-09-03 05:00:00",2679.51
"2002-09-04 05:00:00",2677.39
"2002-09-05 05:00:00",2694.51
"2002-09-06 05:00:00",2714.77
"2002-09-07 05:00:00",2712.14
"2002-09-08 05:00:00",2712.14
"2002-09-09 05:00:00",2712.14
"2002-09-10 05:00:00",2703.63
"2002-09-11 05:00:00",2707.58
"2002-09-12 05:00:00",2718.85
"2002-09-13 05:00:00",2730.91
"2002-09-14 05:00:00",2741.29
"2002-09-15 05:00:00",2741.29
"2002-09-16 05:00:00",2741.29
"2002-09-17 05:00:00",2758.95
"2002-09-18 05:00:00",2783.44
"2002-09-19 05:00:00",2785.81
"2002-09-20 05:00:00",2789.01
"2002-09-21 05:00:00",2815.05
"2002-09-22 05:00:00",2815.05
"2002-09-23 05:00:00",2815.05
"2002-09-24 05:00:00",2793.36
"2002-09-25 05:00:00",2810.46
"2002-09-26 05:00:00",2802.32
"2002-09-27 05:00:00",2825.32
"2002-09-28 05:00:00",2828.08
"2002-09-29 05:00:00",2828.08
"2002-09-30 05:00:00",2828.08
"2002-10-01 05:00:00",2850.65
"2002-10-02 05:00:00",2885.48
"2002-10-03 05:00:00",2888.23
"2002-10-04 05:00:00",2881.78
"2002-10-05 05:00:00",2876.4
"2002-10-06 05:00:00",2876.4
"2002-10-07 05:00:00",2876.4
"2002-10-08 05:00:00",2869.73
"2002-10-09 05:00:00",2850.98
"2002-10-10 05:00:00",2854.04
"2002-10-11 05:00:00",2870.63
"2002-10-12 05:00:00",2861.16
"2002-10-13 05:00:00",2861.16
"2002-10-14 05:00:00",2861.16
"2002-10-15 05:00:00",2861.16
"2002-10-16 05:00:00",2852.99
"2002-10-17 05:00:00",2857.13
"2002-10-18 05:00:00",2853.9
"2002-10-19 05:00:00",2836.34
"2002-10-20 05:00:00",2836.34
"2002-10-21 05:00:00",2836.34
"2002-10-22 05:00:00",2791.46
"2002-10-23 05:00:00",2758.76
"2002-10-24 05:00:00",2744.32
"2002-10-25 05:00:00",2747.07
"2002-10-26 05:00:00",2755.69
"2002-10-27 05:00:00",2755.69
"2002-10-28 05:00:00",2755.69
"2002-10-29 05:00:00",2770.73
"2002-10-30 05:00:00",2781.72
"2002-10-31 05:00:00",2773.73
"2002-11-01 05:00:00",2778.6
"2002-11-02 05:00:00",2778.47
"2002-11-03 05:00:00",2778.47
"2002-11-04 05:00:00",2778.47
"2002-11-05 05:00:00",2778.47
"2002-11-06 05:00:00",2774.58
"2002-11-07 05:00:00",2761.99
"2002-11-08 05:00:00",2743
"2002-11-09 05:00:00",2743.92
"2002-11-10 05:00:00",2743.92
"2002-11-11 05:00:00",2743.92
"2002-11-12 05:00:00",2743.92
"2002-11-13 05:00:00",2727.05
"2002-11-14 05:00:00",2717.89
"2002-11-15 05:00:00",2724.04
"2002-11-16 05:00:00",2703.75
"2002-11-17 05:00:00",2703.75
"2002-11-18 05:00:00",2703.75
"2002-11-19 05:00:00",2679.96
"2002-11-20 05:00:00",2683.04
"2002-11-21 05:00:00",2671.7
"2002-11-22 05:00:00",2666.41
"2002-11-23 05:00:00",2687.25
"2002-11-24 05:00:00",2687.25
"2002-11-25 05:00:00",2687.25
"2002-11-26 05:00:00",2716.95
"2002-11-27 05:00:00",2735.04
"2002-11-28 05:00:00",2754.67
"2002-11-29 05:00:00",2758.28
"2002-11-30 05:00:00",2784.21
"2002-12-01 05:00:00",2784.21
"2002-12-02 05:00:00",2784.21
"2002-12-03 05:00:00",2812.94
"2002-12-04 05:00:00",2826.1
"2002-12-05 05:00:00",2806.63
"2002-12-06 05:00:00",2788.72
"2002-12-07 05:00:00",2782.4
"2002-12-08 05:00:00",2782.4
"2002-12-09 05:00:00",2782.4
"2002-12-10 05:00:00",2815
"2002-12-11 05:00:00",2816.42
"2002-12-12 05:00:00",2801.01
"2002-12-13 05:00:00",2793.16
"2002-12-14 05:00:00",2808.16
"2002-12-15 05:00:00",2808.16
"2002-12-16 05:00:00",2808.16
"2002-12-17 05:00:00",2807.61
"2002-12-18 05:00:00",2805.55
"2002-12-19 05:00:00",2818.81
"2002-12-20 05:00:00",2818.54
"2002-12-21 05:00:00",2814.71
"2002-12-22 05:00:00",2814.71
"2002-12-23 05:00:00",2814.71
"2002-12-24 05:00:00",2826.04
"2002-12-25 05:00:00",2823.95
"2002-12-26 05:00:00",2823.95
"2002-12-27 05:00:00",2843.57
"2002-12-28 05:00:00",2854.29
"2002-12-29 05:00:00",2854.29
"2002-12-30 05:00:00",2854.29
"2002-12-31 05:00:00",2864.79
"2003-01-01 05:00:00",2864.79
"2003-01-02 05:00:00",2864.79
"2003-01-03 05:00:00",2844.82
"2003-01-04 05:00:00",2841.56
"2003-01-05 05:00:00",2841.56
"2003-01-06 05:00:00",2841.56
"2003-01-07 05:00:00",2841.56
"2003-01-08 05:00:00",2881.83
"2003-01-09 05:00:00",2902.92
"2003-01-10 05:00:00",2915.01
"2003-01-11 05:00:00",2905.77
"2003-01-12 05:00:00",2905.77
"2003-01-13 05:00:00",2905.77
"2003-01-14 05:00:00",2906.49
"2003-01-15 05:00:00",2903.05
"2003-01-16 05:00:00",2905.41
"2003-01-17 05:00:00",2928.19
"2003-01-18 05:00:00",2923.58
"2003-01-19 05:00:00",2923.58
"2003-01-20 05:00:00",2923.58
"2003-01-21 05:00:00",2926.06
"2003-01-22 05:00:00",2933.81
"2003-01-23 05:00:00",2947.05
"2003-01-24 05:00:00",2926.88
"2003-01-25 05:00:00",2924.73
"2003-01-26 05:00:00",2924.73
"2003-01-27 05:00:00",2924.73
"2003-01-28 05:00:00",2948.3
"2003-01-29 05:00:00",2965.6
"2003-01-30 05:00:00",2950.71
"2003-01-31 05:00:00",2926.46
"2003-02-01 05:00:00",2940.26
"2003-02-02 05:00:00",2940.26
"2003-02-03 05:00:00",2940.26
"2003-02-04 05:00:00",2957.4
"2003-02-05 05:00:00",2966.78
"2003-02-06 05:00:00",2961.29
"2003-02-07 05:00:00",2963.28
"2003-02-08 05:00:00",2954.03
"2003-02-09 05:00:00",2954.03
"2003-02-10 05:00:00",2954.03
"2003-02-11 05:00:00",2968.88
"2003-02-12 05:00:00",2963.21
"2003-02-13 05:00:00",2960.77
"2003-02-14 05:00:00",2959.75
"2003-02-15 05:00:00",2954.76
"2003-02-16 05:00:00",2954.76
"2003-02-17 05:00:00",2954.76
"2003-02-18 05:00:00",2934.58
"2003-02-19 05:00:00",2929.64
"2003-02-20 05:00:00",2937.44
"2003-02-21 05:00:00",2938.23
"2003-02-22 05:00:00",2939.92
"2003-02-23 05:00:00",2939.92
"2003-02-24 05:00:00",2939.92
"2003-02-25 05:00:00",2949.05
"2003-02-26 05:00:00",2951.81
"2003-02-27 05:00:00",2949.85
"2003-02-28 05:00:00",2956.31
"2003-03-01 05:00:00",2957.87
"2003-03-02 05:00:00",2957.87
"2003-03-03 05:00:00",2957.87
"2003-03-04 05:00:00",2959.97
"2003-03-05 05:00:00",2962.06
"2003-03-06 05:00:00",2960.77
"2003-03-07 05:00:00",2960.11
"2003-03-08 05:00:00",2959.75
"2003-03-09 05:00:00",2959.75
"2003-03-10 05:00:00",2959.75
"2003-03-11 05:00:00",2961.93
"2003-03-12 05:00:00",2962.76
"2003-03-13 05:00:00",2961.99
"2003-03-14 05:00:00",2959.39
"2003-03-15 05:00:00",2958.86
"2003-03-16 05:00:00",2958.86
"2003-03-17 05:00:00",2958.86
"2003-03-18 05:00:00",2956.47
"2003-03-19 05:00:00",2955.84
"2003-03-20 05:00:00",2955.64
"2003-03-21 05:00:00",2954.62
"2003-03-22 05:00:00",2956.06
"2003-03-23 05:00:00",2956.06
"2003-03-24 05:00:00",2956.06
"2003-03-25 05:00:00",2956.06
"2003-03-26 05:00:00",2959.26
"2003-03-27 05:00:00",2959.84
"2003-03-28 05:00:00",2958.73
"2003-03-29 05:00:00",2958.25
"2003-03-30 05:00:00",2958.25
"2003-03-31 05:00:00",2958.25
"2003-04-01 05:00:00",2958.15
"2003-04-02 05:00:00",2958.56
"2003-04-03 05:00:00",2956.5
"2003-04-04 05:00:00",2951.14
"2003-04-05 05:00:00",2946.79
"2003-04-06 05:00:00",2946.79
"2003-04-07 05:00:00",2946.79
"2003-04-08 05:00:00",2942.41
"2003-04-09 05:00:00",2938.32
"2003-04-10 05:00:00",2920.4
"2003-04-11 05:00:00",2911.74
"2003-04-12 05:00:00",2923.07
"2003-04-13 05:00:00",2923.07
"2003-04-14 05:00:00",2923.07
"2003-04-15 05:00:00",2931.69
"2003-04-16 05:00:00",2919.58
"2003-04-17 05:00:00",2918.01
"2003-04-18 05:00:00",2918.01
"2003-04-19 05:00:00",2918.01
"2003-04-20 05:00:00",2918.01
"2003-04-21 05:00:00",2918.01
"2003-04-22 05:00:00",2920.04
"2003-04-23 05:00:00",2916.03
"2003-04-24 05:00:00",2911
"2003-04-25 05:00:00",2908.25
"2003-04-26 05:00:00",2912.83
"2003-04-27 05:00:00",2912.83
"2003-04-28 05:00:00",2912.83
"2003-04-29 05:00:00",2900
"2003-04-30 05:00:00",2887.82
"2003-05-01 05:00:00",2868.43
"2003-05-02 05:00:00",2868.43
"2003-05-03 05:00:00",2865.94
"2003-05-04 05:00:00",2865.94
"2003-05-05 05:00:00",2865.94
"2003-05-06 05:00:00",2858.37
"2003-05-07 05:00:00",2856.98
"2003-05-08 05:00:00",2866.06
"2003-05-09 05:00:00",2848.41
"2003-05-10 05:00:00",2840.04
"2003-05-11 05:00:00",2840.04
"2003-05-12 05:00:00",2840.04
"2003-05-13 05:00:00",2833.86
"2003-05-14 05:00:00",2813.6
"2003-05-15 05:00:00",2821.08
"2003-05-16 05:00:00",2827.99
"2003-05-17 05:00:00",2816.46
"2003-05-18 05:00:00",2816.46
"2003-05-19 05:00:00",2816.46
"2003-05-20 05:00:00",2874.77
"2003-05-21 05:00:00",2909.83
"2003-05-22 05:00:00",2912.46
"2003-05-23 05:00:00",2905.91
"2003-05-24 05:00:00",2868.37
"2003-05-25 05:00:00",2868.37
"2003-05-26 05:00:00",2868.37
"2003-05-27 05:00:00",2868.37
"2003-05-28 05:00:00",2850.03
"2003-05-29 05:00:00",2874.91
"2003-05-30 05:00:00",2855.88
"2003-05-31 05:00:00",2853.33
"2003-06-01 05:00:00",2853.33
"2003-06-02 05:00:00",2853.33
"2003-06-03 05:00:00",2853.33
"2003-06-04 05:00:00",2846.16
"2003-06-05 05:00:00",2849.71
"2003-06-06 05:00:00",2839.21
"2003-06-07 05:00:00",2828.2
"2003-06-08 05:00:00",2828.2
"2003-06-09 05:00:00",2828.2
"2003-06-10 05:00:00",2818.5
"2003-06-11 05:00:00",2809.63
"2003-06-12 05:00:00",2821.27
"2003-06-13 05:00:00",2832.2
"2003-06-14 05:00:00",2821.61
"2003-06-15 05:00:00",2821.61
"2003-06-16 05:00:00",2821.61
"2003-06-17 05:00:00",2818.62
"2003-06-18 05:00:00",2828.96
"2003-06-19 05:00:00",2829.42
"2003-06-20 05:00:00",2827.4
"2003-06-21 05:00:00",2826.36
"2003-06-22 05:00:00",2826.36
"2003-06-23 05:00:00",2826.36
"2003-06-24 05:00:00",2826.36
"2003-06-25 05:00:00",2815.26
"2003-06-26 05:00:00",2806.96
"2003-06-27 05:00:00",2812.28
"2003-06-28 05:00:00",2817.32
"2003-06-29 05:00:00",2817.32
"2003-06-30 05:00:00",2817.32
"2003-07-01 05:00:00",2817.32
"2003-07-02 05:00:00",2817.63
"2003-07-03 05:00:00",2812.4
"2003-07-04 05:00:00",2815.14
"2003-07-05 05:00:00",2815.14
"2003-07-06 05:00:00",2815.14
"2003-07-07 05:00:00",2815.14
"2003-07-08 05:00:00",2820.85
"2003-07-09 05:00:00",2838.88
"2003-07-10 05:00:00",2846.89
"2003-07-11 05:00:00",2855.41
"2003-07-12 05:00:00",2856.96
"2003-07-13 05:00:00",2856.96
"2003-07-14 05:00:00",2856.96
"2003-07-15 05:00:00",2871.88
"2003-07-16 05:00:00",2879.37
"2003-07-17 05:00:00",2888.57
"2003-07-18 05:00:00",2883.9
"2003-07-19 05:00:00",2880.69
"2003-07-20 05:00:00",2880.69
"2003-07-21 05:00:00",2880.69
"2003-07-22 05:00:00",2878.33
"2003-07-23 05:00:00",2878.56
"2003-07-24 05:00:00",2882.7
"2003-07-25 05:00:00",2887.31
"2003-07-26 05:00:00",2888.32
"2003-07-27 05:00:00",2888.32
"2003-07-28 05:00:00",2888.32
"2003-07-29 05:00:00",2883.15
"2003-07-30 05:00:00",2873.17
"2003-07-31 05:00:00",2880.4
"2003-08-01 05:00:00",2879.6
"2003-08-02 05:00:00",2886.87
"2003-08-03 05:00:00",2886.87
"2003-08-04 05:00:00",2886.87
"2003-08-05 05:00:00",2894.58
"2003-08-06 05:00:00",2901.09
"2003-08-07 05:00:00",2887.05
"2003-08-08 05:00:00",2887.05
"2003-08-09 05:00:00",2875.18
"2003-08-10 05:00:00",2875.18
"2003-08-11 05:00:00",2875.18
"2003-08-12 05:00:00",2873.51
"2003-08-13 05:00:00",2868.5
"2003-08-14 05:00:00",2870.67
"2003-08-15 05:00:00",2864.81
"2003-08-16 05:00:00",2861.34
"2003-08-17 05:00:00",2861.34
"2003-08-18 05:00:00",2861.34
"2003-08-19 05:00:00",2861.34
"2003-08-20 05:00:00",2869.29
"2003-08-21 05:00:00",2861.63
"2003-08-22 05:00:00",2853.56
"2003-08-23 05:00:00",2841.25
"2003-08-24 05:00:00",2841.25
"2003-08-25 05:00:00",2841.25
"2003-08-26 05:00:00",2843.66
"2003-08-27 05:00:00",2848.86
"2003-08-28 05:00:00",2850.89
"2003-08-29 05:00:00",2846.26
"2003-08-30 05:00:00",2832.94
"2003-08-31 05:00:00",2832.94
"2003-09-01 05:00:00",2832.94
"2003-09-02 05:00:00",2832.94
"2003-09-03 05:00:00",2841.02
"2003-09-04 05:00:00",2826.46
"2003-09-05 05:00:00",2816.74
"2003-09-06 05:00:00",2820.46
"2003-09-07 05:00:00",2820.46
"2003-09-08 05:00:00",2820.46
"2003-09-09 05:00:00",2822.85
"2003-09-10 05:00:00",2820.2
"2003-09-11 05:00:00",2825.28
"2003-09-12 05:00:00",2829.82
"2003-09-13 05:00:00",2824.88
"2003-09-14 05:00:00",2824.88
"2003-09-15 05:00:00",2824.88
"2003-09-16 05:00:00",2824.53
"2003-09-17 05:00:00",2823.79
"2003-09-18 05:00:00",2823.28
"2003-09-19 05:00:00",2833.64
"2003-09-20 05:00:00",2844.64
"2003-09-21 05:00:00",2844.64
"2003-09-22 05:00:00",2844.64
"2003-09-23 05:00:00",2859.37
"2003-09-24 05:00:00",2866.42
"2003-09-25 05:00:00",2872.3
"2003-09-26 05:00:00",2871.39
"2003-09-27 05:00:00",2879.32
"2003-09-28 05:00:00",2879.32
"2003-09-29 05:00:00",2879.32
"2003-09-30 05:00:00",2889.39
"2003-10-01 05:00:00",2888.21
"2003-10-02 05:00:00",2907.41
"2003-10-03 05:00:00",2905.12
"2003-10-04 05:00:00",2881.88
"2003-10-05 05:00:00",2881.88
"2003-10-06 05:00:00",2881.88
"2003-10-07 05:00:00",2872.7
"2003-10-08 05:00:00",2868.91
"2003-10-09 05:00:00",2887.59
"2003-10-10 05:00:00",2878.39
"2003-10-11 05:00:00",2868.85
"2003-10-12 05:00:00",2868.85
"2003-10-13 05:00:00",2868.85
"2003-10-14 05:00:00",2868.85
"2003-10-15 05:00:00",2865.32
"2003-10-16 05:00:00",2873.7
"2003-10-17 05:00:00",2867.75
"2003-10-18 05:00:00",2865.04
"2003-10-19 05:00:00",2865.04
"2003-10-20 05:00:00",2865.04
"2003-10-21 05:00:00",2864.34
"2003-10-22 05:00:00",2864.25
"2003-10-23 05:00:00",2870.01
"2003-10-24 05:00:00",2872.55
"2003-10-25 05:00:00",2857.88
"2003-10-26 05:00:00",2857.88
"2003-10-27 05:00:00",2857.88
"2003-10-28 05:00:00",2882.77
"2003-10-29 05:00:00",2879.34
"2003-10-30 05:00:00",2870.11
"2003-10-31 05:00:00",2884.17
"2003-11-01 05:00:00",2878.05
"2003-11-02 05:00:00",2878.05
"2003-11-03 05:00:00",2878.05
"2003-11-04 05:00:00",2878.05
"2003-11-05 05:00:00",2869.46
"2003-11-06 05:00:00",2856.34
"2003-11-07 05:00:00",2854.17
"2003-11-08 05:00:00",2843.82
"2003-11-09 05:00:00",2843.82
"2003-11-10 05:00:00",2843.82
"2003-11-11 05:00:00",2840.41
"2003-11-12 05:00:00",2840.41
"2003-11-13 05:00:00",2845.69
"2003-11-14 05:00:00",2850.24
"2003-11-15 05:00:00",2842.53
"2003-11-16 05:00:00",2842.53
"2003-11-17 05:00:00",2842.53
"2003-11-18 05:00:00",2842.53
"2003-11-19 05:00:00",2831.97
"2003-11-20 05:00:00",2826.6
"2003-11-21 05:00:00",2831.1
"2003-11-22 05:00:00",2836.45
"2003-11-23 05:00:00",2836.45
"2003-11-24 05:00:00",2836.45
"2003-11-25 05:00:00",2838.02
"2003-11-26 05:00:00",2839.2
"2003-11-27 05:00:00",2838.7
"2003-11-28 05:00:00",2838.7
"2003-11-29 05:00:00",2836.05
"2003-11-30 05:00:00",2836.05
"2003-12-01 05:00:00",2836.05
"2003-12-02 05:00:00",2829.08
"2003-12-03 05:00:00",2817.14
"2003-12-04 05:00:00",2815.19
"2003-12-05 05:00:00",2815.33
"2003-12-06 05:00:00",2808.42
"2003-12-07 05:00:00",2808.42
"2003-12-08 05:00:00",2808.42
"2003-12-09 05:00:00",2808.42
"2003-12-10 05:00:00",2822.78
"2003-12-11 05:00:00",2815.45
"2003-12-12 05:00:00",2808.31
"2003-12-13 05:00:00",2812.81
"2003-12-14 05:00:00",2812.81
"2003-12-15 05:00:00",2812.81
"2003-12-16 05:00:00",2807.25
"2003-12-17 05:00:00",2793.06
"2003-12-18 05:00:00",2795.21
"2003-12-19 05:00:00",2801.67
"2003-12-20 05:00:00",2806.89
"2003-12-21 05:00:00",2806.89
"2003-12-22 05:00:00",2806.89
"2003-12-23 05:00:00",2809.09
"2003-12-24 05:00:00",2806.33
"2003-12-25 05:00:00",2796.89
"2003-12-26 05:00:00",2796.89
"2003-12-27 05:00:00",2795.21
"2003-12-28 05:00:00",2795.21
"2003-12-29 05:00:00",2795.21
"2003-12-30 05:00:00",2780.82
"2003-12-31 05:00:00",2778.21
"2004-01-01 05:00:00",2778.21
"2004-01-02 05:00:00",2778.21
"2004-01-03 05:00:00",2777.96
"2004-01-04 05:00:00",2777.96
"2004-01-05 05:00:00",2777.96
"2004-01-06 05:00:00",2778.92
"2004-01-07 05:00:00",2765.76
"2004-01-08 05:00:00",2758.83
"2004-01-09 05:00:00",2750.89
"2004-01-10 05:00:00",2754.33
"2004-01-11 05:00:00",2754.33
"2004-01-12 05:00:00",2754.33
"2004-01-13 05:00:00",2754.33
"2004-01-14 05:00:00",2762.31
"2004-01-15 05:00:00",2747.06
"2004-01-16 05:00:00",2723.83
"2004-01-17 05:00:00",2728.7
"2004-01-18 05:00:00",2728.7
"2004-01-19 05:00:00",2728.7
"2004-01-20 05:00:00",2728.7
"2004-01-21 05:00:00",2730.75
"2004-01-22 05:00:00",2740.76
"2004-01-23 05:00:00",2742.88
"2004-01-24 05:00:00",2747.72
"2004-01-25 05:00:00",2747.72
"2004-01-26 05:00:00",2747.72
"2004-01-27 05:00:00",2766.89
"2004-01-28 05:00:00",2736.28
"2004-01-29 05:00:00",2721.56
"2004-01-30 05:00:00",2740.55
"2004-01-31 05:00:00",2742.47
"2004-02-01 05:00:00",2742.47
"2004-02-02 05:00:00",2742.47
"2004-02-03 05:00:00",2738.15
"2004-02-04 05:00:00",2747.28
"2004-02-05 05:00:00",2750.67
"2004-02-06 05:00:00",2748.9
"2004-02-07 05:00:00",2757.14
"2004-02-08 05:00:00",2757.14
"2004-02-09 05:00:00",2757.14
"2004-02-10 05:00:00",2741.17
"2004-02-11 05:00:00",2735.5
"2004-02-12 05:00:00",2736.94
"2004-02-13 05:00:00",2736.42
"2004-02-14 05:00:00",2724.36
"2004-02-15 05:00:00",2724.36
"2004-02-16 05:00:00",2724.36
"2004-02-17 05:00:00",2724.36
"2004-02-18 05:00:00",2715.2
"2004-02-19 05:00:00",2697.66
"2004-02-20 05:00:00",2693.84
"2004-02-21 05:00:00",2700.19
"2004-02-22 05:00:00",2700.19
"2004-02-23 05:00:00",2700.19
"2004-02-24 05:00:00",2665.83
"2004-02-25 05:00:00",2651.94
"2004-02-26 05:00:00",2664.3
"2004-02-27 05:00:00",2686.54
"2004-02-28 05:00:00",2682.34
"2004-02-29 05:00:00",2682.34
"2004-03-01 05:00:00",2682.34
"2004-03-02 05:00:00",2662.81
"2004-03-03 05:00:00",2660.42
"2004-03-04 05:00:00",2670.97
"2004-03-05 05:00:00",2676.41
"2004-03-06 05:00:00",2673.29
"2004-03-07 05:00:00",2673.29
"2004-03-08 05:00:00",2673.29
"2004-03-09 05:00:00",2675.65
"2004-03-10 05:00:00",2679.22
"2004-03-11 05:00:00",2685.17
"2004-03-12 05:00:00",2683.08
"2004-03-13 05:00:00",2669.48
"2004-03-14 05:00:00",2669.48
"2004-03-15 05:00:00",2669.48
"2004-03-16 05:00:00",2661.45
"2004-03-17 05:00:00",2648.97
"2004-03-18 05:00:00",2650.21
"2004-03-19 05:00:00",2669.07
"2004-03-20 05:00:00",2669.39
"2004-03-21 05:00:00",2669.39
"2004-03-22 05:00:00",2669.39
"2004-03-23 05:00:00",2669.39
"2004-03-24 05:00:00",2664.5
"2004-03-25 05:00:00",2667.05
"2004-03-26 05:00:00",2679.33
"2004-03-27 05:00:00",2673.68
"2004-03-28 05:00:00",2673.68
"2004-03-29 05:00:00",2673.68
"2004-03-30 05:00:00",2676.93
"2004-03-31 05:00:00",2678.16
"2004-04-01 05:00:00",2682.09
"2004-04-02 05:00:00",2671.01
"2004-04-03 05:00:00",2666.55
"2004-04-04 05:00:00",2666.55
"2004-04-05 05:00:00",2666.55
"2004-04-06 05:00:00",2667.06
"2004-04-07 05:00:00",2663.05
"2004-04-08 05:00:00",2659.05
"2004-04-09 05:00:00",2659.05
"2004-04-10 05:00:00",2659.05
"2004-04-11 05:00:00",2659.05
"2004-04-12 05:00:00",2659.05
"2004-04-13 05:00:00",2648.8
"2004-04-14 05:00:00",2642.55
"2004-04-15 05:00:00",2631.72
"2004-04-16 05:00:00",2619.59
"2004-04-17 05:00:00",2620.19
"2004-04-18 05:00:00",2620.19
"2004-04-19 05:00:00",2620.19
"2004-04-20 05:00:00",2612.3
"2004-04-21 05:00:00",2620.94
"2004-04-22 05:00:00",2628.19
"2004-04-23 05:00:00",2618.21
"2004-04-24 05:00:00",2622.74
"2004-04-25 05:00:00",2622.74
"2004-04-26 05:00:00",2622.74
"2004-04-27 05:00:00",2613.94
"2004-04-28 05:00:00",2620.97
"2004-04-29 05:00:00",2635.96
"2004-04-30 05:00:00",2646.99
"2004-05-01 05:00:00",2655.18
"2004-05-02 05:00:00",2655.18
"2004-05-03 05:00:00",2655.18
"2004-05-04 05:00:00",2670.92
"2004-05-05 05:00:00",2664.79
"2004-05-06 05:00:00",2658.43
"2004-05-07 05:00:00",2690.68
"2004-05-08 05:00:00",2708.02
"2004-05-09 05:00:00",2708.02
"2004-05-10 05:00:00",2708.02
"2004-05-11 05:00:00",2731.79
"2004-05-12 05:00:00",2729.54
"2004-05-13 05:00:00",2729.01
"2004-05-14 05:00:00",2741.66
"2004-05-15 05:00:00",2719.89
"2004-05-16 05:00:00",2719.89
"2004-05-17 05:00:00",2719.89
"2004-05-18 05:00:00",2713.3
"2004-05-19 05:00:00",2725.45
"2004-05-20 05:00:00",2737.55
"2004-05-21 05:00:00",2759.79
"2004-05-22 05:00:00",2766.83
"2004-05-23 05:00:00",2766.83
"2004-05-24 05:00:00",2766.83
"2004-05-25 05:00:00",2766.83
"2004-05-26 05:00:00",2760.06
"2004-05-27 05:00:00",2754.83
"2004-05-28 05:00:00",2745.91
"2004-05-29 05:00:00",2724.92
"2004-05-30 05:00:00",2724.92
"2004-05-31 05:00:00",2724.92
"2004-06-01 05:00:00",2724.92
"2004-06-02 05:00:00",2736.39
"2004-06-03 05:00:00",2727.68
"2004-06-04 05:00:00",2722.69
"2004-06-05 05:00:00",2715.37
"2004-06-06 05:00:00",2715.37
"2004-06-07 05:00:00",2715.37
"2004-06-08 05:00:00",2707.33
"2004-06-09 05:00:00",2705.97
"2004-06-10 05:00:00",2719.34
"2004-06-11 05:00:00",2732.4
"2004-06-12 05:00:00",2734.94
"2004-06-13 05:00:00",2734.94
"2004-06-14 05:00:00",2734.94
"2004-06-15 05:00:00",2734.94
"2004-06-16 05:00:00",2735.05
"2004-06-17 05:00:00",2725.87
"2004-06-18 05:00:00",2713.07
"2004-06-19 05:00:00",2710.99
"2004-06-20 05:00:00",2710.99
"2004-06-21 05:00:00",2710.99
"2004-06-22 05:00:00",2710.99
"2004-06-23 05:00:00",2709.3
"2004-06-24 05:00:00",2715.53
"2004-06-25 05:00:00",2702.6
"2004-06-26 05:00:00",2697.08
"2004-06-27 05:00:00",2697.08
"2004-06-28 05:00:00",2697.08
"2004-06-29 05:00:00",2695.02
"2004-06-30 05:00:00",2699.58
"2004-07-01 05:00:00",2694.09
"2004-07-02 05:00:00",2682.25
"2004-07-03 05:00:00",2674.1
"2004-07-04 05:00:00",2674.1
"2004-07-05 05:00:00",2674.1
"2004-07-06 05:00:00",2674.1
"2004-07-07 05:00:00",2672.95
"2004-07-08 05:00:00",2675.05
"2004-07-09 05:00:00",2677.42
"2004-07-10 05:00:00",2668.83
"2004-07-11 05:00:00",2668.83
"2004-07-12 05:00:00",2668.83
"2004-07-13 05:00:00",2670.01
"2004-07-14 05:00:00",2674.41
"2004-07-15 05:00:00",2662.19
"2004-07-16 05:00:00",2642.78
"2004-07-17 05:00:00",2628.3
"2004-07-18 05:00:00",2628.3
"2004-07-19 05:00:00",2628.3
"2004-07-20 05:00:00",2632.64
"2004-07-21 05:00:00",2632.64
"2004-07-22 05:00:00",2633.14
"2004-07-23 05:00:00",2619.84
"2004-07-24 05:00:00",2628.46
"2004-07-25 05:00:00",2628.46
"2004-07-26 05:00:00",2628.46
"2004-07-27 05:00:00",2636.32
"2004-07-28 05:00:00",2639.72
"2004-07-29 05:00:00",2634.44
"2004-07-30 05:00:00",2619.55
"2004-07-31 05:00:00",2612.44
"2004-08-01 05:00:00",2612.44
"2004-08-02 05:00:00",2612.44
"2004-08-03 05:00:00",2613.58
"2004-08-04 05:00:00",2605.85
"2004-08-05 05:00:00",2609.39
"2004-08-06 05:00:00",2609.61
"2004-08-07 05:00:00",2602.91
"2004-08-08 05:00:00",2602.91
"2004-08-09 05:00:00",2602.91
"2004-08-10 05:00:00",2597.71
"2004-08-11 05:00:00",2598.98
"2004-08-12 05:00:00",2606.93
"2004-08-13 05:00:00",2614.97
"2004-08-14 05:00:00",2609.92
"2004-08-15 05:00:00",2609.92
"2004-08-16 05:00:00",2609.92
"2004-08-17 05:00:00",2609.92
"2004-08-18 05:00:00",2608.88
"2004-08-19 05:00:00",2609.88
"2004-08-20 05:00:00",2607.62
"2004-08-21 05:00:00",2606.57
"2004-08-22 05:00:00",2606.57
"2004-08-23 05:00:00",2606.57
"2004-08-24 05:00:00",2595.75
"2004-08-25 05:00:00",2589.25
"2004-08-26 05:00:00",2575.51
"2004-08-27 05:00:00",2568.68
"2004-08-28 05:00:00",2574.49
"2004-08-29 05:00:00",2574.49
"2004-08-30 05:00:00",2574.49
"2004-08-31 05:00:00",2551.43
"2004-09-01 05:00:00",2536.51
"2004-09-02 05:00:00",2538.59
"2004-09-03 05:00:00",2552.78
"2004-09-04 05:00:00",2564.89
"2004-09-05 05:00:00",2564.89
"2004-09-06 05:00:00",2564.89
"2004-09-07 05:00:00",2564.89
"2004-09-08 05:00:00",2552.74
"2004-09-09 05:00:00",2536
"2004-09-10 05:00:00",2523.08
"2004-09-11 05:00:00",2535.29
"2004-09-12 05:00:00",2535.29
"2004-09-13 05:00:00",2535.29
"2004-09-14 05:00:00",2525.12
"2004-09-15 05:00:00",2521.77
"2004-09-16 05:00:00",2536.4
"2004-09-17 05:00:00",2522.57
"2004-09-18 05:00:00",2518.3
"2004-09-19 05:00:00",2518.3
"2004-09-20 05:00:00",2518.3
"2004-09-21 05:00:00",2548.2
"2004-09-22 05:00:00",2561.2
"2004-09-23 05:00:00",2560.66
"2004-09-24 05:00:00",2567.83
"2004-09-25 05:00:00",2602.2
"2004-09-26 05:00:00",2602.2
"2004-09-27 05:00:00",2602.2
"2004-09-28 05:00:00",2600.64
"2004-09-29 05:00:00",2596.28
"2004-09-30 05:00:00",2595.17
"2004-10-01 05:00:00",2608.3
"2004-10-02 05:00:00",2630.81
"2004-10-03 05:00:00",2630.81
"2004-10-04 05:00:00",2630.81
"2004-10-05 05:00:00",2629.65
"2004-10-06 05:00:00",2608.36
"2004-10-07 05:00:00",2603.34
"2004-10-08 05:00:00",2601.7
"2004-10-09 05:00:00",2583.74
"2004-10-10 05:00:00",2583.74
"2004-10-11 05:00:00",2583.74
"2004-10-12 05:00:00",2583.74
"2004-10-13 05:00:00",2558.04
"2004-10-14 05:00:00",2553.07
"2004-10-15 05:00:00",2549.1
"2004-10-16 05:00:00",2562.56
"2004-10-17 05:00:00",2562.56
"2004-10-18 05:00:00",2562.56
"2004-10-19 05:00:00",2562.56
"2004-10-20 05:00:00",2556.18
"2004-10-21 05:00:00",2561.33
"2004-10-22 05:00:00",2555.26
"2004-10-23 05:00:00",2553.02
"2004-10-24 05:00:00",2553.02
"2004-10-25 05:00:00",2553.02
"2004-10-26 05:00:00",2568.11
"2004-10-27 05:00:00",2582.39
"2004-10-28 05:00:00",2579.59
"2004-10-29 05:00:00",2585.8
"2004-10-30 05:00:00",2575.19
"2004-10-31 05:00:00",2575.19
"2004-11-01 05:00:00",2575.19
"2004-11-02 05:00:00",2575.19
"2004-11-03 05:00:00",2568.08
"2004-11-04 05:00:00",2561.28
"2004-11-05 05:00:00",2550.37
"2004-11-06 05:00:00",2547.79
"2004-11-07 05:00:00",2547.79
"2004-11-08 05:00:00",2547.79
"2004-11-09 05:00:00",2544.65
"2004-11-10 05:00:00",2542.2
"2004-11-11 05:00:00",2540.47
"2004-11-12 05:00:00",2540.47
"2004-11-13 05:00:00",2541.98
"2004-11-14 05:00:00",2541.98
"2004-11-15 05:00:00",2541.98
"2004-11-16 05:00:00",2541.98
"2004-11-17 05:00:00",2535.89
"2004-11-18 05:00:00",2523.41
"2004-11-19 05:00:00",2515.32
"2004-11-20 05:00:00",2517.86
"2004-11-21 05:00:00",2517.86
"2004-11-22 05:00:00",2517.86
"2004-11-23 05:00:00",2521.81
"2004-11-24 05:00:00",2509.79
"2004-11-25 05:00:00",2501.88
"2004-11-26 05:00:00",2501.88
"2004-11-27 05:00:00",2484.36
"2004-11-28 05:00:00",2484.36
"2004-11-29 05:00:00",2484.36
"2004-11-30 05:00:00",2479.1
"2004-12-01 05:00:00",2479.18
"2004-12-02 05:00:00",2472.12
"2004-12-03 05:00:00",2481.93
"2004-12-04 05:00:00",2475.23
"2004-12-05 05:00:00",2475.23
"2004-12-06 05:00:00",2475.23
"2004-12-07 05:00:00",2466.71
"2004-12-08 05:00:00",2455.12
"2004-12-09 05:00:00",2455.12
"2004-12-10 05:00:00",2464.19
"2004-12-11 05:00:00",2440.72
"2004-12-12 05:00:00",2440.72
"2004-12-13 05:00:00",2440.72
"2004-12-14 05:00:00",2416.29
"2004-12-15 05:00:00",2385.1
"2004-12-16 05:00:00",2376.37
"2004-12-17 05:00:00",2365.75
"2004-12-18 05:00:00",2361.46
"2004-12-19 05:00:00",2361.46
"2004-12-20 05:00:00",2361.46
"2004-12-21 05:00:00",2329.79
"2004-12-22 05:00:00",2316.12
"2004-12-23 05:00:00",2381.03
"2004-12-24 05:00:00",2404.4
"2004-12-25 05:00:00",2375.99
"2004-12-26 05:00:00",2375.99
"2004-12-27 05:00:00",2375.99
"2004-12-28 05:00:00",2385.32
"2004-12-29 05:00:00",2415.37
"2004-12-30 05:00:00",2412.1
"2004-12-31 05:00:00",2389.75
"2005-01-01 05:00:00",2389.75
"2005-01-02 05:00:00",2389.75
"2005-01-03 05:00:00",2389.75
"2005-01-04 05:00:00",2338.84
"2005-01-05 05:00:00",2315.45
"2005-01-06 05:00:00",2344.45
"2005-01-07 05:00:00",2386.67
"2005-01-08 05:00:00",2358.54
"2005-01-09 05:00:00",2358.54
"2005-01-10 05:00:00",2358.54
"2005-01-11 05:00:00",2358.54
"2005-01-12 05:00:00",2380.96
"2005-01-13 05:00:00",2358.64
"2005-01-14 05:00:00",2340.42
"2005-01-15 05:00:00",2351.23
"2005-01-16 05:00:00",2351.23
"2005-01-17 05:00:00",2351.23
"2005-01-18 05:00:00",2351.23
"2005-01-19 05:00:00",2371.77
"2005-01-20 05:00:00",2363.69
"2005-01-21 05:00:00",2381.54
"2005-01-22 05:00:00",2373.86
"2005-01-23 05:00:00",2373.86
"2005-01-24 05:00:00",2373.86
"2005-01-25 05:00:00",2370.77
"2005-01-26 05:00:00",2370.08
"2005-01-27 05:00:00",2370.95
"2005-01-28 05:00:00",2372.63
"2005-01-29 05:00:00",2367.76
"2005-01-30 05:00:00",2367.76
"2005-01-31 05:00:00",2367.76
"2005-02-01 05:00:00",2363.75
"2005-02-02 05:00:00",2358.16
"2005-02-03 05:00:00",2364.13
"2005-02-04 05:00:00",2365.08
"2005-02-05 05:00:00",2361.92
"2005-02-06 05:00:00",2361.92
"2005-02-07 05:00:00",2361.92
"2005-02-08 05:00:00",2365.79
"2005-02-09 05:00:00",2364.16
"2005-02-10 05:00:00",2358.61
"2005-02-11 05:00:00",2344.94
"2005-02-12 05:00:00",2346.04
"2005-02-13 05:00:00",2346.04
"2005-02-14 05:00:00",2346.04
"2005-02-15 05:00:00",2338.27
"2005-02-16 05:00:00",2330.62
"2005-02-17 05:00:00",2331.7
"2005-02-18 05:00:00",2327.45
"2005-02-19 05:00:00",2318.12
"2005-02-20 05:00:00",2318.12
"2005-02-21 05:00:00",2318.12
"2005-02-22 05:00:00",2318.12
"2005-02-23 05:00:00",2311.83
"2005-02-24 05:00:00",2308.58
"2005-02-25 05:00:00",2308.7
"2005-02-26 05:00:00",2323.77
"2005-02-27 05:00:00",2323.77
"2005-02-28 05:00:00",2323.77
"2005-03-01 05:00:00",2327.98
"2005-03-02 05:00:00",2329.67
"2005-03-03 05:00:00",2333.65
"2005-03-04 05:00:00",2333.7
"2005-03-05 05:00:00",2338.93
"2005-03-06 05:00:00",2338.93
"2005-03-07 05:00:00",2338.93
"2005-03-08 05:00:00",2324.89
"2005-03-09 05:00:00",2325.69
"2005-03-10 05:00:00",2334.11
"2005-03-11 05:00:00",2340.34
"2005-03-12 05:00:00",2332.72
"2005-03-13 05:00:00",2332.72
"2005-03-14 05:00:00",2332.72
"2005-03-15 05:00:00",2346.71
"2005-03-16 05:00:00",2362.36
"2005-03-17 05:00:00",2386.47
"2005-03-18 05:00:00",2374.46
"2005-03-19 05:00:00",2371.43
"2005-03-20 05:00:00",2371.43
"2005-03-21 05:00:00",2371.43
"2005-03-22 05:00:00",2371.43
"2005-03-23 05:00:00",2361.78
"2005-03-24 05:00:00",2382.3
"2005-03-25 05:00:00",2382.3
"2005-03-26 05:00:00",2382.3
"2005-03-27 05:00:00",2382.3
"2005-03-28 05:00:00",2382.3
"2005-03-29 05:00:00",2397.25
"2005-03-30 05:00:00",2393.32
"2005-03-31 05:00:00",2376.48
"2005-04-01 05:00:00",2363.23
"2005-04-02 05:00:00",2365.98
"2005-04-03 05:00:00",2365.98
"2005-04-04 05:00:00",2365.98
"2005-04-05 05:00:00",2374.47
"2005-04-06 05:00:00",2369.67
"2005-04-07 05:00:00",2362.28
"2005-04-08 05:00:00",2353.16
"2005-04-09 05:00:00",2349.8
"2005-04-10 05:00:00",2349.8
"2005-04-11 05:00:00",2349.8
"2005-04-12 05:00:00",2331.95
"2005-04-13 05:00:00",2335.4
"2005-04-14 05:00:00",2328.74
"2005-04-15 05:00:00",2346.09
"2005-04-16 05:00:00",2363.96
"2005-04-17 05:00:00",2363.96
"2005-04-18 05:00:00",2363.96
"2005-04-19 05:00:00",2363.3
"2005-04-20 05:00:00",2355.64
"2005-04-21 05:00:00",2344.45
"2005-04-22 05:00:00",2336.35
"2005-04-23 05:00:00",2336.25
"2005-04-24 05:00:00",2336.25
"2005-04-25 05:00:00",2336.25
"2005-04-26 05:00:00",2343.97
"2005-04-27 05:00:00",2342.56
"2005-04-28 05:00:00",2338.07
"2005-04-29 05:00:00",2344.87
"2005-04-30 05:00:00",2348.32
"2005-05-01 05:00:00",2348.32
"2005-05-02 05:00:00",2348.32
"2005-05-03 05:00:00",2349.59
"2005-05-04 05:00:00",2345.45
"2005-05-05 05:00:00",2337.08
"2005-05-06 05:00:00",2338.44
"2005-05-07 05:00:00",2339.06
"2005-05-08 05:00:00",2339.06
"2005-05-09 05:00:00",2339.06
"2005-05-10 05:00:00",2339.06
"2005-05-11 05:00:00",2339.77
"2005-05-12 05:00:00",2340.99
"2005-05-13 05:00:00",2344
"2005-05-14 05:00:00",2348.69
"2005-05-15 05:00:00",2348.69
"2005-05-16 05:00:00",2348.69
"2005-05-17 05:00:00",2347.25
"2005-05-18 05:00:00",2341.72
"2005-05-19 05:00:00",2339.44
"2005-05-20 05:00:00",2336.99
"2005-05-21 05:00:00",2337
"2005-05-22 05:00:00",2337
"2005-05-23 05:00:00",2337
"2005-05-24 05:00:00",2329.05
"2005-05-25 05:00:00",2328.69
"2005-05-26 05:00:00",2329.35
"2005-05-27 05:00:00",2330.79
"2005-05-28 05:00:00",2332.79
"2005-05-29 05:00:00",2332.79
"2005-05-30 05:00:00",2332.79
"2005-05-31 05:00:00",2332.79
"2005-06-01 05:00:00",2338.89
"2005-06-02 05:00:00",2339.67
"2005-06-03 05:00:00",2336.65
"2005-06-04 05:00:00",2330.93
"2005-06-05 05:00:00",2330.93
"2005-06-06 05:00:00",2330.93
"2005-06-07 05:00:00",2330.93
"2005-06-08 05:00:00",2331.38
"2005-06-09 05:00:00",2347.83
"2005-06-10 05:00:00",2361.41
"2005-06-11 05:00:00",2349.17
"2005-06-12 05:00:00",2349.17
"2005-06-13 05:00:00",2349.17
"2005-06-14 05:00:00",2345.6
"2005-06-15 05:00:00",2334.27
"2005-06-16 05:00:00",2330.33
"2005-06-17 05:00:00",2326.43
"2005-06-18 05:00:00",2322.05
"2005-06-19 05:00:00",2322.05
"2005-06-20 05:00:00",2322.05
"2005-06-21 05:00:00",2319.11
"2005-06-22 05:00:00",2314.89
"2005-06-23 05:00:00",2316.45
"2005-06-24 05:00:00",2319.27
"2005-06-25 05:00:00",2320.29
"2005-06-26 05:00:00",2320.29
"2005-06-27 05:00:00",2320.29
"2005-06-28 05:00:00",2323.19
"2005-06-29 05:00:00",2327.9
"2005-06-30 05:00:00",2331.81
"2005-07-01 05:00:00",2324.22
"2005-07-02 05:00:00",2324.69
"2005-07-03 05:00:00",2324.69
"2005-07-04 05:00:00",2324.69
"2005-07-05 05:00:00",2324.69
"2005-07-06 05:00:00",2338.17
"2005-07-07 05:00:00",2338.86
"2005-07-08 05:00:00",2332.7
"2005-07-09 05:00:00",2330.72
"2005-07-10 05:00:00",2330.72
"2005-07-11 05:00:00",2330.72
"2005-07-12 05:00:00",2324.37
"2005-07-13 05:00:00",2323.08
"2005-07-14 05:00:00",2326.09
"2005-07-15 05:00:00",2329.4
"2005-07-16 05:00:00",2332.07
"2005-07-17 05:00:00",2332.07
"2005-07-18 05:00:00",2332.07
"2005-07-19 05:00:00",2320.26
"2005-07-20 05:00:00",2312.73
"2005-07-21 05:00:00",2312.73
"2005-07-22 05:00:00",2312.82
"2005-07-23 05:00:00",2316.42
"2005-07-24 05:00:00",2316.42
"2005-07-25 05:00:00",2316.42
"2005-07-26 05:00:00",2315.39
"2005-07-27 05:00:00",2316.93
"2005-07-28 05:00:00",2313.84
"2005-07-29 05:00:00",2311.43
"2005-07-30 05:00:00",2308.49
"2005-07-31 05:00:00",2308.49
"2005-08-01 05:00:00",2308.49
"2005-08-02 05:00:00",2308.42
"2005-08-03 05:00:00",2305.95
"2005-08-04 05:00:00",2306.51
"2005-08-05 05:00:00",2307.4
"2005-08-06 05:00:00",2307.69
"2005-08-07 05:00:00",2307.69
"2005-08-08 05:00:00",2307.69
"2005-08-09 05:00:00",2308.3
"2005-08-10 05:00:00",2305.63
"2005-08-11 05:00:00",2299.75
"2005-08-12 05:00:00",2313.52
"2005-08-13 05:00:00",2308.38
"2005-08-14 05:00:00",2308.38
"2005-08-15 05:00:00",2308.38
"2005-08-16 05:00:00",2308.38
"2005-08-17 05:00:00",2301.74
"2005-08-18 05:00:00",2303.2
"2005-08-19 05:00:00",2307.45
"2005-08-20 05:00:00",2309.83
"2005-08-21 05:00:00",2309.83
"2005-08-22 05:00:00",2309.83
"2005-08-23 05:00:00",2304.26
"2005-08-24 05:00:00",2302.59
"2005-08-25 05:00:00",2305.05
"2005-08-26 05:00:00",2305.87
"2005-08-27 05:00:00",2306.71
"2005-08-28 05:00:00",2306.71
"2005-08-29 05:00:00",2306.71
"2005-08-30 05:00:00",2305.15
"2005-08-31 05:00:00",2304.3
"2005-09-01 05:00:00",2302.78
"2005-09-02 05:00:00",2298.85
"2005-09-03 05:00:00",2295.31
"2005-09-04 05:00:00",2295.31
"2005-09-05 05:00:00",2295.31
"2005-09-06 05:00:00",2295.31
"2005-09-07 05:00:00",2286.61
"2005-09-08 05:00:00",2279.95
"2005-09-09 05:00:00",2289.3
"2005-09-10 05:00:00",2305.09
"2005-09-11 05:00:00",2305.09
"2005-09-12 05:00:00",2305.09
"2005-09-13 05:00:00",2306.71
"2005-09-14 05:00:00",2295.02
"2005-09-15 05:00:00",2290.02
"2005-09-16 05:00:00",2299.82
"2005-09-17 05:00:00",2301.99
"2005-09-18 05:00:00",2301.99
"2005-09-19 05:00:00",2301.99
"2005-09-20 05:00:00",2295.57
"2005-09-21 05:00:00",2300.58
"2005-09-22 05:00:00",2291.05
"2005-09-23 05:00:00",2292.59
"2005-09-24 05:00:00",2290.03
"2005-09-25 05:00:00",2290.03
"2005-09-26 05:00:00",2290.03
"2005-09-27 05:00:00",2289.18
"2005-09-28 05:00:00",2290.74
"2005-09-29 05:00:00",2293.29
"2005-09-30 05:00:00",2289.61
"2005-10-01 05:00:00",2288.22
"2005-10-02 05:00:00",2288.22
"2005-10-03 05:00:00",2288.22
"2005-10-04 05:00:00",2289.13
"2005-10-05 05:00:00",2289.79
"2005-10-06 05:00:00",2294.12
"2005-10-07 05:00:00",2302.79
"2005-10-08 05:00:00",2303.01
"2005-10-09 05:00:00",2303.01
"2005-10-10 05:00:00",2303.01
"2005-10-11 05:00:00",2303.01
"2005-10-12 05:00:00",2299.94
"2005-10-13 05:00:00",2299.47
"2005-10-14 05:00:00",2298.99
"2005-10-15 05:00:00",2294.75
"2005-10-16 05:00:00",2294.75
"2005-10-17 05:00:00",2294.75
"2005-10-18 05:00:00",2294.75
"2005-10-19 05:00:00",2288.69
"2005-10-20 05:00:00",2283.96
"2005-10-21 05:00:00",2289.15
"2005-10-22 05:00:00",2288.69
"2005-10-23 05:00:00",2288.69
"2005-10-24 05:00:00",2288.69
"2005-10-25 05:00:00",2285.37
"2005-10-26 05:00:00",2284.05
"2005-10-27 05:00:00",2288.52
"2005-10-28 05:00:00",2289.87
"2005-10-29 05:00:00",2289.57
"2005-10-30 05:00:00",2289.57
"2005-10-31 05:00:00",2289.57
"2005-11-01 05:00:00",2287.51
"2005-11-02 05:00:00",2285.83
"2005-11-03 05:00:00",2285.24
"2005-11-04 05:00:00",2283.78
"2005-11-05 05:00:00",2282.76
"2005-11-06 05:00:00",2282.76
"2005-11-07 05:00:00",2282.76
"2005-11-08 05:00:00",2282.76
"2005-11-09 05:00:00",2282.67
"2005-11-10 05:00:00",2280.94
"2005-11-11 05:00:00",2280.19
"2005-11-12 05:00:00",2280.19
"2005-11-13 05:00:00",2280.19
"2005-11-14 05:00:00",2280.19
"2005-11-15 05:00:00",2280.19
"2005-11-16 05:00:00",2280.43
"2005-11-17 05:00:00",2278.23
"2005-11-18 05:00:00",2277.99
"2005-11-19 05:00:00",2277.73
"2005-11-20 05:00:00",2277.73
"2005-11-21 05:00:00",2277.73
"2005-11-22 05:00:00",2276.64
"2005-11-23 05:00:00",2278.48
"2005-11-24 05:00:00",2277.92
"2005-11-25 05:00:00",2277.92
"2005-11-26 05:00:00",2275.4
"2005-11-27 05:00:00",2275.4
"2005-11-28 05:00:00",2275.4
"2005-11-29 05:00:00",2273.08
"2005-11-30 05:00:00",2274.04
"2005-12-01 05:00:00",2274.71
"2005-12-02 05:00:00",2272.95
"2005-12-03 05:00:00",2274.39
"2005-12-04 05:00:00",2274.39
"2005-12-05 05:00:00",2274.39
"2005-12-06 05:00:00",2274.1
"2005-12-07 05:00:00",2274.19
"2005-12-08 05:00:00",2274.06
"2005-12-09 05:00:00",2274.06
"2005-12-10 05:00:00",2275.09
"2005-12-11 05:00:00",2275.09
"2005-12-12 05:00:00",2275.09
"2005-12-13 05:00:00",2275.47
"2005-12-14 05:00:00",2275.33
"2005-12-15 05:00:00",2275.45
"2005-12-16 05:00:00",2276.7
"2005-12-17 05:00:00",2277.85
"2005-12-18 05:00:00",2277.85
"2005-12-19 05:00:00",2277.85
"2005-12-20 05:00:00",2286.83
"2005-12-21 05:00:00",2286.46
"2005-12-22 05:00:00",2285.61
"2005-12-23 05:00:00",2283.47
"2005-12-24 05:00:00",2282.36
"2005-12-25 05:00:00",2282.36
"2005-12-26 05:00:00",2282.36
"2005-12-27 05:00:00",2282.36
"2005-12-28 05:00:00",2283.11
"2005-12-29 05:00:00",2282.35
"2005-12-30 05:00:00",2284.22
"2005-12-31 05:00:00",2284.22
"2006-01-01 05:00:00",2284.22
"2006-01-02 05:00:00",2284.22
"2006-01-03 05:00:00",2284.22
"2006-01-04 05:00:00",2282.27
"2006-01-05 05:00:00",2282.13
"2006-01-06 05:00:00",2279.99
"2006-01-07 05:00:00",2278.4
"2006-01-08 05:00:00",2278.4
"2006-01-09 05:00:00",2278.4
"2006-01-10 05:00:00",2278.4
"2006-01-11 05:00:00",2276.58
"2006-01-12 05:00:00",2274.73
"2006-01-13 05:00:00",2274.59
"2006-01-14 05:00:00",2273.31
"2006-01-15 05:00:00",2273.31
"2006-01-16 05:00:00",2273.31
"2006-01-17 05:00:00",2273.31
"2006-01-18 05:00:00",2270.88
"2006-01-19 05:00:00",2271.55
"2006-01-20 05:00:00",2269.7
"2006-01-21 05:00:00",2269.41
"2006-01-22 05:00:00",2269.41
"2006-01-23 05:00:00",2269.41
"2006-01-24 05:00:00",2262.04
"2006-01-25 05:00:00",2262.87
"2006-01-26 05:00:00",2273.5
"2006-01-27 05:00:00",2270.85
"2006-01-28 05:00:00",2266.66
"2006-01-29 05:00:00",2266.66
"2006-01-30 05:00:00",2266.66
"2006-01-31 05:00:00",2265.65
"2006-02-01 05:00:00",2267.63
"2006-02-02 05:00:00",2267.39
"2006-02-03 05:00:00",2266.07
"2006-02-04 05:00:00",2265.22
"2006-02-05 05:00:00",2265.22
"2006-02-06 05:00:00",2265.22
"2006-02-07 05:00:00",2259.64
"2006-02-08 05:00:00",2256.57
"2006-02-09 05:00:00",2259.07
"2006-02-10 05:00:00",2256.95
"2006-02-11 05:00:00",2253.1
"2006-02-12 05:00:00",2253.1
"2006-02-13 05:00:00",2253.1
"2006-02-14 05:00:00",2254.03
"2006-02-15 05:00:00",2254.98
"2006-02-16 05:00:00",2253.68
"2006-02-17 05:00:00",2254.11
"2006-02-18 05:00:00",2253.89
"2006-02-19 05:00:00",2253.89
"2006-02-20 05:00:00",2253.89
"2006-02-21 05:00:00",2253.89
"2006-02-22 05:00:00",2253.42
"2006-02-23 05:00:00",2251.78
"2006-02-24 05:00:00",2249.9
"2006-02-25 05:00:00",2246.18
"2006-02-26 05:00:00",2246.18
"2006-02-27 05:00:00",2246.18
"2006-02-28 05:00:00",2247.32
"2006-03-01 05:00:00",2245.71
"2006-03-02 05:00:00",2247.48
"2006-03-03 05:00:00",2251.45
"2006-03-04 05:00:00",2256.17
"2006-03-05 05:00:00",2256.17
"2006-03-06 05:00:00",2256.17
"2006-03-07 05:00:00",2259.12
"2006-03-08 05:00:00",2258.11
"2006-03-09 05:00:00",2254.55
"2006-03-10 05:00:00",2257.67
"2006-03-11 05:00:00",2265.15
"2006-03-12 05:00:00",2265.15
"2006-03-13 05:00:00",2265.15
"2006-03-14 05:00:00",2263.46
"2006-03-15 05:00:00",2262.41
"2006-03-16 05:00:00",2259.53
"2006-03-17 05:00:00",2258.01
"2006-03-18 05:00:00",2257.01
"2006-03-19 05:00:00",2257.01
"2006-03-20 05:00:00",2257.01
"2006-03-21 05:00:00",2257.01
"2006-03-22 05:00:00",2259.19
"2006-03-23 05:00:00",2263.31
"2006-03-24 05:00:00",2265.49
"2006-03-25 05:00:00",2266.95
"2006-03-26 05:00:00",2266.95
"2006-03-27 05:00:00",2266.95
"2006-03-28 05:00:00",2268.35
"2006-03-29 05:00:00",2276.08
"2006-03-30 05:00:00",2286.73
"2006-03-31 05:00:00",2289.98
"2006-04-01 05:00:00",2293.38
"2006-04-02 05:00:00",2293.38
"2006-04-03 05:00:00",2293.38
"2006-04-04 05:00:00",2296.18
"2006-04-05 05:00:00",2288.67
"2006-04-06 05:00:00",2294.99
"2006-04-07 05:00:00",2313.05
"2006-04-08 05:00:00",2342.35
"2006-04-09 05:00:00",2342.35
"2006-04-10 05:00:00",2342.35
"2006-04-11 05:00:00",2352.58
"2006-04-12 05:00:00",2336.26
"2006-04-13 05:00:00",2335.16
"2006-04-14 05:00:00",2335.16
"2006-04-15 05:00:00",2335.16
"2006-04-16 05:00:00",2335.16
"2006-04-17 05:00:00",2335.16
"2006-04-18 05:00:00",2366.15
"2006-04-19 05:00:00",2349.03
"2006-04-20 05:00:00",2344.73
"2006-04-21 05:00:00",2336.1
"2006-04-22 05:00:00",2337.42
"2006-04-23 05:00:00",2337.42
"2006-04-24 05:00:00",2337.42
"2006-04-25 05:00:00",2332.99
"2006-04-26 05:00:00",2348.49
"2006-04-27 05:00:00",2373.94
"2006-04-28 05:00:00",2375.66
"2006-04-29 05:00:00",2375.03
"2006-04-30 05:00:00",2375.03
"2006-05-01 05:00:00",2375.03
"2006-05-02 05:00:00",2375.03
"2006-05-03 05:00:00",2380.31
"2006-05-04 05:00:00",2377.59
"2006-05-05 05:00:00",2381.36
"2006-05-06 05:00:00",2370.63
"2006-05-07 05:00:00",2370.63
"2006-05-08 05:00:00",2370.63
"2006-05-09 05:00:00",2351.06
"2006-05-10 05:00:00",2338.76
"2006-05-11 05:00:00",2329.35
"2006-05-12 05:00:00",2346.06
"2006-05-13 05:00:00",2375.86
"2006-05-14 05:00:00",2375.86
"2006-05-15 05:00:00",2375.86
"2006-05-16 05:00:00",2424.27
"2006-05-17 05:00:00",2410.96
"2006-05-18 05:00:00",2435.52
"2006-05-19 05:00:00",2450.63
"2006-05-20 05:00:00",2452.5
"2006-05-21 05:00:00",2452.5
"2006-05-22 05:00:00",2452.5
"2006-05-23 05:00:00",2493.98
"2006-05-24 05:00:00",2490.06
"2006-05-25 05:00:00",2518.34
"2006-05-26 05:00:00",2517.44
"2006-05-27 05:00:00",2475.75
"2006-05-28 05:00:00",2475.75
"2006-05-29 05:00:00",2475.75
"2006-05-30 05:00:00",2475.75
"2006-05-31 05:00:00",2482.41
"2006-06-01 05:00:00",2486.07
"2006-06-02 05:00:00",2484.62
"2006-06-03 05:00:00",2450.8
"2006-06-04 05:00:00",2450.8
"2006-06-05 05:00:00",2450.8
"2006-06-06 05:00:00",2443.72
"2006-06-07 05:00:00",2470.99
"2006-06-08 05:00:00",2482.15
"2006-06-09 05:00:00",2511.34
"2006-06-10 05:00:00",2510.82
"2006-06-11 05:00:00",2510.82
"2006-06-12 05:00:00",2510.82
"2006-06-13 05:00:00",2534.83
"2006-06-14 05:00:00",2569.1
"2006-06-15 05:00:00",2570.11
"2006-06-16 05:00:00",2564.3
"2006-06-17 05:00:00",2559.04
"2006-06-18 05:00:00",2559.04
"2006-06-19 05:00:00",2559.04
"2006-06-20 05:00:00",2559.04
"2006-06-21 05:00:00",2568.12
"2006-06-22 05:00:00",2566.76
"2006-06-23 05:00:00",2578.02
"2006-06-24 05:00:00",2607.13
"2006-06-25 05:00:00",2607.13
"2006-06-26 05:00:00",2607.13
"2006-06-27 05:00:00",2607.13
"2006-06-28 05:00:00",2619.75
"2006-06-29 05:00:00",2634.06
"2006-06-30 05:00:00",2633.12
"2006-07-01 05:00:00",2579.08
"2006-07-02 05:00:00",2579.08
"2006-07-03 05:00:00",2579.08
"2006-07-04 05:00:00",2579.08
"2006-07-05 05:00:00",2579.08
"2006-07-06 05:00:00",2574.74
"2006-07-07 05:00:00",2562.85
"2006-07-08 05:00:00",2525.5
"2006-07-09 05:00:00",2525.5
"2006-07-10 05:00:00",2525.5
"2006-07-11 05:00:00",2491.45
"2006-07-12 05:00:00",2488.33
"2006-07-13 05:00:00",2512.4
"2006-07-14 05:00:00",2534.13
"2006-07-15 05:00:00",2549.77
"2006-07-16 05:00:00",2549.77
"2006-07-17 05:00:00",2549.77
"2006-07-18 05:00:00",2556.72
"2006-07-19 05:00:00",2531.85
"2006-07-20 05:00:00",2521.18
"2006-07-21 05:00:00",2521.18
"2006-07-22 05:00:00",2470.32
"2006-07-23 05:00:00",2470.32
"2006-07-24 05:00:00",2470.32
"2006-07-25 05:00:00",2450.79
"2006-07-26 05:00:00",2458.56
"2006-07-27 05:00:00",2466.95
"2006-07-28 05:00:00",2443.35
"2006-07-29 05:00:00",2426
"2006-07-30 05:00:00",2426
"2006-07-31 05:00:00",2426
"2006-08-01 05:00:00",2426.52
"2006-08-02 05:00:00",2436.43
"2006-08-03 05:00:00",2429.24
"2006-08-04 05:00:00",2415.51
"2006-08-05 05:00:00",2389.87
"2006-08-06 05:00:00",2389.87
"2006-08-07 05:00:00",2389.87
"2006-08-08 05:00:00",2389.87
"2006-08-09 05:00:00",2388.13
"2006-08-10 05:00:00",2363.82
"2006-08-11 05:00:00",2363.56
"2006-08-12 05:00:00",2371.77
"2006-08-13 05:00:00",2371.77
"2006-08-14 05:00:00",2371.77
"2006-08-15 05:00:00",2372.95
"2006-08-16 05:00:00",2362.28
"2006-08-17 05:00:00",2356.49
"2006-08-18 05:00:00",2366.36
"2006-08-19 05:00:00",2370.49
"2006-08-20 05:00:00",2370.49
"2006-08-21 05:00:00",2370.49
"2006-08-22 05:00:00",2370.49
"2006-08-23 05:00:00",2362.67
"2006-08-24 05:00:00",2374.59
"2006-08-25 05:00:00",2398
"2006-08-26 05:00:00",2425.65
"2006-08-27 05:00:00",2425.65
"2006-08-28 05:00:00",2425.65
"2006-08-29 05:00:00",2409.54
"2006-08-30 05:00:00",2402.07
"2006-08-31 05:00:00",2396.63
"2006-09-01 05:00:00",2398.56
"2006-09-02 05:00:00",2398.83
"2006-09-03 05:00:00",2398.83
"2006-09-04 05:00:00",2398.83
"2006-09-05 05:00:00",2398.83
"2006-09-06 05:00:00",2377.18
"2006-09-07 05:00:00",2381.46
"2006-09-08 05:00:00",2387.31
"2006-09-09 05:00:00",2388.54
"2006-09-10 05:00:00",2388.54
"2006-09-11 05:00:00",2388.54
"2006-09-12 05:00:00",2409.93
"2006-09-13 05:00:00",2406.89
"2006-09-14 05:00:00",2399.92
"2006-09-15 05:00:00",2392.81
"2006-09-16 05:00:00",2390.66
"2006-09-17 05:00:00",2390.66
"2006-09-18 05:00:00",2390.66
"2006-09-19 05:00:00",2395.43
"2006-09-20 05:00:00",2396.41
"2006-09-21 05:00:00",2399.46
"2006-09-22 05:00:00",2408.62
"2006-09-23 05:00:00",2417.23
"2006-09-24 05:00:00",2417.23
"2006-09-25 05:00:00",2417.23
"2006-09-26 05:00:00",2420.25
"2006-09-27 05:00:00",2411.68
"2006-09-28 05:00:00",2399.36
"2006-09-29 05:00:00",2397.07
"2006-09-30 05:00:00",2394.31
"2006-10-01 05:00:00",2394.31
"2006-10-02 05:00:00",2394.31
"2006-10-03 05:00:00",2390.41
"2006-10-04 05:00:00",2396.38
"2006-10-05 05:00:00",2403.43
"2006-10-06 05:00:00",2393.47
"2006-10-07 05:00:00",2395.23
"2006-10-08 05:00:00",2395.23
"2006-10-09 05:00:00",2395.23
"2006-10-10 05:00:00",2395.23
"2006-10-11 05:00:00",2387.11
"2006-10-12 05:00:00",2389.07
"2006-10-13 05:00:00",2374.51
"2006-10-14 05:00:00",2356.53
"2006-10-15 05:00:00",2356.53
"2006-10-16 05:00:00",2356.53
"2006-10-17 05:00:00",2356.53
"2006-10-18 05:00:00",2359.41
"2006-10-19 05:00:00",2348.43
"2006-10-20 05:00:00",2345.49
"2006-10-21 05:00:00",2340.89
"2006-10-22 05:00:00",2340.89
"2006-10-23 05:00:00",2340.89
"2006-10-24 05:00:00",2341.51
"2006-10-25 05:00:00",2341.33
"2006-10-26 05:00:00",2339.92
"2006-10-27 05:00:00",2327.23
"2006-10-28 05:00:00",2314.76
"2006-10-29 05:00:00",2314.76
"2006-10-30 05:00:00",2314.76
"2006-10-31 05:00:00",2315.38
"2006-11-01 05:00:00",2308.49
"2006-11-02 05:00:00",2302.64
"2006-11-03 05:00:00",2296.65
"2006-11-04 05:00:00",2300.88
"2006-11-05 05:00:00",2300.88
"2006-11-06 05:00:00",2300.88
"2006-11-07 05:00:00",2300.88
"2006-11-08 05:00:00",2288.13
"2006-11-09 05:00:00",2282.52
"2006-11-10 05:00:00",2268.47
"2006-11-11 05:00:00",2277.66
"2006-11-12 05:00:00",2277.66
"2006-11-13 05:00:00",2277.66
"2006-11-14 05:00:00",2277.66
"2006-11-15 05:00:00",2277.21
"2006-11-16 05:00:00",2274.26
"2006-11-17 05:00:00",2276.37
"2006-11-18 05:00:00",2285.65
"2006-11-19 05:00:00",2285.65
"2006-11-20 05:00:00",2285.65
"2006-11-21 05:00:00",2283.99
"2006-11-22 05:00:00",2282.67
"2006-11-23 05:00:00",2283.33
"2006-11-24 05:00:00",2283.33
"2006-11-25 05:00:00",2298.52
"2006-11-26 05:00:00",2298.52
"2006-11-27 05:00:00",2298.52
"2006-11-28 05:00:00",2320.64
"2006-11-29 05:00:00",2317.35
"2006-11-30 05:00:00",2300.42
"2006-12-01 05:00:00",2295.99
"2006-12-02 05:00:00",2293.42
"2006-12-03 05:00:00",2293.42
"2006-12-04 05:00:00",2293.42
"2006-12-05 05:00:00",2292.63
"2006-12-06 05:00:00",2278.97
"2006-12-07 05:00:00",2279.82
"2006-12-08 05:00:00",2280.5
"2006-12-09 05:00:00",2280.5
"2006-12-10 05:00:00",2280.5
"2006-12-11 05:00:00",2280.5
"2006-12-12 05:00:00",2272.09
"2006-12-13 05:00:00",2272.27
"2006-12-14 05:00:00",2272.75
"2006-12-15 05:00:00",2270.18
"2006-12-16 05:00:00",2262.15
"2006-12-17 05:00:00",2262.15
"2006-12-18 05:00:00",2262.15
"2006-12-19 05:00:00",2255.38
"2006-12-20 05:00:00",2249.28
"2006-12-21 05:00:00",2234.36
"2006-12-22 05:00:00",2229.28
"2006-12-23 05:00:00",2228.76
"2006-12-24 05:00:00",2228.76
"2006-12-25 05:00:00",2228.76
"2006-12-26 05:00:00",2228.76
"2006-12-27 05:00:00",2225.44
"2006-12-28 05:00:00",2233.31
"2006-12-29 05:00:00",2238.79
"2006-12-30 05:00:00",2238.79
"2006-12-31 05:00:00",2238.79
"2007-01-01 05:00:00",2238.79
"2007-01-02 05:00:00",2238.79
"2007-01-03 05:00:00",2231.42
"2007-01-04 05:00:00",2218.11
"2007-01-05 05:00:00",2218.05
"2007-01-06 05:00:00",2228.38
"2007-01-07 05:00:00",2228.38
"2007-01-08 05:00:00",2228.38
"2007-01-09 05:00:00",2228.38
"2007-01-10 05:00:00",2238.52
"2007-01-11 05:00:00",2250.6
"2007-01-12 05:00:00",2231.48
"2007-01-13 05:00:00",2221.35
"2007-01-14 05:00:00",2221.35
"2007-01-15 05:00:00",2221.35
"2007-01-16 05:00:00",2221.35
"2007-01-17 05:00:00",2221.96
"2007-01-18 05:00:00",2224.22
"2007-01-19 05:00:00",2226.06
"2007-01-20 05:00:00",2229.29
"2007-01-21 05:00:00",2229.29
"2007-01-22 05:00:00",2229.29
"2007-01-23 05:00:00",2240.32
"2007-01-24 05:00:00",2250.38
"2007-01-25 05:00:00",2254.67
"2007-01-26 05:00:00",2252.88
"2007-01-27 05:00:00",2259.43
"2007-01-28 05:00:00",2259.43
"2007-01-29 05:00:00",2259.43
"2007-01-30 05:00:00",2261.22
"2007-01-31 05:00:00",2259.72
"2007-02-01 05:00:00",2255.17
"2007-02-02 05:00:00",2246.06
"2007-02-03 05:00:00",2241.53
"2007-02-04 05:00:00",2241.53
"2007-02-05 05:00:00",2241.53
"2007-02-06 05:00:00",2229.3
"2007-02-07 05:00:00",2232.37
"2007-02-08 05:00:00",2235.3
"2007-02-09 05:00:00",2239.2
"2007-02-10 05:00:00",2229.87
"2007-02-11 05:00:00",2229.87
"2007-02-12 05:00:00",2229.87
"2007-02-13 05:00:00",2230.4
"2007-02-14 05:00:00",2223.3
"2007-02-15 05:00:00",2221.43
"2007-02-16 05:00:00",2219.15
"2007-02-17 05:00:00",2221.7
"2007-02-18 05:00:00",2221.7
"2007-02-19 05:00:00",2221.7
"2007-02-20 05:00:00",2221.7
"2007-02-21 05:00:00",2220.76
"2007-02-22 05:00:00",2218.78
"2007-02-23 05:00:00",2214.44
"2007-02-24 05:00:00",2216.57
"2007-02-25 05:00:00",2216.57
"2007-02-26 05:00:00",2216.57
"2007-02-27 05:00:00",2211.46
"2007-02-28 05:00:00",2224.12
"2007-03-01 05:00:00",2231.94
"2007-03-02 05:00:00",2246.88
"2007-03-03 05:00:00",2242.62
"2007-03-04 05:00:00",2242.62
"2007-03-05 05:00:00",2242.62
"2007-03-06 05:00:00",2245.71
"2007-03-07 05:00:00",2222.45
"2007-03-08 05:00:00",2218.94
"2007-03-09 05:00:00",2214.05
"2007-03-10 05:00:00",2210.98
"2007-03-11 05:00:00",2210.98
"2007-03-12 05:00:00",2210.98
"2007-03-13 05:00:00",2205.77
"2007-03-14 05:00:00",2206.38
"2007-03-15 05:00:00",2210.12
"2007-03-16 05:00:00",2197.76
"2007-03-17 05:00:00",2204.05
"2007-03-18 05:00:00",2204.05
"2007-03-19 05:00:00",2204.05
"2007-03-20 05:00:00",2204.05
"2007-03-21 05:00:00",2186.21
"2007-03-22 05:00:00",2172.6
"2007-03-23 05:00:00",2168.95
"2007-03-24 05:00:00",2174.72
"2007-03-25 05:00:00",2174.72
"2007-03-26 05:00:00",2174.72
"2007-03-27 05:00:00",2172.14
"2007-03-28 05:00:00",2172.09
"2007-03-29 05:00:00",2169.67
"2007-03-30 05:00:00",2155.06
"2007-03-31 05:00:00",2190.3
"2007-04-01 05:00:00",2190.3
"2007-04-02 05:00:00",2190.3
"2007-04-03 05:00:00",2189.18
"2007-04-04 05:00:00",2171.47
"2007-04-05 05:00:00",2166.93
"2007-04-06 05:00:00",2166.93
"2007-04-07 05:00:00",2166.93
"2007-04-08 05:00:00",2166.93
"2007-04-09 05:00:00",2166.93
"2007-04-10 05:00:00",2164.55
"2007-04-11 05:00:00",2157.82
"2007-04-12 05:00:00",2154.61
"2007-04-13 05:00:00",2152.65
"2007-04-14 05:00:00",2138.74
"2007-04-15 05:00:00",2138.74
"2007-04-16 05:00:00",2138.74
"2007-04-17 05:00:00",2136.82
"2007-04-18 05:00:00",2141.35
"2007-04-19 05:00:00",2148.46
"2007-04-20 05:00:00",2143.31
"2007-04-21 05:00:00",2121.42
"2007-04-22 05:00:00",2121.42
"2007-04-23 05:00:00",2121.42
"2007-04-24 05:00:00",2115.56
"2007-04-25 05:00:00",2119.37
"2007-04-26 05:00:00",2112.61
"2007-04-27 05:00:00",2111.52
"2007-04-28 05:00:00",2110.67
"2007-04-29 05:00:00",2110.67
"2007-04-30 05:00:00",2110.67
"2007-05-01 05:00:00",2104.16
"2007-05-02 05:00:00",2104.16
"2007-05-03 05:00:00",2085.18
"2007-05-04 05:00:00",2077.12
"2007-05-05 05:00:00",2069.01
"2007-05-06 05:00:00",2069.01
"2007-05-07 05:00:00",2069.01
"2007-05-08 05:00:00",2081.24
"2007-05-09 05:00:00",2074.03
"2007-05-10 05:00:00",2045.51
"2007-05-11 05:00:00",2041.39
"2007-05-12 05:00:00",2029.2
"2007-05-13 05:00:00",2029.2
"2007-05-14 05:00:00",2029.2
"2007-05-15 05:00:00",2002.04
"2007-05-16 05:00:00",1995.17
"2007-05-17 05:00:00",1988.01
"2007-05-18 05:00:00",1990.43
"2007-05-19 05:00:00",1985.33
"2007-05-20 05:00:00",1985.33
"2007-05-21 05:00:00",1985.33
"2007-05-22 05:00:00",1985.33
"2007-05-23 05:00:00",1957.54
"2007-05-24 05:00:00",1963.56
"2007-05-25 05:00:00",1962.59
"2007-05-26 05:00:00",1934.55
"2007-05-27 05:00:00",1934.55
"2007-05-28 05:00:00",1934.55
"2007-05-29 05:00:00",1934.55
"2007-05-30 05:00:00",1914.96
"2007-05-31 05:00:00",1930.64
"2007-06-01 05:00:00",1900.09
"2007-06-02 05:00:00",1885.8
"2007-06-03 05:00:00",1885.8
"2007-06-04 05:00:00",1885.8
"2007-06-05 05:00:00",1882.06
"2007-06-06 05:00:00",1877.88
"2007-06-07 05:00:00",1886.92
"2007-06-08 05:00:00",1900.68
"2007-06-09 05:00:00",1924.54
"2007-06-10 05:00:00",1924.54
"2007-06-11 05:00:00",1924.54
"2007-06-12 05:00:00",1924.54
"2007-06-13 05:00:00",1931.36
"2007-06-14 05:00:00",1947.37
"2007-06-15 05:00:00",1945.09
"2007-06-16 05:00:00",1920.25
"2007-06-17 05:00:00",1920.25
"2007-06-18 05:00:00",1920.25
"2007-06-19 05:00:00",1920.25
"2007-06-20 05:00:00",1896.07
"2007-06-21 05:00:00",1905.13
"2007-06-22 05:00:00",1938.17
"2007-06-23 05:00:00",1944.01
"2007-06-24 05:00:00",1944.01
"2007-06-25 05:00:00",1944.01
"2007-06-26 05:00:00",1960.32
"2007-06-27 05:00:00",1965.31
"2007-06-28 05:00:00",1982.29
"2007-06-29 05:00:00",1958.09
"2007-06-30 05:00:00",1960.61
"2007-07-01 05:00:00",1960.61
"2007-07-02 05:00:00",1960.61
"2007-07-03 05:00:00",1960.61
"2007-07-04 05:00:00",1958.95
"2007-07-05 05:00:00",1958.95
"2007-07-06 05:00:00",1969.36
"2007-07-07 05:00:00",1962.55
"2007-07-08 05:00:00",1962.55
"2007-07-09 05:00:00",1962.55
"2007-07-10 05:00:00",1945.94
"2007-07-11 05:00:00",1960.31
"2007-07-12 05:00:00",1964.82
"2007-07-13 05:00:00",1954.48
"2007-07-14 05:00:00",1956.05
"2007-07-15 05:00:00",1956.05
"2007-07-16 05:00:00",1956.05
"2007-07-17 05:00:00",1942.43
"2007-07-18 05:00:00",1931.04
"2007-07-19 05:00:00",1928.59
"2007-07-20 05:00:00",1921.04
"2007-07-21 05:00:00",1921.04
"2007-07-22 05:00:00",1921.04
"2007-07-23 05:00:00",1921.04
"2007-07-24 05:00:00",1912.9
"2007-07-25 05:00:00",1916.23
"2007-07-26 05:00:00",1935.68
"2007-07-27 05:00:00",1981.58
"2007-07-28 05:00:00",1984.1
"2007-07-29 05:00:00",1984.1
"2007-07-30 05:00:00",1984.1
"2007-07-31 05:00:00",1971.8
"2007-08-01 05:00:00",1958.5
"2007-08-02 05:00:00",1971.2
"2007-08-03 05:00:00",1957.68
"2007-08-04 05:00:00",1963.69
"2007-08-05 05:00:00",1963.69
"2007-08-06 05:00:00",1963.69
"2007-08-07 05:00:00",1976.89
"2007-08-08 05:00:00",1976.89
"2007-08-09 05:00:00",1957.58
"2007-08-10 05:00:00",1981.9
"2007-08-11 05:00:00",2006.79
"2007-08-12 05:00:00",2006.79
"2007-08-13 05:00:00",2006.79
"2007-08-14 05:00:00",1997.38
"2007-08-15 05:00:00",2016.3
"2007-08-16 05:00:00",2048.44
"2007-08-17 05:00:00",2124.4
"2007-08-18 05:00:00",2113.54
"2007-08-19 05:00:00",2113.54
"2007-08-20 05:00:00",2113.54
"2007-08-21 05:00:00",2113.54
"2007-08-22 05:00:00",2154.94
"2007-08-23 05:00:00",2133.04
"2007-08-24 05:00:00",2138.13
"2007-08-25 05:00:00",2128.17
"2007-08-26 05:00:00",2128.17
"2007-08-27 05:00:00",2128.17
"2007-08-28 05:00:00",2114.15
"2007-08-29 05:00:00",2147.34
"2007-08-30 05:00:00",2160.65
"2007-08-31 05:00:00",2173.17
"2007-09-01 05:00:00",2160.99
"2007-09-02 05:00:00",2160.99
"2007-09-03 05:00:00",2160.99
"2007-09-04 05:00:00",2160.99
"2007-09-05 05:00:00",2161.56
"2007-09-06 05:00:00",2174.56
"2007-09-07 05:00:00",2166.6
"2007-09-08 05:00:00",2191
"2007-09-09 05:00:00",2191
"2007-09-10 05:00:00",2191
"2007-09-11 05:00:00",2194.65
"2007-09-12 05:00:00",2185.89
"2007-09-13 05:00:00",2182.22
"2007-09-14 05:00:00",2157.75
"2007-09-15 05:00:00",2128.5
"2007-09-16 05:00:00",2128.5
"2007-09-17 05:00:00",2128.5
"2007-09-18 05:00:00",2130.66
"2007-09-19 05:00:00",2124.36
"2007-09-20 05:00:00",2055.28
"2007-09-21 05:00:00",2042.63
"2007-09-22 05:00:00",2026.33
"2007-09-23 05:00:00",2026.33
"2007-09-24 05:00:00",2026.33
"2007-09-25 05:00:00",2028.95
"2007-09-26 05:00:00",2045.51
"2007-09-27 05:00:00",2009.46
"2007-09-28 05:00:00",2013.18
"2007-09-29 05:00:00",2023.19
"2007-09-30 05:00:00",2023.19
"2007-10-01 05:00:00",2023.19
"2007-10-02 05:00:00",2015.75
"2007-10-03 05:00:00",2013.39
"2007-10-04 05:00:00",2017.69
"2007-10-05 05:00:00",2018.45
"2007-10-06 05:00:00",1999.95
"2007-10-07 05:00:00",1999.95
"2007-10-08 05:00:00",1999.95
"2007-10-09 05:00:00",1999.95
"2007-10-10 05:00:00",1968.13
"2007-10-11 05:00:00",1972.81
"2007-10-12 05:00:00",1963.03
"2007-10-13 05:00:00",1978.97
"2007-10-14 05:00:00",1978.97
"2007-10-15 05:00:00",1978.97
"2007-10-16 05:00:00",1978.97
"2007-10-17 05:00:00",2004.58
"2007-10-18 05:00:00",1994.06
"2007-10-19 05:00:00",2018.55
"2007-10-20 05:00:00",2007.24
"2007-10-21 05:00:00",2007.24
"2007-10-22 05:00:00",2007.24
"2007-10-23 05:00:00",2022.76
"2007-10-24 05:00:00",2006.67
"2007-10-25 05:00:00",2025.7
"2007-10-26 05:00:00",2020.29
"2007-10-27 05:00:00",2005.28
"2007-10-28 05:00:00",2005.28
"2007-10-29 05:00:00",2005.28
"2007-10-30 05:00:00",1995.94
"2007-10-31 05:00:00",1999.44
"2007-11-01 05:00:00",1987.69
"2007-11-02 05:00:00",2008.11
"2007-11-03 05:00:00",2014.12
"2007-11-04 05:00:00",2014.12
"2007-11-05 05:00:00",2014.12
"2007-11-06 05:00:00",2014.12
"2007-11-07 05:00:00",2012.89
"2007-11-08 05:00:00",2023.99
"2007-11-09 05:00:00",2033.94
"2007-11-10 05:00:00",2045.59
"2007-11-11 05:00:00",2045.59
"2007-11-12 05:00:00",2045.59
"2007-11-13 05:00:00",2045.59
"2007-11-14 05:00:00",2051.88
"2007-11-15 05:00:00",2032.04
"2007-11-16 05:00:00",2044.7
"2007-11-17 05:00:00",2040.35
"2007-11-18 05:00:00",2040.35
"2007-11-19 05:00:00",2040.35
"2007-11-20 05:00:00",2054.3
"2007-11-21 05:00:00",2056.28
"2007-11-22 05:00:00",2074.6
"2007-11-23 05:00:00",2074.6
"2007-11-24 05:00:00",2088.24
"2007-11-25 05:00:00",2088.24
"2007-11-26 05:00:00",2088.24
"2007-11-27 05:00:00",2089.11
"2007-11-28 05:00:00",2094.74
"2007-11-29 05:00:00",2066.81
"2007-11-30 05:00:00",2060.42
"2007-12-01 05:00:00",2043.11
"2007-12-02 05:00:00",2043.11
"2007-12-03 05:00:00",2043.11
"2007-12-04 05:00:00",2052.18
"2007-12-05 05:00:00",2057.4
"2007-12-06 05:00:00",2036.6
"2007-12-07 05:00:00",2023.18
"2007-12-08 05:00:00",2016.77
"2007-12-09 05:00:00",2016.77
"2007-12-10 05:00:00",2016.77
"2007-12-11 05:00:00",2009.83
"2007-12-12 05:00:00",2005.82
"2007-12-13 05:00:00",2003.9
"2007-12-14 05:00:00",2017.36
"2007-12-15 05:00:00",2009.85
"2007-12-16 05:00:00",2009.85
"2007-12-17 05:00:00",2009.85
"2007-12-18 05:00:00",2006.48
"2007-12-19 05:00:00",2007.98
"2007-12-20 05:00:00",2005.92
"2007-12-21 05:00:00",2000.58
"2007-12-22 05:00:00",1993.08
"2007-12-23 05:00:00",1993.08
"2007-12-24 05:00:00",1993.08
"2007-12-25 05:00:00",1989.7
"2007-12-26 05:00:00",1989.7
"2007-12-27 05:00:00",1987.81
"2007-12-28 05:00:00",2001.72
"2007-12-29 05:00:00",2014.76
"2007-12-30 05:00:00",2014.76
"2007-12-31 05:00:00",2014.76
"2008-01-01 05:00:00",2014.76
"2008-01-02 05:00:00",2014.76
"2008-01-03 05:00:00",2012.82
"2008-01-04 05:00:00",2013.27
"2008-01-05 05:00:00",2013.98
"2008-01-06 05:00:00",2013.98
"2008-01-07 05:00:00",2013.98
"2008-01-08 05:00:00",2013.98
"2008-01-09 05:00:00",2000.91
"2008-01-10 05:00:00",2004.7
"2008-01-11 05:00:00",2003.74
"2008-01-12 05:00:00",1985.35
"2008-01-13 05:00:00",1985.35
"2008-01-14 05:00:00",1985.35
"2008-01-15 05:00:00",1949.43
"2008-01-16 05:00:00",1948.91
"2008-01-17 05:00:00",1960.49
"2008-01-18 05:00:00",1947.6
"2008-01-19 05:00:00",1968.13
"2008-01-20 05:00:00",1968.13
"2008-01-21 05:00:00",1968.13
"2008-01-22 05:00:00",1968.13
"2008-01-23 05:00:00",2007.41
"2008-01-24 05:00:00",2005.08
"2008-01-25 05:00:00",1970.65
"2008-01-26 05:00:00",1961.3
"2008-01-27 05:00:00",1961.3
"2008-01-28 05:00:00",1961.3
"2008-01-29 05:00:00",1969.65
"2008-01-30 05:00:00",1946.54
"2008-01-31 05:00:00",1939.6
"2008-02-01 05:00:00",1939.77
"2008-02-02 05:00:00",1921.94
"2008-02-03 05:00:00",1921.94
"2008-02-04 05:00:00",1921.94
"2008-02-05 05:00:00",1917.26
"2008-02-06 05:00:00",1928.3
"2008-02-07 05:00:00",1929.7
"2008-02-08 05:00:00",1935.49
"2008-02-09 05:00:00",1923.08
"2008-02-10 05:00:00",1923.08
"2008-02-11 05:00:00",1923.08
"2008-02-12 05:00:00",1912.8
"2008-02-13 05:00:00",1901.38
"2008-02-14 05:00:00",1898.4
"2008-02-15 05:00:00",1894.87
"2008-02-16 05:00:00",1905.37
"2008-02-17 05:00:00",1905.37
"2008-02-18 05:00:00",1905.37
"2008-02-19 05:00:00",1905.37
"2008-02-20 05:00:00",1890.74
"2008-02-21 05:00:00",1910.81
"2008-02-22 05:00:00",1895.85
"2008-02-23 05:00:00",1892
"2008-02-24 05:00:00",1892
"2008-02-25 05:00:00",1892
"2008-02-26 05:00:00",1887.97
"2008-02-27 05:00:00",1879.19
"2008-02-28 05:00:00",1854.87
"2008-02-29 05:00:00",1843.59
"2008-03-01 05:00:00",1845.17
"2008-03-02 05:00:00",1845.17
"2008-03-03 05:00:00",1845.17
"2008-03-04 05:00:00",1849.46
"2008-03-05 05:00:00",1841.61
"2008-03-06 05:00:00",1856.69
"2008-03-07 05:00:00",1880.12
"2008-03-08 05:00:00",1902.17
"2008-03-09 05:00:00",1902.17
"2008-03-10 05:00:00",1902.17
"2008-03-11 05:00:00",1864.78
"2008-03-12 05:00:00",1865.98
"2008-03-13 05:00:00",1853.41
"2008-03-14 05:00:00",1856.01
"2008-03-15 05:00:00",1843.95
"2008-03-16 05:00:00",1843.95
"2008-03-17 05:00:00",1843.95
"2008-03-18 05:00:00",1857.55
"2008-03-19 05:00:00",1823.11
"2008-03-20 05:00:00",1815.65
"2008-03-21 05:00:00",1815.65
"2008-03-22 05:00:00",1815.65
"2008-03-23 05:00:00",1815.65
"2008-03-24 05:00:00",1815.65
"2008-03-25 05:00:00",1815.65
"2008-03-26 05:00:00",1835.01
"2008-03-27 05:00:00",1821.31
"2008-03-28 05:00:00",1810.68
"2008-03-29 05:00:00",1821.6
"2008-03-30 05:00:00",1821.6
"2008-03-31 05:00:00",1821.6
"2008-04-01 05:00:00",1834.96
"2008-04-02 05:00:00",1827.94
"2008-04-03 05:00:00",1826.34
"2008-04-04 05:00:00",1824.39
"2008-04-05 05:00:00",1816.28
"2008-04-06 05:00:00",1816.28
"2008-04-07 05:00:00",1816.28
"2008-04-08 05:00:00",1811.23
"2008-04-09 05:00:00",1812.85
"2008-04-10 05:00:00",1799.07
"2008-04-11 05:00:00",1791.63
"2008-04-12 05:00:00",1792.49
"2008-04-13 05:00:00",1792.49
"2008-04-14 05:00:00",1792.49
"2008-04-15 05:00:00",1792.69
"2008-04-16 05:00:00",1797.89
"2008-04-17 05:00:00",1798.89
"2008-04-18 05:00:00",1792.87
"2008-04-19 05:00:00",1785.17
"2008-04-20 05:00:00",1785.17
"2008-04-21 05:00:00",1785.17
"2008-04-22 05:00:00",1780.79
"2008-04-23 05:00:00",1775.08
"2008-04-24 05:00:00",1765.3
"2008-04-25 05:00:00",1765.75
"2008-04-26 05:00:00",1775.22
"2008-04-27 05:00:00",1775.22
"2008-04-28 05:00:00",1775.22
"2008-04-29 05:00:00",1767.73
"2008-04-30 05:00:00",1780.21
"2008-05-01 05:00:00",1767.27
"2008-05-02 05:00:00",1767.27
"2008-05-03 05:00:00",1756.25
"2008-05-04 05:00:00",1756.25
"2008-05-05 05:00:00",1756.25
"2008-05-06 05:00:00",1756.25
"2008-05-07 05:00:00",1769.32
"2008-05-08 05:00:00",1787.62
"2008-05-09 05:00:00",1793.13
"2008-05-10 05:00:00",1781.79
"2008-05-11 05:00:00",1781.79
"2008-05-12 05:00:00",1781.79
"2008-05-13 05:00:00",1781.29
"2008-05-14 05:00:00",1780.01
"2008-05-15 05:00:00",1787.65
"2008-05-16 05:00:00",1792.94
"2008-05-17 05:00:00",1785.04
"2008-05-18 05:00:00",1785.04
"2008-05-19 05:00:00",1785.04
"2008-05-20 05:00:00",1779.35
"2008-05-21 05:00:00",1787.59
"2008-05-22 05:00:00",1779.48
"2008-05-23 05:00:00",1779.59
"2008-05-24 05:00:00",1777.98
"2008-05-25 05:00:00",1777.98
"2008-05-26 05:00:00",1777.98
"2008-05-27 05:00:00",1777.98
"2008-05-28 05:00:00",1772.55
"2008-05-29 05:00:00",1767.41
"2008-05-30 05:00:00",1755.95
"2008-05-31 05:00:00",1744.01
"2008-06-01 05:00:00",1744.01
"2008-06-02 05:00:00",1744.01
"2008-06-03 05:00:00",1744.01
"2008-06-04 05:00:00",1730.61
"2008-06-05 05:00:00",1728.76
"2008-06-06 05:00:00",1709.95
"2008-06-07 05:00:00",1702.44
"2008-06-08 05:00:00",1702.44
"2008-06-09 05:00:00",1702.44
"2008-06-10 05:00:00",1687.13
"2008-06-11 05:00:00",1696.79
"2008-06-12 05:00:00",1700.94
"2008-06-13 05:00:00",1705.35
"2008-06-14 05:00:00",1707.87
"2008-06-15 05:00:00",1707.87
"2008-06-16 05:00:00",1707.87
"2008-06-17 05:00:00",1684.52
"2008-06-18 05:00:00",1655.42
"2008-06-19 05:00:00",1652.41
"2008-06-20 05:00:00",1670.31
"2008-06-21 05:00:00",1678.82
"2008-06-22 05:00:00",1678.82
"2008-06-23 05:00:00",1678.82
"2008-06-24 05:00:00",1713.63
"2008-06-25 05:00:00",1748.04
"2008-06-26 05:00:00",1783.44
"2008-06-27 05:00:00",1832.81
"2008-06-28 05:00:00",1923.02
"2008-06-29 05:00:00",1923.02
"2008-06-30 05:00:00",1923.02
"2008-07-01 05:00:00",1923.02
"2008-07-02 05:00:00",1915.44
"2008-07-03 05:00:00",1818.6
"2008-07-04 05:00:00",1748.43
"2008-07-05 05:00:00",1748.43
"2008-07-06 05:00:00",1748.43
"2008-07-07 05:00:00",1748.43
"2008-07-08 05:00:00",1719.48
"2008-07-09 05:00:00",1736.49
"2008-07-10 05:00:00",1728.74
"2008-07-11 05:00:00",1768.09
"2008-07-12 05:00:00",1778.8
"2008-07-13 05:00:00",1778.8
"2008-07-14 05:00:00",1778.8
"2008-07-15 05:00:00",1753.51
"2008-07-16 05:00:00",1777.17
"2008-07-17 05:00:00",1768.53
"2008-07-18 05:00:00",1757.79
"2008-07-19 05:00:00",1788.24
"2008-07-20 05:00:00",1788.24
"2008-07-21 05:00:00",1788.24
"2008-07-22 05:00:00",1802.01
"2008-07-23 05:00:00",1797.43
"2008-07-24 05:00:00",1772.25
"2008-07-25 05:00:00",1777.1
"2008-07-26 05:00:00",1785.17
"2008-07-27 05:00:00",1785.17
"2008-07-28 05:00:00",1785.17
"2008-07-29 05:00:00",1764.48
"2008-07-30 05:00:00",1789.68
"2008-07-31 05:00:00",1792.24
"2008-08-01 05:00:00",1800.54
"2008-08-02 05:00:00",1779.97
"2008-08-03 05:00:00",1779.97
"2008-08-04 05:00:00",1779.97
"2008-08-05 05:00:00",1771.31
"2008-08-06 05:00:00",1772.16
"2008-08-07 05:00:00",1782.92
"2008-08-08 05:00:00",1782.92
"2008-08-09 05:00:00",1816.25
"2008-08-10 05:00:00",1816.25
"2008-08-11 05:00:00",1816.25
"2008-08-12 05:00:00",1821.76
"2008-08-13 05:00:00",1836.25
"2008-08-14 05:00:00",1854.16
"2008-08-15 05:00:00",1853.45
"2008-08-16 05:00:00",1882.11
"2008-08-17 05:00:00",1882.11
"2008-08-18 05:00:00",1882.11
"2008-08-19 05:00:00",1882.11
"2008-08-20 05:00:00",1891.99
"2008-08-21 05:00:00",1880.69
"2008-08-22 05:00:00",1864.26
"2008-08-23 05:00:00",1872.07
"2008-08-24 05:00:00",1872.07
"2008-08-25 05:00:00",1872.07
"2008-08-26 05:00:00",1873.94
"2008-08-27 05:00:00",1892.06
"2008-08-28 05:00:00",1887.71
"2008-08-29 05:00:00",1907.97
"2008-08-30 05:00:00",1932.2
"2008-08-31 05:00:00",1932.2
"2008-09-01 05:00:00",1932.2
"2008-09-02 05:00:00",1932.2
"2008-09-03 05:00:00",1975.1
"2008-09-04 05:00:00",1992.59
"2008-09-05 05:00:00",2017.53
"2008-09-06 05:00:00",2041.81
"2008-09-07 05:00:00",2041.81
"2008-09-08 05:00:00",2041.81
"2008-09-09 05:00:00",2031.12
"2008-09-10 05:00:00",2071.24
"2008-09-11 05:00:00",2081.32
"2008-09-12 05:00:00",2082.46
"2008-09-13 05:00:00",2051.55
"2008-09-14 05:00:00",2051.55
"2008-09-15 05:00:00",2051.55
"2008-09-16 05:00:00",2071.29
"2008-09-17 05:00:00",2109.37
"2008-09-18 05:00:00",2139.14
"2008-09-19 05:00:00",2187.01
"2008-09-20 05:00:00",2067.45
"2008-09-21 05:00:00",2067.45
"2008-09-22 05:00:00",2067.45
"2008-09-23 05:00:00",2045.85
"2008-09-24 05:00:00",2077.59
"2008-09-25 05:00:00",2147.41
"2008-09-26 05:00:00",2118.31
"2008-09-27 05:00:00",2105.61
"2008-09-28 05:00:00",2105.61
"2008-09-29 05:00:00",2105.61
"2008-09-30 05:00:00",2174.62
"2008-10-01 05:00:00",2184.76
"2008-10-02 05:00:00",2166.05
"2008-10-03 05:00:00",2192.69
"2008-10-04 05:00:00",2160.08
"2008-10-05 05:00:00",2160.08
"2008-10-06 05:00:00",2160.08
"2008-10-07 05:00:00",2250.73
"2008-10-08 05:00:00",2261.96
"2008-10-09 05:00:00",2326.41
"2008-10-10 05:00:00",2254.24
"2008-10-11 05:00:00",2318.63
"2008-10-12 05:00:00",2318.63
"2008-10-13 05:00:00",2318.63
"2008-10-14 05:00:00",2318.63
"2008-10-15 05:00:00",2223.94
"2008-10-16 05:00:00",2316.54
"2008-10-17 05:00:00",2304.68
"2008-10-18 05:00:00",2271.98
"2008-10-19 05:00:00",2271.98
"2008-10-20 05:00:00",2271.98
"2008-10-21 05:00:00",2243.49
"2008-10-22 05:00:00",2296.32
"2008-10-23 05:00:00",2346.47
"2008-10-24 05:00:00",2361.01
"2008-10-25 05:00:00",2386.48
"2008-10-26 05:00:00",2386.48
"2008-10-27 05:00:00",2386.48
"2008-10-28 05:00:00",2379.24
"2008-10-29 05:00:00",2382.31
"2008-10-30 05:00:00",2374.1
"2008-10-31 05:00:00",2359.52
"2008-11-01 05:00:00",2392.28
"2008-11-02 05:00:00",2392.28
"2008-11-03 05:00:00",2392.28
"2008-11-04 05:00:00",2392.28
"2008-11-05 05:00:00",2351.56
"2008-11-06 05:00:00",2327.78
"2008-11-07 05:00:00",2342.65
"2008-11-08 05:00:00",2317.34
"2008-11-09 05:00:00",2317.34
"2008-11-10 05:00:00",2317.34
"2008-11-11 05:00:00",2281.24
"2008-11-12 05:00:00",2281.24
"2008-11-13 05:00:00",2335.02
"2008-11-14 05:00:00",2329.82
"2008-11-15 05:00:00",2308.65
"2008-11-16 05:00:00",2308.65
"2008-11-17 05:00:00",2308.65
"2008-11-18 05:00:00",2308.65
"2008-11-19 05:00:00",2329.9
"2008-11-20 05:00:00",2342.18
"2008-11-21 05:00:00",2359.26
"2008-11-22 05:00:00",2355.71
"2008-11-23 05:00:00",2355.71
"2008-11-24 05:00:00",2355.71
"2008-11-25 05:00:00",2314.72
"2008-11-26 05:00:00",2307.37
"2008-11-27 05:00:00",2324.1
"2008-11-28 05:00:00",2324.1
"2008-11-29 05:00:00",2318
"2008-11-30 05:00:00",2318
"2008-12-01 05:00:00",2318
"2008-12-02 05:00:00",2320.12
"2008-12-03 05:00:00",2315.35
"2008-12-04 05:00:00",2317.48
"2008-12-05 05:00:00",2323.28
"2008-12-06 05:00:00",2333.54
"2008-12-07 05:00:00",2333.54
"2008-12-08 05:00:00",2333.54
"2008-12-09 05:00:00",2333.54
"2008-12-10 05:00:00",2311.7
"2008-12-11 05:00:00",2302.93
"2008-12-12 05:00:00",2278.29
"2008-12-13 05:00:00",2273.24
"2008-12-14 05:00:00",2273.24
"2008-12-15 05:00:00",2273.24
"2008-12-16 05:00:00",2254.5
"2008-12-17 05:00:00",2223.3
"2008-12-18 05:00:00",2173.86
"2008-12-19 05:00:00",2163.14
"2008-12-20 05:00:00",2167.35
"2008-12-21 05:00:00",2167.35
"2008-12-22 05:00:00",2167.35
"2008-12-23 05:00:00",2169.83
"2008-12-24 05:00:00",2180.49
"2008-12-25 05:00:00",2198.09
"2008-12-26 05:00:00",2198.09
"2008-12-27 05:00:00",2204.95
"2008-12-28 05:00:00",2204.95
"2008-12-29 05:00:00",2204.95
"2008-12-30 05:00:00",2234
"2008-12-31 05:00:00",2243.59
"2009-01-01 05:00:00",2243.59
"2009-01-02 05:00:00",2243.59
"2009-01-03 05:00:00",2234.81
"2009-01-04 05:00:00",2234.81
"2009-01-05 05:00:00",2234.81
"2009-01-06 05:00:00",2227.24
"2009-01-07 05:00:00",2197.72
"2009-01-08 05:00:00",2214.13
"2009-01-09 05:00:00",2220.82
"2009-01-10 05:00:00",2216.23
"2009-01-11 05:00:00",2216.23
"2009-01-12 05:00:00",2216.23
"2009-01-13 05:00:00",2216.23
"2009-01-14 05:00:00",2226.87
"2009-01-15 05:00:00",2234.4
"2009-01-16 05:00:00",2249.64
"2009-01-17 05:00:00",2227.68
"2009-01-18 05:00:00",2227.68
"2009-01-19 05:00:00",2227.68
"2009-01-20 05:00:00",2227.68
"2009-01-21 05:00:00",2245.28
"2009-01-22 05:00:00",2245.97
"2009-01-23 05:00:00",2247.87
"2009-01-24 05:00:00",2280.77
"2009-01-25 05:00:00",2280.77
"2009-01-26 05:00:00",2280.77
"2009-01-27 05:00:00",2280.43
"2009-01-28 05:00:00",2310.83
"2009-01-29 05:00:00",2341.09
"2009-01-30 05:00:00",2386.58
"2009-01-31 05:00:00",2420.26
"2009-02-01 05:00:00",2420.26
"2009-02-02 05:00:00",2420.26
"2009-02-03 05:00:00",2450.78
"2009-02-04 05:00:00",2443.67
"2009-02-05 05:00:00",2469.02
"2009-02-06 05:00:00",2472.65
"2009-02-07 05:00:00",2449.49
"2009-02-08 05:00:00",2449.49
"2009-02-09 05:00:00",2449.49
"2009-02-10 05:00:00",2450.6
"2009-02-11 05:00:00",2494.07
"2009-02-12 05:00:00",2537.82
"2009-02-13 05:00:00",2520.06
"2009-02-14 05:00:00",2509.5
"2009-02-15 05:00:00",2509.5
"2009-02-16 05:00:00",2509.5
"2009-02-17 05:00:00",2509.5
"2009-02-18 05:00:00",2554.4
"2009-02-19 05:00:00",2558.14
"2009-02-20 05:00:00",2547.4
"2009-02-21 05:00:00",2588.31
"2009-02-22 05:00:00",2588.31
"2009-02-23 05:00:00",2588.31
"2009-02-24 05:00:00",2572.3
"2009-02-25 05:00:00",2596.37
"2009-02-26 05:00:00",2575.5
"2009-02-27 05:00:00",2555.05
"2009-02-28 05:00:00",2555.89
"2009-03-01 05:00:00",2555.89
"2009-03-02 05:00:00",2555.89
"2009-03-03 05:00:00",2590.97
"2009-03-04 05:00:00",2588.96
"2009-03-05 05:00:00",2589.48
"2009-03-06 05:00:00",2572.92
"2009-03-07 05:00:00",2548.57
"2009-03-08 05:00:00",2548.57
"2009-03-09 05:00:00",2548.57
"2009-03-10 05:00:00",2559.36
"2009-03-11 05:00:00",2525.06
"2009-03-12 05:00:00",2506.73
"2009-03-13 05:00:00",2481.26
"2009-03-14 05:00:00",2445.3
"2009-03-15 05:00:00",2445.3
"2009-03-16 05:00:00",2445.3
"2009-03-17 05:00:00",2390.96
"2009-03-18 05:00:00",2390.98
"2009-03-19 05:00:00",2383.15
"2009-03-20 05:00:00",2335.29
"2009-03-21 05:00:00",2340.83
"2009-03-22 05:00:00",2340.83
"2009-03-23 05:00:00",2340.83
"2009-03-24 05:00:00",2340.83
"2009-03-25 05:00:00",2353.21
"2009-03-26 05:00:00",2379.94
"2009-03-27 05:00:00",2435.81
"2009-03-28 05:00:00",2485.56
"2009-03-29 05:00:00",2485.56
"2009-03-30 05:00:00",2485.56
"2009-03-31 05:00:00",2561.21
"2009-04-01 05:00:00",2544.24
"2009-04-02 05:00:00",2534.99
"2009-04-03 05:00:00",2451.72
"2009-04-04 05:00:00",2422.71
"2009-04-05 05:00:00",2422.71
"2009-04-06 05:00:00",2422.71
"2009-04-07 05:00:00",2408.42
"2009-04-08 05:00:00",2416.63
"2009-04-09 05:00:00",2388.11
"2009-04-10 05:00:00",2388.11
"2009-04-11 05:00:00",2388.11
"2009-04-12 05:00:00",2388.11
"2009-04-13 05:00:00",2388.11
"2009-04-14 05:00:00",2392.22
"2009-04-15 05:00:00",2394.27
"2009-04-16 05:00:00",2380.69
"2009-04-17 05:00:00",2344.98
"2009-04-18 05:00:00",2343.34
"2009-04-19 05:00:00",2343.34
"2009-04-20 05:00:00",2343.34
"2009-04-21 05:00:00",2376.38
"2009-04-22 05:00:00",2338.6
"2009-04-23 05:00:00",2318.83
"2009-04-24 05:00:00",2300.74
"2009-04-25 05:00:00",2283.2
"2009-04-26 05:00:00",2283.2
"2009-04-27 05:00:00",2283.2
"2009-04-28 05:00:00",2325.02
"2009-04-29 05:00:00",2332.47
"2009-04-30 05:00:00",2289.73
"2009-05-01 05:00:00",2288.64
"2009-05-02 05:00:00",2288.64
"2009-05-03 05:00:00",2288.64
"2009-05-04 05:00:00",2288.64
"2009-05-05 05:00:00",2272.55
"2009-05-06 05:00:00",2256.99
"2009-05-07 05:00:00",2233.5
"2009-05-08 05:00:00",2208.98
"2009-05-09 05:00:00",2210.35
"2009-05-10 05:00:00",2210.35
"2009-05-11 05:00:00",2210.35
"2009-05-12 05:00:00",2220.92
"2009-05-13 05:00:00",2221.4
"2009-05-14 05:00:00",2257.36
"2009-05-15 05:00:00",2251.53
"2009-05-16 05:00:00",2252.8
"2009-05-17 05:00:00",2252.8
"2009-05-18 05:00:00",2252.8
"2009-05-19 05:00:00",2255.22
"2009-05-20 05:00:00",2221.27
"2009-05-21 05:00:00",2196.21
"2009-05-22 05:00:00",2206.6
"2009-05-23 05:00:00",2201.44
"2009-05-24 05:00:00",2201.44
"2009-05-25 05:00:00",2201.44
"2009-05-26 05:00:00",2201.44
"2009-05-27 05:00:00",2213.89
"2009-05-28 05:00:00",2208.89
"2009-05-29 05:00:00",2190.45
"2009-05-30 05:00:00",2140.66
"2009-05-31 05:00:00",2140.66
"2009-06-01 05:00:00",2140.66
"2009-06-02 05:00:00",2109.42
"2009-06-03 05:00:00",2077.02
"2009-06-04 05:00:00",2073.55
"2009-06-05 05:00:00",2072
"2009-06-06 05:00:00",2063.1
"2009-06-07 05:00:00",2063.1
"2009-06-08 05:00:00",2063.1
"2009-06-09 05:00:00",2091.1
"2009-06-10 05:00:00",2060.18
"2009-06-11 05:00:00",2042.19
"2009-06-12 05:00:00",2026.17
"2009-06-13 05:00:00",2015.4
"2009-06-14 05:00:00",2015.4
"2009-06-15 05:00:00",2015.4
"2009-06-16 05:00:00",2015.4
"2009-06-17 05:00:00",2014.91
"2009-06-18 05:00:00",2071.29
"2009-06-19 05:00:00",2074.72
"2009-06-20 05:00:00",2108.2
"2009-06-21 05:00:00",2108.2
"2009-06-22 05:00:00",2108.2
"2009-06-23 05:00:00",2108.2
"2009-06-24 05:00:00",2165
"2009-06-25 05:00:00",2158.72
"2009-06-26 05:00:00",2188.5
"2009-06-27 05:00:00",2158.67
"2009-06-28 05:00:00",2158.67
"2009-06-29 05:00:00",2158.67
"2009-06-30 05:00:00",2158.67
"2009-07-01 05:00:00",2145.21
"2009-07-02 05:00:00",2111.71
"2009-07-03 05:00:00",2096.23
"2009-07-04 05:00:00",2086.36
"2009-07-05 05:00:00",2086.36
"2009-07-06 05:00:00",2086.36
"2009-07-07 05:00:00",2109.08
"2009-07-08 05:00:00",2090.35
"2009-07-09 05:00:00",2108.2
"2009-07-10 05:00:00",2105.36
"2009-07-11 05:00:00",2116.99
"2009-07-12 05:00:00",2116.99
"2009-07-13 05:00:00",2116.99
"2009-07-14 05:00:00",2085.74
"2009-07-15 05:00:00",2054.19
"2009-07-16 05:00:00",2018.93
"2009-07-17 05:00:00",2025.71
"2009-07-18 05:00:00",2006.82
"2009-07-19 05:00:00",2006.82
"2009-07-20 05:00:00",2006.82
"2009-07-21 05:00:00",2006.82
"2009-07-22 05:00:00",1986.35
"2009-07-23 05:00:00",1975.05
"2009-07-24 05:00:00",1953.12
"2009-07-25 05:00:00",1970.11
"2009-07-26 05:00:00",1970.11
"2009-07-27 05:00:00",1970.11
"2009-07-28 05:00:00",1982.43
"2009-07-29 05:00:00",2013.82
"2009-07-30 05:00:00",2073.92
"2009-07-31 05:00:00",2043.37
"2009-08-01 05:00:00",2040.95
"2009-08-02 05:00:00",2040.95
"2009-08-03 05:00:00",2040.95
"2009-08-04 05:00:00",2008.96
"2009-08-05 05:00:00",1992.98
"2009-08-06 05:00:00",1987.84
"2009-08-07 05:00:00",1997.01
"2009-08-08 05:00:00",1997.01
"2009-08-09 05:00:00",1997.01
"2009-08-10 05:00:00",1997.01
"2009-08-11 05:00:00",2022.56
"2009-08-12 05:00:00",2050.45
"2009-08-13 05:00:00",2026.45
"2009-08-14 05:00:00",1999.98
"2009-08-15 05:00:00",2016.09
"2009-08-16 05:00:00",2016.09
"2009-08-17 05:00:00",2016.09
"2009-08-18 05:00:00",2016.09
"2009-08-19 05:00:00",2037.1
"2009-08-20 05:00:00",2041.91
"2009-08-21 05:00:00",2012.67
"2009-08-22 05:00:00",1997.31
"2009-08-23 05:00:00",1997.31
"2009-08-24 05:00:00",1997.31
"2009-08-25 05:00:00",1997.44
"2009-08-26 05:00:00",2007.2
"2009-08-27 05:00:00",2044.79
"2009-08-28 05:00:00",2043.65
"2009-08-29 05:00:00",2035
"2009-08-30 05:00:00",2035
"2009-08-31 05:00:00",2035
"2009-09-01 05:00:00",2057.81
"2009-09-02 05:00:00",2068.96
"2009-09-03 05:00:00",2065.73
"2009-09-04 05:00:00",2029.75
"2009-09-05 05:00:00",2018.72
"2009-09-06 05:00:00",2018.72
"2009-09-07 05:00:00",2018.72
"2009-09-08 05:00:00",2018.72
"2009-09-09 05:00:00",1994.44
"2009-09-10 05:00:00",1998.17
"2009-09-11 05:00:00",2008.95
"2009-09-12 05:00:00",1985.38
"2009-09-13 05:00:00",1985.38
"2009-09-14 05:00:00",1985.38
"2009-09-15 05:00:00",1998.99
"2009-09-16 05:00:00",1986.86
"2009-09-17 05:00:00",1960.76
"2009-09-18 05:00:00",1962.6
"2009-09-19 05:00:00",1951.38
"2009-09-20 05:00:00",1951.38
"2009-09-21 05:00:00",1951.38
"2009-09-22 05:00:00",1950.77
"2009-09-23 05:00:00",1914.47
"2009-09-24 05:00:00",1911.66
"2009-09-25 05:00:00",1922.5
"2009-09-26 05:00:00",1926.59
"2009-09-27 05:00:00",1926.59
"2009-09-28 05:00:00",1926.59
"2009-09-29 05:00:00",1921.64
"2009-09-30 05:00:00",1922
"2009-10-01 05:00:00",1925.49
"2009-10-02 05:00:00",1918.87
"2009-10-03 05:00:00",1919.75
"2009-10-04 05:00:00",1919.75
"2009-10-05 05:00:00",1919.75
"2009-10-06 05:00:00",1925.57
"2009-10-07 05:00:00",1906.59
"2009-10-08 05:00:00",1897.31
"2009-10-09 05:00:00",1870.96
"2009-10-10 05:00:00",1857.21
"2009-10-11 05:00:00",1857.21
"2009-10-12 05:00:00",1857.21
"2009-10-13 05:00:00",1857.21
"2009-10-14 05:00:00",1825.68
"2009-10-15 05:00:00",1830.38
"2009-10-16 05:00:00",1838.26
"2009-10-17 05:00:00",1843.81
"2009-10-18 05:00:00",1843.81
"2009-10-19 05:00:00",1843.81
"2009-10-20 05:00:00",1858.4
"2009-10-21 05:00:00",1913.98
"2009-10-22 05:00:00",1910.04
"2009-10-23 05:00:00",1914.89
"2009-10-24 05:00:00",1924.35
"2009-10-25 05:00:00",1924.35
"2009-10-26 05:00:00",1924.35
"2009-10-27 05:00:00",1932.81
"2009-10-28 05:00:00",1977.26
"2009-10-29 05:00:00",2006.18
"2009-10-30 05:00:00",2004.37
"2009-10-31 05:00:00",1993.8
"2009-11-01 05:00:00",1993.8
"2009-11-02 05:00:00",1993.8
"2009-11-03 05:00:00",1993.8
"2009-11-04 05:00:00",2008.72
"2009-11-05 05:00:00",1963.7
"2009-11-06 05:00:00",1958.24
"2009-11-07 05:00:00",1981.61
"2009-11-08 05:00:00",1981.61
"2009-11-09 05:00:00",1981.61
"2009-11-10 05:00:00",1968.45
"2009-11-11 05:00:00",1969.52
"2009-11-12 05:00:00",1969.52
"2009-11-13 05:00:00",1976.89
"2009-11-14 05:00:00",1971.27
"2009-11-15 05:00:00",1971.27
"2009-11-16 05:00:00",1971.27
"2009-11-17 05:00:00",1971.27
"2009-11-18 05:00:00",1966.22
"2009-11-19 05:00:00",1953.45
"2009-11-20 05:00:00",1962.33
"2009-11-21 05:00:00",1974.47
"2009-11-22 05:00:00",1974.47
"2009-11-23 05:00:00",1974.47
"2009-11-24 05:00:00",1964.92
"2009-11-25 05:00:00",1969.01
"2009-11-26 05:00:00",1974.14
"2009-11-27 05:00:00",1974.14
"2009-11-28 05:00:00",1997.47
"2009-11-29 05:00:00",1997.47
"2009-11-30 05:00:00",1997.47
"2009-12-01 05:00:00",1998.45
"2009-12-02 05:00:00",1990.29
"2009-12-03 05:00:00",1990.8
"2009-12-04 05:00:00",1989.94
"2009-12-05 05:00:00",2003.94
"2009-12-06 05:00:00",2003.94
"2009-12-07 05:00:00",2003.94
"2009-12-08 05:00:00",2009.45
"2009-12-09 05:00:00",2009.45
"2009-12-10 05:00:00",2016.73
"2009-12-11 05:00:00",2016.17
"2009-12-12 05:00:00",2000.54
"2009-12-13 05:00:00",2000.54
"2009-12-14 05:00:00",2000.54
"2009-12-15 05:00:00",1992.1
"2009-12-16 05:00:00",2001.86
"2009-12-17 05:00:00",2005.09
"2009-12-18 05:00:00",2015.74
"2009-12-19 05:00:00",2025.85
"2009-12-20 05:00:00",2025.85
"2009-12-21 05:00:00",2025.85
"2009-12-22 05:00:00",2030.17
"2009-12-23 05:00:00",2054.1
"2009-12-24 05:00:00",2045.07
"2009-12-25 05:00:00",2043.41
"2009-12-26 05:00:00",2043.41
"2009-12-27 05:00:00",2043.41
"2009-12-28 05:00:00",2043.41
"2009-12-29 05:00:00",2037.92
"2009-12-30 05:00:00",2046.2
"2009-12-31 05:00:00",2044.23
"2010-01-01 05:00:00",2044.23
"2010-01-02 05:00:00",2044.23
"2010-01-03 05:00:00",2044.23
"2010-01-04 05:00:00",2044.23
"2010-01-05 05:00:00",2021.21
"2010-01-06 05:00:00",1992.78
"2010-01-07 05:00:00",1971.32
"2010-01-08 05:00:00",1969.08
"2010-01-09 05:00:00",1968.24
"2010-01-10 05:00:00",1968.24
"2010-01-11 05:00:00",1968.24
"2010-01-12 05:00:00",1968.24
"2010-01-13 05:00:00",1959.43
"2010-01-14 05:00:00",1965.81
"2010-01-15 05:00:00",1974.13
"2010-01-16 05:00:00",1967.4
"2010-01-17 05:00:00",1967.4
"2010-01-18 05:00:00",1967.4
"2010-01-19 05:00:00",1967.4
"2010-01-20 05:00:00",1957.82
"2010-01-21 05:00:00",1964.18
"2010-01-22 05:00:00",1967.08
"2010-01-23 05:00:00",1981.96
"2010-01-24 05:00:00",1981.96
"2010-01-25 05:00:00",1981.96
"2010-01-26 05:00:00",1961.97
"2010-01-27 05:00:00",1972.22
"2010-01-28 05:00:00",1988.05
"2010-01-29 05:00:00",1991.21
"2010-01-30 05:00:00",1982.29
"2010-01-31 05:00:00",1982.29
"2010-02-01 05:00:00",1982.29
"2010-02-02 05:00:00",1972.6
"2010-02-03 05:00:00",1959.93
"2010-02-04 05:00:00",1966.02
"2010-02-05 05:00:00",1984.16
"2010-02-06 05:00:00",1997.13
"2010-02-07 05:00:00",1997.13
"2010-02-08 05:00:00",1997.13
"2010-02-09 05:00:00",2003.76
"2010-02-10 05:00:00",1981.4
"2010-02-11 05:00:00",1965.03
"2010-02-12 05:00:00",1943.6
"2010-02-13 05:00:00",1936.9
"2010-02-14 05:00:00",1936.9
"2010-02-15 05:00:00",1936.9
"2010-02-16 05:00:00",1936.9
"2010-02-17 05:00:00",1925.79
"2010-02-18 05:00:00",1928.79
"2010-02-19 05:00:00",1930.94
"2010-02-20 05:00:00",1928.86
"2010-02-21 05:00:00",1928.86
"2010-02-22 05:00:00",1928.86
"2010-02-23 05:00:00",1914.87
"2010-02-24 05:00:00",1924.75
"2010-02-25 05:00:00",1932.15
"2010-02-26 05:00:00",1941.98
"2010-02-27 05:00:00",1932.32
"2010-02-28 05:00:00",1932.32
"2010-03-01 05:00:00",1932.32
"2010-03-02 05:00:00",1913.86
"2010-03-03 05:00:00",1895.86
"2010-03-04 05:00:00",1916.41
"2010-03-05 05:00:00",1928.33
"2010-03-06 05:00:00",1902.31
"2010-03-07 05:00:00",1902.31
"2010-03-08 05:00:00",1902.31
"2010-03-09 05:00:00",1894.44
"2010-03-10 05:00:00",1894.3
"2010-03-11 05:00:00",1888.05
"2010-03-12 05:00:00",1894.79
"2010-03-13 05:00:00",1892.99
"2010-03-14 05:00:00",1892.99
"2010-03-15 05:00:00",1892.99
"2010-03-16 05:00:00",1899.75
"2010-03-17 05:00:00",1896.15
"2010-03-18 05:00:00",1893.42
"2010-03-19 05:00:00",1900.55
"2010-03-20 05:00:00",1907.06
"2010-03-21 05:00:00",1907.06
"2010-03-22 05:00:00",1907.06
"2010-03-23 05:00:00",1907.06
"2010-03-24 05:00:00",1907.06
"2010-03-25 05:00:00",1923.41
"2010-03-26 05:00:00",1922.91
"2010-03-27 05:00:00",1933.4
"2010-03-28 05:00:00",1933.4
"2010-03-29 05:00:00",1933.4
"2010-03-30 05:00:00",1934.21
"2010-03-31 05:00:00",1928.59
"2010-04-01 05:00:00",1921.88
"2010-04-02 05:00:00",1921.88
"2010-04-03 05:00:00",1921.88
"2010-04-04 05:00:00",1921.88
"2010-04-05 05:00:00",1921.88
"2010-04-06 05:00:00",1911.78
"2010-04-07 05:00:00",1911.07
"2010-04-08 05:00:00",1920.53
"2010-04-09 05:00:00",1931.91
"2010-04-10 05:00:00",1921.32
"2010-04-11 05:00:00",1921.32
"2010-04-12 05:00:00",1921.32
"2010-04-13 05:00:00",1926.16
"2010-04-14 05:00:00",1936.22
"2010-04-15 05:00:00",1938.24
"2010-04-16 05:00:00",1943.83
"2010-04-17 05:00:00",1942.21
"2010-04-18 05:00:00",1942.21
"2010-04-19 05:00:00",1942.21
"2010-04-20 05:00:00",1951.04
"2010-04-21 05:00:00",1947.69
"2010-04-22 05:00:00",1948.47
"2010-04-23 05:00:00",1955.84
"2010-04-24 05:00:00",1950.89
"2010-04-25 05:00:00",1950.89
"2010-04-26 05:00:00",1950.89
"2010-04-27 05:00:00",1943.41
"2010-04-28 05:00:00",1961.82
"2010-04-29 05:00:00",1973.05
"2010-04-30 05:00:00",1969.75
"2010-05-01 05:00:00",1950.44
"2010-05-02 05:00:00",1950.44
"2010-05-03 05:00:00",1950.44
"2010-05-04 05:00:00",1973.42
"2010-05-05 05:00:00",1988.47
"2010-05-06 05:00:00",2003.37
"2010-05-07 05:00:00",2010.13
"2010-05-08 05:00:00",2029.54
"2010-05-09 05:00:00",2029.54
"2010-05-10 05:00:00",2029.54
"2010-05-11 05:00:00",1988.32
"2010-05-12 05:00:00",1980.5
"2010-05-13 05:00:00",1966.36
"2010-05-14 05:00:00",1959.62
"2010-05-15 05:00:00",1968.1
"2010-05-16 05:00:00",1968.1
"2010-05-17 05:00:00",1968.1
"2010-05-18 05:00:00",1968.1
"2010-05-19 05:00:00",1976.46
"2010-05-20 05:00:00",1997.09
"2010-05-21 05:00:00",2017.68
"2010-05-22 05:00:00",1998.42
"2010-05-23 05:00:00",1998.42
"2010-05-24 05:00:00",1998.42
"2010-05-25 05:00:00",1975.01
"2010-05-26 05:00:00",1989.51
"2010-05-27 05:00:00",1976.4
"2010-05-28 05:00:00",1966.8
"2010-05-29 05:00:00",1971.55
"2010-05-30 05:00:00",1971.55
"2010-05-31 05:00:00",1971.55
"2010-06-01 05:00:00",1971.55
"2010-06-02 05:00:00",1971.45
"2010-06-03 05:00:00",1963.36
"2010-06-04 05:00:00",1961.47
"2010-06-05 05:00:00",1965.83
"2010-06-06 05:00:00",1965.83
"2010-06-07 05:00:00",1965.83
"2010-06-08 05:00:00",1965.83
"2010-06-09 05:00:00",1960.5
"2010-06-10 05:00:00",1943.41
"2010-06-11 05:00:00",1928.83
"2010-06-12 05:00:00",1925.35
"2010-06-13 05:00:00",1925.35
"2010-06-14 05:00:00",1925.35
"2010-06-15 05:00:00",1925.35
"2010-06-16 05:00:00",1917.82
"2010-06-17 05:00:00",1912.29
"2010-06-18 05:00:00",1902.78
"2010-06-19 05:00:00",1906.61
"2010-06-20 05:00:00",1906.61
"2010-06-21 05:00:00",1906.61
"2010-06-22 05:00:00",1889.51
"2010-06-23 05:00:00",1886.05
"2010-06-24 05:00:00",1895.75
"2010-06-25 05:00:00",1896.87
"2010-06-26 05:00:00",1900.36
"2010-06-27 05:00:00",1900.36
"2010-06-28 05:00:00",1900.36
"2010-06-29 05:00:00",1901.65
"2010-06-30 05:00:00",1916.46
"2010-07-01 05:00:00",1913.15
"2010-07-02 05:00:00",1897.33
"2010-07-03 05:00:00",1884.31
"2010-07-04 05:00:00",1884.31
"2010-07-05 05:00:00",1884.31
"2010-07-06 05:00:00",1884.31
"2010-07-07 05:00:00",1882.47
"2010-07-08 05:00:00",1901.38
"2010-07-09 05:00:00",1889.61
"2010-07-10 05:00:00",1877.66
"2010-07-11 05:00:00",1877.66
"2010-07-12 05:00:00",1877.66
"2010-07-13 05:00:00",1877.2
"2010-07-14 05:00:00",1871.19
"2010-07-15 05:00:00",1873.87
"2010-07-16 05:00:00",1871.96
"2010-07-17 05:00:00",1878.77
"2010-07-18 05:00:00",1878.77
"2010-07-19 05:00:00",1878.77
"2010-07-20 05:00:00",1872.92
"2010-07-21 05:00:00",1872.92
"2010-07-22 05:00:00",1867.07
"2010-07-23 05:00:00",1864.04
"2010-07-24 05:00:00",1867.47
"2010-07-25 05:00:00",1867.47
"2010-07-26 05:00:00",1867.47
"2010-07-27 05:00:00",1859.5
"2010-07-28 05:00:00",1852.83
"2010-07-29 05:00:00",1846.23
"2010-07-30 05:00:00",1841.35
"2010-07-31 05:00:00",1842.79
"2010-08-01 05:00:00",1842.79
"2010-08-02 05:00:00",1842.79
"2010-08-03 05:00:00",1832.45
"2010-08-04 05:00:00",1834.58
"2010-08-05 05:00:00",1824.52
"2010-08-06 05:00:00",1818.5
"2010-08-07 05:00:00",1815.46
"2010-08-08 05:00:00",1815.46
"2010-08-09 05:00:00",1815.46
"2010-08-10 05:00:00",1808.93
"2010-08-11 05:00:00",1810.12
"2010-08-12 05:00:00",1807.55
"2010-08-13 05:00:00",1812.2
"2010-08-14 05:00:00",1835.32
"2010-08-15 05:00:00",1835.32
"2010-08-16 05:00:00",1835.32
"2010-08-17 05:00:00",1835.32
"2010-08-18 05:00:00",1810.75
"2010-08-19 05:00:00",1808.14
"2010-08-20 05:00:00",1819.13
"2010-08-21 05:00:00",1820.93
"2010-08-22 05:00:00",1820.93
"2010-08-23 05:00:00",1820.93
"2010-08-24 05:00:00",1806.93
"2010-08-25 05:00:00",1818.86
"2010-08-26 05:00:00",1820.29
"2010-08-27 05:00:00",1811.46
"2010-08-28 05:00:00",1817.68
"2010-08-29 05:00:00",1817.68
"2010-08-30 05:00:00",1817.68
"2010-08-31 05:00:00",1823.74
"2010-09-01 05:00:00",1826.31
"2010-09-02 05:00:00",1815.09
"2010-09-03 05:00:00",1810.65
"2010-09-04 05:00:00",1807.73
"2010-09-05 05:00:00",1807.73
"2010-09-06 05:00:00",1807.73
"2010-09-07 05:00:00",1807.73
"2010-09-08 05:00:00",1808.65
"2010-09-09 05:00:00",1803
"2010-09-10 05:00:00",1802.54
"2010-09-11 05:00:00",1801.04
"2010-09-12 05:00:00",1801.04
"2010-09-13 05:00:00",1801.04
"2010-09-14 05:00:00",1793.28
"2010-09-15 05:00:00",1788.05
"2010-09-16 05:00:00",1806.78
"2010-09-17 05:00:00",1811.55
"2010-09-18 05:00:00",1806.76
"2010-09-19 05:00:00",1806.76
"2010-09-20 05:00:00",1806.76
"2010-09-21 05:00:00",1798.73
"2010-09-22 05:00:00",1805.31
"2010-09-23 05:00:00",1803.71
"2010-09-24 05:00:00",1810.72
"2010-09-25 05:00:00",1809.46
"2010-09-26 05:00:00",1809.46
"2010-09-27 05:00:00",1809.46
"2010-09-28 05:00:00",1802.15
"2010-09-29 05:00:00",1804.06
"2010-09-30 05:00:00",1799.89
"2010-10-01 05:00:00",1801.01
"2010-10-02 05:00:00",1795.93
"2010-10-03 05:00:00",1795.93
"2010-10-04 05:00:00",1795.93
"2010-10-05 05:00:00",1802.09
"2010-10-06 05:00:00",1802.43
"2010-10-07 05:00:00",1796.29
"2010-10-08 05:00:00",1786.2
"2010-10-09 05:00:00",1786.37
"2010-10-10 05:00:00",1786.37
"2010-10-11 05:00:00",1786.37
"2010-10-12 05:00:00",1786.37
"2010-10-13 05:00:00",1786.77
"2010-10-14 05:00:00",1791.56
"2010-10-15 05:00:00",1801.2
"2010-10-16 05:00:00",1807.88
"2010-10-17 05:00:00",1807.88
"2010-10-18 05:00:00",1807.88
"2010-10-19 05:00:00",1807.88
"2010-10-20 05:00:00",1817.45
"2010-10-21 05:00:00",1812.6
"2010-10-22 05:00:00",1816.28
"2010-10-23 05:00:00",1823.05
"2010-10-24 05:00:00",1823.05
"2010-10-25 05:00:00",1823.05
"2010-10-26 05:00:00",1830.96
"2010-10-27 05:00:00",1838.45
"2010-10-28 05:00:00",1846.41
"2010-10-29 05:00:00",1839.9
"2010-10-30 05:00:00",1831.64
"2010-10-31 05:00:00",1831.64
"2010-11-01 05:00:00",1831.64
"2010-11-02 05:00:00",1831.64
"2010-11-03 05:00:00",1845.51
"2010-11-04 05:00:00",1840.51
"2010-11-05 05:00:00",1821.05
"2010-11-06 05:00:00",1817.7
"2010-11-07 05:00:00",1817.7
"2010-11-08 05:00:00",1817.7
"2010-11-09 05:00:00",1828.28
"2010-11-10 05:00:00",1836.27
"2010-11-11 05:00:00",1858.01
"2010-11-12 05:00:00",1858.01
"2010-11-13 05:00:00",1861.74
"2010-11-14 05:00:00",1861.74
"2010-11-15 05:00:00",1861.74
"2010-11-16 05:00:00",1861.74
"2010-11-17 05:00:00",1880.98
"2010-11-18 05:00:00",1875.78
"2010-11-19 05:00:00",1865.82
"2010-11-20 05:00:00",1875.39
"2010-11-21 05:00:00",1875.39
"2010-11-22 05:00:00",1875.39
"2010-11-23 05:00:00",1882
"2010-11-24 05:00:00",1892.84
"2010-11-25 05:00:00",1889.11
"2010-11-26 05:00:00",1889.11
"2010-11-27 05:00:00",1906.69
"2010-11-28 05:00:00",1906.69
"2010-11-29 05:00:00",1906.69
"2010-11-30 05:00:00",1916.96
"2010-12-01 05:00:00",1932.63
"2010-12-02 05:00:00",1933.58
"2010-12-03 05:00:00",1920
"2010-12-04 05:00:00",1896.73
"2010-12-05 05:00:00",1896.73
"2010-12-06 05:00:00",1896.73
"2010-12-07 05:00:00",1889.75
"2010-12-08 05:00:00",1880.82
"2010-12-09 05:00:00",1880.82
"2010-12-10 05:00:00",1902.72
"2010-12-11 05:00:00",1911.87
"2010-12-12 05:00:00",1911.87
"2010-12-13 05:00:00",1911.87
"2010-12-14 05:00:00",1894.12
"2010-12-15 05:00:00",1899.89
"2010-12-16 05:00:00",1905.84
"2010-12-17 05:00:00",1916.09
"2010-12-18 05:00:00",1923.13
"2010-12-19 05:00:00",1923.13
"2010-12-20 05:00:00",1923.13
"2010-12-21 05:00:00",1928.71
"2010-12-22 05:00:00",1934.96
"2010-12-23 05:00:00",1934.44
"2010-12-24 05:00:00",1928.33
"2010-12-25 05:00:00",1939.54
"2010-12-26 05:00:00",1939.54
"2010-12-27 05:00:00",1939.54
"2010-12-28 05:00:00",1964.57
"2010-12-29 05:00:00",2027.33
"2010-12-30 05:00:00",1989.88
"2010-12-31 05:00:00",1913.98
"2011-01-01 05:00:00",1913.98
"2011-01-02 05:00:00",1913.98
"2011-01-03 05:00:00",1913.98
"2011-01-04 05:00:00",1902.71
"2011-01-05 05:00:00",1899.86
"2011-01-06 05:00:00",1894.82
"2011-01-07 05:00:00",1869.94
"2011-01-08 05:00:00",1859.97
"2011-01-09 05:00:00",1859.97
"2011-01-10 05:00:00",1859.97
"2011-01-11 05:00:00",1859.97
"2011-01-12 05:00:00",1856.79
"2011-01-13 05:00:00",1855.46
"2011-01-14 05:00:00",1864.36
"2011-01-15 05:00:00",1872.46
"2011-01-16 05:00:00",1872.46
"2011-01-17 05:00:00",1872.46
"2011-01-18 05:00:00",1872.46
"2011-01-19 05:00:00",1864.64
"2011-01-20 05:00:00",1841.9
"2011-01-21 05:00:00",1849.59
"2011-01-22 05:00:00",1838.94
"2011-01-23 05:00:00",1838.94
"2011-01-24 05:00:00",1838.94
"2011-01-25 05:00:00",1842.43
"2011-01-26 05:00:00",1853.71
"2011-01-27 05:00:00",1862.05
"2011-01-28 05:00:00",1858.7
"2011-01-29 05:00:00",1857.98
"2011-01-30 05:00:00",1857.98
"2011-01-31 05:00:00",1857.98
"2011-02-01 05:00:00",1867.82
"2011-02-02 05:00:00",1853.33
"2011-02-03 05:00:00",1852.67
"2011-02-04 05:00:00",1863.03
"2011-02-05 05:00:00",1872.01
"2011-02-06 05:00:00",1872.01
"2011-02-07 05:00:00",1872.01
"2011-02-08 05:00:00",1871.81
"2011-02-09 05:00:00",1875.32
"2011-02-10 05:00:00",1891.54
"2011-02-11 05:00:00",1889.1
"2011-02-12 05:00:00",1880.37
"2011-02-13 05:00:00",1880.37
"2011-02-14 05:00:00",1880.37
"2011-02-15 05:00:00",1891.84
"2011-02-16 05:00:00",1902.01
"2011-02-17 05:00:00",1907.69
"2011-02-18 05:00:00",1893.46
"2011-02-19 05:00:00",1879.15
"2011-02-20 05:00:00",1879.15
"2011-02-21 05:00:00",1879.15
"2011-02-22 05:00:00",1879.15
"2011-02-23 05:00:00",1889.69
"2011-02-24 05:00:00",1898.28
"2011-02-25 05:00:00",1898.39
"2011-02-26 05:00:00",1895.56
"2011-02-27 05:00:00",1895.56
"2011-02-28 05:00:00",1895.56
"2011-03-01 05:00:00",1907.37
"2011-03-02 05:00:00",1913.21
"2011-03-03 05:00:00",1916.05
"2011-03-04 05:00:00",1904.73
"2011-03-05 05:00:00",1890.23
"2011-03-06 05:00:00",1890.23
"2011-03-07 05:00:00",1890.23
"2011-03-08 05:00:00",1893.17
"2011-03-09 05:00:00",1889.85
"2011-03-10 05:00:00",1879.49
"2011-03-11 05:00:00",1871.97
"2011-03-12 05:00:00",1866.2
"2011-03-13 05:00:00",1866.2
"2011-03-14 05:00:00",1866.2
"2011-03-15 05:00:00",1876.29
"2011-03-16 05:00:00",1887.67
"2011-03-17 05:00:00",1892.62
"2011-03-18 05:00:00",1876.78
"2011-03-19 05:00:00",1874.79
"2011-03-20 05:00:00",1874.79
"2011-03-21 05:00:00",1874.79
"2011-03-22 05:00:00",1874.79
"2011-03-23 05:00:00",1866.34
"2011-03-24 05:00:00",1867.74
"2011-03-25 05:00:00",1865.11
"2011-03-26 05:00:00",1871.37
"2011-03-27 05:00:00",1871.37
"2011-03-28 05:00:00",1871.37
"2011-03-29 05:00:00",1877.84
"2011-03-30 05:00:00",1888
"2011-03-31 05:00:00",1879.47
"2011-04-01 05:00:00",1870.6
"2011-04-02 05:00:00",1858.95
"2011-04-03 05:00:00",1858.95
"2011-04-04 05:00:00",1858.95
"2011-04-05 05:00:00",1846.78
"2011-04-06 05:00:00",1838.29
"2011-04-07 05:00:00",1826.97
"2011-04-08 05:00:00",1825.09
"2011-04-09 05:00:00",1817.35
"2011-04-10 05:00:00",1817.35
"2011-04-11 05:00:00",1817.35
"2011-04-12 05:00:00",1815.79
"2011-04-13 05:00:00",1818.14
"2011-04-14 05:00:00",1818.91
"2011-04-15 05:00:00",1811.1
"2011-04-16 05:00:00",1800.63
"2011-04-17 05:00:00",1800.63
"2011-04-18 05:00:00",1800.63
"2011-04-19 05:00:00",1799.79
"2011-04-20 05:00:00",1790.54
"2011-04-21 05:00:00",1782.59
"2011-04-22 05:00:00",1782.59
"2011-04-23 05:00:00",1782.59
"2011-04-24 05:00:00",1782.59
"2011-04-25 05:00:00",1782.59
"2011-04-26 05:00:00",1781.56
"2011-04-27 05:00:00",1787.88
"2011-04-28 05:00:00",1784.11
"2011-04-29 05:00:00",1767.54
"2011-04-30 05:00:00",1768.19
"2011-05-01 05:00:00",1768.19
"2011-05-02 05:00:00",1768.19
"2011-05-03 05:00:00",1768.37
"2011-05-04 05:00:00",1767.05
"2011-05-05 05:00:00",1763.45
"2011-05-06 05:00:00",1769.46
"2011-05-07 05:00:00",1763.12
"2011-05-08 05:00:00",1763.12
"2011-05-09 05:00:00",1763.12
"2011-05-10 05:00:00",1779.7
"2011-05-11 05:00:00",1791.72
"2011-05-12 05:00:00",1798.66
"2011-05-13 05:00:00",1807.86
"2011-05-14 05:00:00",1805.37
"2011-05-15 05:00:00",1805.37
"2011-05-16 05:00:00",1805.37
"2011-05-17 05:00:00",1814.98
"2011-05-18 05:00:00",1826.03
"2011-05-19 05:00:00",1824.62
"2011-05-20 05:00:00",1814.99
"2011-05-21 05:00:00",1819.86
"2011-05-22 05:00:00",1819.86
"2011-05-23 05:00:00",1819.86
"2011-05-24 05:00:00",1828.12
"2011-05-25 05:00:00",1828.64
"2011-05-26 05:00:00",1831.58
"2011-05-27 05:00:00",1829.75
"2011-05-28 05:00:00",1817.34
"2011-05-29 05:00:00",1817.34
"2011-05-30 05:00:00",1817.34
"2011-05-31 05:00:00",1817.34
"2011-06-01 05:00:00",1797.83
"2011-06-02 05:00:00",1789.41
"2011-06-03 05:00:00",1784.12
"2011-06-04 05:00:00",1785.05
"2011-06-05 05:00:00",1785.05
"2011-06-06 05:00:00",1785.05
"2011-06-07 05:00:00",1785.05
"2011-06-08 05:00:00",1770.13
"2011-06-09 05:00:00",1769.83
"2011-06-10 05:00:00",1772.59
"2011-06-11 05:00:00",1774.94
"2011-06-12 05:00:00",1774.94
"2011-06-13 05:00:00",1774.94
"2011-06-14 05:00:00",1777.64
"2011-06-15 05:00:00",1774.24
"2011-06-16 05:00:00",1781.4
"2011-06-17 05:00:00",1793.92
"2011-06-18 05:00:00",1787.8
"2011-06-19 05:00:00",1787.8
"2011-06-20 05:00:00",1787.8
"2011-06-21 05:00:00",1789.47
"2011-06-22 05:00:00",1780.48
"2011-06-23 05:00:00",1779.1
"2011-06-24 05:00:00",1788.11
"2011-06-25 05:00:00",1787.8
"2011-06-26 05:00:00",1787.8
"2011-06-27 05:00:00",1787.8
"2011-06-28 05:00:00",1787.8
"2011-06-29 05:00:00",1786.73
"2011-06-30 05:00:00",1780.16
"2011-07-01 05:00:00",1772.32
"2011-07-02 05:00:00",1762.59
"2011-07-03 05:00:00",1762.59
"2011-07-04 05:00:00",1762.59
"2011-07-05 05:00:00",1762.59
"2011-07-06 05:00:00",1766.57
"2011-07-07 05:00:00",1767.47
"2011-07-08 05:00:00",1759.38
"2011-07-09 05:00:00",1759.41
"2011-07-10 05:00:00",1759.41
"2011-07-11 05:00:00",1759.41
"2011-07-12 05:00:00",1768.42
"2011-07-13 05:00:00",1765.32
"2011-07-14 05:00:00",1758.25
"2011-07-15 05:00:00",1748.41
"2011-07-16 05:00:00",1750.9
"2011-07-17 05:00:00",1750.9
"2011-07-18 05:00:00",1750.9
"2011-07-19 05:00:00",1758.99
"2011-07-20 05:00:00",1757.49
"2011-07-21 05:00:00",1757.49
"2011-07-22 05:00:00",1756.38
"2011-07-23 05:00:00",1757.35
"2011-07-24 05:00:00",1757.35
"2011-07-25 05:00:00",1757.35
"2011-07-26 05:00:00",1768.02
"2011-07-27 05:00:00",1759.88
"2011-07-28 05:00:00",1764.89
"2011-07-29 05:00:00",1771.15
"2011-07-30 05:00:00",1777.82
"2011-07-31 05:00:00",1777.82
"2011-08-01 05:00:00",1777.82
"2011-08-02 05:00:00",1771.81
"2011-08-03 05:00:00",1765.53
"2011-08-04 05:00:00",1772.52
"2011-08-05 05:00:00",1781.33
"2011-08-06 05:00:00",1792.68
"2011-08-07 05:00:00",1792.68
"2011-08-08 05:00:00",1792.68
"2011-08-09 05:00:00",1811.18
"2011-08-10 05:00:00",1811.68
"2011-08-11 05:00:00",1800.97
"2011-08-12 05:00:00",1793.47
"2011-08-13 05:00:00",1783.35
"2011-08-14 05:00:00",1783.35
"2011-08-15 05:00:00",1783.35
"2011-08-16 05:00:00",1783.35
"2011-08-17 05:00:00",1776.66
"2011-08-18 05:00:00",1767.29
"2011-08-19 05:00:00",1775.84
"2011-08-20 05:00:00",1779.05
"2011-08-21 05:00:00",1779.05
"2011-08-22 05:00:00",1779.05
"2011-08-23 05:00:00",1779.86
"2011-08-24 05:00:00",1781.91
"2011-08-25 05:00:00",1791.61
"2011-08-26 05:00:00",1791.05
"2011-08-27 05:00:00",1794.02
"2011-08-28 05:00:00",1794.02
"2011-08-29 05:00:00",1794.02
"2011-08-30 05:00:00",1787.52
"2011-08-31 05:00:00",1783.66
"2011-09-01 05:00:00",1780.26
"2011-09-02 05:00:00",1778.51
"2011-09-03 05:00:00",1782.8
"2011-09-04 05:00:00",1782.8
"2011-09-05 05:00:00",1782.8
"2011-09-06 05:00:00",1782.8
"2011-09-07 05:00:00",1791.89
"2011-09-08 05:00:00",1789.3
"2011-09-09 05:00:00",1789.9
"2011-09-10 05:00:00",1796.58
"2011-09-11 05:00:00",1796.58
"2011-09-12 05:00:00",1796.58
"2011-09-13 05:00:00",1811.34
"2011-09-14 05:00:00",1813.42
"2011-09-15 05:00:00",1824.15
"2011-09-16 05:00:00",1822.04
"2011-09-17 05:00:00",1820.29
"2011-09-18 05:00:00",1820.29
"2011-09-19 05:00:00",1820.29
"2011-09-20 05:00:00",1843.26
"2011-09-21 05:00:00",1854.96
"2011-09-22 05:00:00",1882.23
"2011-09-23 05:00:00",1915.63
"2011-09-24 05:00:00",1902.45
"2011-09-25 05:00:00",1902.45
"2011-09-26 05:00:00",1902.45
"2011-09-27 05:00:00",1903.31
"2011-09-28 05:00:00",1887.38
"2011-09-29 05:00:00",1907.75
"2011-09-30 05:00:00",1915.1
"2011-10-01 05:00:00",1929.01
"2011-10-02 05:00:00",1929.01
"2011-10-03 05:00:00",1929.01
"2011-10-04 05:00:00",1943.8
"2011-10-05 05:00:00",1972.76
"2011-10-06 05:00:00",1967.56
"2011-10-07 05:00:00",1952.09
"2011-10-08 05:00:00",1931.64
"2011-10-09 05:00:00",1931.64
"2011-10-10 05:00:00",1931.64
"2011-10-11 05:00:00",1931.64
"2011-10-12 05:00:00",1913.6
"2011-10-13 05:00:00",1896.72
"2011-10-14 05:00:00",1909.12
"2011-10-15 05:00:00",1895.33
"2011-10-16 05:00:00",1895.33
"2011-10-17 05:00:00",1895.33
"2011-10-18 05:00:00",1895.33
"2011-10-19 05:00:00",1902.47
"2011-10-20 05:00:00",1900.1
"2011-10-21 05:00:00",1905.95
"2011-10-22 05:00:00",1897.45
"2011-10-23 05:00:00",1897.45
"2011-10-24 05:00:00",1897.45
"2011-10-25 05:00:00",1878.78
"2011-10-26 05:00:00",1875.55
"2011-10-27 05:00:00",1878.1
"2011-10-28 05:00:00",1862.84
"2011-10-29 05:00:00",1863.06
"2011-10-30 05:00:00",1863.06
"2011-10-31 05:00:00",1863.06
"2011-11-01 05:00:00",1871.49
"2011-11-02 05:00:00",1891.38
"2011-11-03 05:00:00",1889.66
"2011-11-04 05:00:00",1905.38
"2011-11-05 05:00:00",1915.72
"2011-11-06 05:00:00",1915.72
"2011-11-07 05:00:00",1915.72
"2011-11-08 05:00:00",1915.72
"2011-11-09 05:00:00",1908.71
"2011-11-10 05:00:00",1917.69
"2011-11-11 05:00:00",1913.65
"2011-11-12 05:00:00",1913.65
"2011-11-13 05:00:00",1913.65
"2011-11-14 05:00:00",1913.65
"2011-11-15 05:00:00",1913.65
"2011-11-16 05:00:00",1915.41
"2011-11-17 05:00:00",1912.2
"2011-11-18 05:00:00",1910.83
"2011-11-19 05:00:00",1917.45
"2011-11-20 05:00:00",1917.45
"2011-11-21 05:00:00",1917.45
"2011-11-22 05:00:00",1928.47
"2011-11-23 05:00:00",1925.39
"2011-11-24 05:00:00",1932.63
"2011-11-25 05:00:00",1932.63
"2011-11-26 05:00:00",1948.48
"2011-11-27 05:00:00",1948.48
"2011-11-28 05:00:00",1948.48
"2011-11-29 05:00:00",1946.28
"2011-11-30 05:00:00",1967.18
"2011-12-01 05:00:00",1948.51
"2011-12-02 05:00:00",1949.56
"2011-12-03 05:00:00",1938.83
"2011-12-04 05:00:00",1938.83
"2011-12-05 05:00:00",1938.83
"2011-12-06 05:00:00",1936.29
"2011-12-07 05:00:00",1936.11
"2011-12-08 05:00:00",1930.57
"2011-12-09 05:00:00",1930.57
"2011-12-10 05:00:00",1927.1
"2011-12-11 05:00:00",1927.1
"2011-12-12 05:00:00",1927.1
"2011-12-13 05:00:00",1932.3
"2011-12-14 05:00:00",1929.01
"2011-12-15 05:00:00",1937.6
"2011-12-16 05:00:00",1935.96
"2011-12-17 05:00:00",1935.64
"2011-12-18 05:00:00",1935.64
"2011-12-19 05:00:00",1935.64
"2011-12-20 05:00:00",1939.39
"2011-12-21 05:00:00",1932.08
"2011-12-22 05:00:00",1935.72
"2011-12-23 05:00:00",1927.71
"2011-12-24 05:00:00",1920.93
"2011-12-25 05:00:00",1920.93
"2011-12-26 05:00:00",1920.93
"2011-12-27 05:00:00",1920.93
"2011-12-28 05:00:00",1920.16
"2011-12-29 05:00:00",1938.52
"2011-12-30 05:00:00",1942.7
"2011-12-31 05:00:00",1942.7
"2012-01-01 05:00:00",1942.7
"2012-01-02 05:00:00",1942.7
"2012-01-03 05:00:00",1942.7
"2012-01-04 05:00:00",1915.02
"2012-01-05 05:00:00",1898.24
"2012-01-06 05:00:00",1884.44
"2012-01-07 05:00:00",1884.47
"2012-01-08 05:00:00",1884.47
"2012-01-09 05:00:00",1884.47
"2012-01-10 05:00:00",1884.47
"2012-01-11 05:00:00",1865.07
"2012-01-12 05:00:00",1854.17
"2012-01-13 05:00:00",1842.47
"2012-01-14 05:00:00",1841.31
"2012-01-15 05:00:00",1841.31
"2012-01-16 05:00:00",1841.31
"2012-01-17 05:00:00",1841.31
"2012-01-18 05:00:00",1836.34
"2012-01-19 05:00:00",1827.24
"2012-01-20 05:00:00",1821.86
"2012-01-21 05:00:00",1828.75
"2012-01-22 05:00:00",1828.75
"2012-01-23 05:00:00",1828.75
"2012-01-24 05:00:00",1811.55
"2012-01-25 05:00:00",1814.58
"2012-01-26 05:00:00",1814.69
"2012-01-27 05:00:00",1801.88
"2012-01-28 05:00:00",1810.55
"2012-01-29 05:00:00",1810.55
"2012-01-30 05:00:00",1810.55
"2012-01-31 05:00:00",1815.08
"2012-02-01 05:00:00",1805.98
"2012-02-02 05:00:00",1797.68
"2012-02-03 05:00:00",1795.55
"2012-02-04 05:00:00",1784.77
"2012-02-05 05:00:00",1784.77
"2012-02-06 05:00:00",1784.77
"2012-02-07 05:00:00",1787.96
"2012-02-08 05:00:00",1783.34
"2012-02-09 05:00:00",1778.9
"2012-02-10 05:00:00",1774.96
"2012-02-11 05:00:00",1785.59
"2012-02-12 05:00:00",1785.59
"2012-02-13 05:00:00",1785.59
"2012-02-14 05:00:00",1778.12
"2012-02-15 05:00:00",1785.24
"2012-02-16 05:00:00",1791.29
"2012-02-17 05:00:00",1792.92
"2012-02-18 05:00:00",1779.81
"2012-02-19 05:00:00",1779.81
"2012-02-20 05:00:00",1779.81
"2012-02-21 05:00:00",1779.81
"2012-02-22 05:00:00",1777.59
"2012-02-23 05:00:00",1781.57
"2012-02-24 05:00:00",1776.11
"2012-02-25 05:00:00",1772.42
"2012-02-26 05:00:00",1772.42
"2012-02-27 05:00:00",1772.42
"2012-02-28 05:00:00",1777.27
"2012-02-29 05:00:00",1767.83
"2012-03-01 05:00:00",1766.85
"2012-03-02 05:00:00",1770.7
"2012-03-03 05:00:00",1775.69
"2012-03-04 05:00:00",1775.69
"2012-03-05 05:00:00",1775.69
"2012-03-06 05:00:00",1774.03
"2012-03-07 05:00:00",1779.32
"2012-03-08 05:00:00",1773.88
"2012-03-09 05:00:00",1765.06
"2012-03-10 05:00:00",1762.08
"2012-03-11 05:00:00",1762.08
"2012-03-12 05:00:00",1762.08
"2012-03-13 05:00:00",1766.1
"2012-03-14 05:00:00",1760.77
"2012-03-15 05:00:00",1761.04
"2012-03-16 05:00:00",1761.02
"2012-03-17 05:00:00",1758.38
"2012-03-18 05:00:00",1758.38
"2012-03-19 05:00:00",1758.38
"2012-03-20 05:00:00",1758.38
"2012-03-21 05:00:00",1759.78
"2012-03-22 05:00:00",1758.03
"2012-03-23 05:00:00",1761.87
"2012-03-24 05:00:00",1760.17
"2012-03-25 05:00:00",1760.17
"2012-03-26 05:00:00",1760.17
"2012-03-27 05:00:00",1759.58
"2012-03-28 05:00:00",1762.93
"2012-03-29 05:00:00",1771.25
"2012-03-30 05:00:00",1784.66
"2012-03-31 05:00:00",1792.07
"2012-04-01 05:00:00",1792.07
"2012-04-02 05:00:00",1792.07
"2012-04-03 05:00:00",1779.13
"2012-04-04 05:00:00",1767.84
"2012-04-05 05:00:00",1772.58
"2012-04-06 05:00:00",1772.58
"2012-04-07 05:00:00",1772.58
"2012-04-08 05:00:00",1772.58
"2012-04-09 05:00:00",1772.58
"2012-04-10 05:00:00",1779.53
"2012-04-11 05:00:00",1793.3
"2012-04-12 05:00:00",1787.66
"2012-04-13 05:00:00",1778.78
"2012-04-14 05:00:00",1777.12
"2012-04-15 05:00:00",1777.12
"2012-04-16 05:00:00",1777.12
"2012-04-17 05:00:00",1775.67
"2012-04-18 05:00:00",1769.07
"2012-04-19 05:00:00",1774.21
"2012-04-20 05:00:00",1776.06
"2012-04-21 05:00:00",1771.13
"2012-04-22 05:00:00",1771.13
"2012-04-23 05:00:00",1771.13
"2012-04-24 05:00:00",1774.44
"2012-04-25 05:00:00",1767.91
"2012-04-26 05:00:00",1763.85
"2012-04-27 05:00:00",1764.63
"2012-04-28 05:00:00",1761.2
"2012-04-29 05:00:00",1761.2
"2012-04-30 05:00:00",1761.2
"2012-05-01 05:00:00",1764
"2012-05-02 05:00:00",1764
"2012-05-03 05:00:00",1760.12
"2012-05-04 05:00:00",1754.89
"2012-05-05 05:00:00",1757.24
"2012-05-06 05:00:00",1757.24
"2012-05-07 05:00:00",1757.24
"2012-05-08 05:00:00",1759.12
"2012-05-09 05:00:00",1760.6
"2012-05-10 05:00:00",1775.96
"2012-05-11 05:00:00",1765
"2012-05-12 05:00:00",1764.69
"2012-05-13 05:00:00",1764.69
"2012-05-14 05:00:00",1764.69
"2012-05-15 05:00:00",1771.6
"2012-05-16 05:00:00",1778.37
"2012-05-17 05:00:00",1793.61
"2012-05-18 05:00:00",1804.92
"2012-05-19 05:00:00",1814.46
"2012-05-20 05:00:00",1814.46
"2012-05-21 05:00:00",1814.46
"2012-05-22 05:00:00",1814.46
"2012-05-23 05:00:00",1824.73
"2012-05-24 05:00:00",1845.17
"2012-05-25 05:00:00",1836.45
"2012-05-26 05:00:00",1840.69
"2012-05-27 05:00:00",1840.69
"2012-05-28 05:00:00",1840.69
"2012-05-29 05:00:00",1840.69
"2012-05-30 05:00:00",1818.82
"2012-05-31 05:00:00",1827.83
"2012-06-01 05:00:00",1833.8
"2012-06-02 05:00:00",1834.71
"2012-06-03 05:00:00",1834.71
"2012-06-04 05:00:00",1834.71
"2012-06-05 05:00:00",1815.54
"2012-06-06 05:00:00",1798.85
"2012-06-07 05:00:00",1782.89
"2012-06-08 05:00:00",1766.91
"2012-06-09 05:00:00",1776.26
"2012-06-10 05:00:00",1776.26
"2012-06-11 05:00:00",1776.26
"2012-06-12 05:00:00",1776.26
"2012-06-13 05:00:00",1776.47
"2012-06-14 05:00:00",1783.45
"2012-06-15 05:00:00",1787.63
"2012-06-16 05:00:00",1786.21
"2012-06-17 05:00:00",1786.21
"2012-06-18 05:00:00",1786.21
"2012-06-19 05:00:00",1786.21
"2012-06-20 05:00:00",1773.18
"2012-06-21 05:00:00",1770.38
"2012-06-22 05:00:00",1775.99
"2012-06-23 05:00:00",1787.47
"2012-06-24 05:00:00",1787.47
"2012-06-25 05:00:00",1787.47
"2012-06-26 05:00:00",1803.37
"2012-06-27 05:00:00",1805.14
"2012-06-28 05:00:00",1796.18
"2012-06-29 05:00:00",1805.6
"2012-06-30 05:00:00",1784.6
"2012-07-01 05:00:00",1784.6
"2012-07-02 05:00:00",1784.6
"2012-07-03 05:00:00",1784.6
"2012-07-04 05:00:00",1771.53
"2012-07-05 05:00:00",1771.53
"2012-07-06 05:00:00",1774.37
"2012-07-07 05:00:00",1785.25
"2012-07-08 05:00:00",1785.25
"2012-07-09 05:00:00",1785.25
"2012-07-10 05:00:00",1790.25
"2012-07-11 05:00:00",1785.06
"2012-07-12 05:00:00",1787.72
"2012-07-13 05:00:00",1790.12
"2012-07-14 05:00:00",1780.21
"2012-07-15 05:00:00",1780.21
"2012-07-16 05:00:00",1780.21
"2012-07-17 05:00:00",1778.42
"2012-07-18 05:00:00",1778.97
"2012-07-19 05:00:00",1778.28
"2012-07-20 05:00:00",1775.8
"2012-07-21 05:00:00",1775.8
"2012-07-22 05:00:00",1775.8
"2012-07-23 05:00:00",1775.8
"2012-07-24 05:00:00",1790.39
"2012-07-25 05:00:00",1797.33
"2012-07-26 05:00:00",1799.48
"2012-07-27 05:00:00",1789.22
"2012-07-28 05:00:00",1791.12
"2012-07-29 05:00:00",1791.12
"2012-07-30 05:00:00",1791.12
"2012-07-31 05:00:00",1789.02
"2012-08-01 05:00:00",1790.74
"2012-08-02 05:00:00",1787.51
"2012-08-03 05:00:00",1790.97
"2012-08-04 05:00:00",1786.06
"2012-08-05 05:00:00",1786.06
"2012-08-06 05:00:00",1786.06
"2012-08-07 05:00:00",1785.29
"2012-08-08 05:00:00",1785.29
"2012-08-09 05:00:00",1788.03
"2012-08-10 05:00:00",1788.08
"2012-08-11 05:00:00",1791.61
"2012-08-12 05:00:00",1791.61
"2012-08-13 05:00:00",1791.61
"2012-08-14 05:00:00",1792.86
"2012-08-15 05:00:00",1800.81
"2012-08-16 05:00:00",1817.18
"2012-08-17 05:00:00",1825.52
"2012-08-18 05:00:00",1822.59
"2012-08-19 05:00:00",1822.59
"2012-08-20 05:00:00",1822.59
"2012-08-21 05:00:00",1822.59
"2012-08-22 05:00:00",1815.8
"2012-08-23 05:00:00",1812.88
"2012-08-24 05:00:00",1808.33
"2012-08-25 05:00:00",1814.83
"2012-08-26 05:00:00",1814.83
"2012-08-27 05:00:00",1814.83
"2012-08-28 05:00:00",1821.44
"2012-08-29 05:00:00",1828.99
"2012-08-30 05:00:00",1833.14
"2012-08-31 05:00:00",1830.5
"2012-09-01 05:00:00",1825.21
"2012-09-02 05:00:00",1825.21
"2012-09-03 05:00:00",1825.21
"2012-09-04 05:00:00",1825.21
"2012-09-05 05:00:00",1824.81
"2012-09-06 05:00:00",1814.06
"2012-09-07 05:00:00",1804.09
"2012-09-08 05:00:00",1797.35
"2012-09-09 05:00:00",1797.35
"2012-09-10 05:00:00",1797.35
"2012-09-11 05:00:00",1802.23
"2012-09-12 05:00:00",1795.4
"2012-09-13 05:00:00",1802.22
"2012-09-14 05:00:00",1799.57
"2012-09-15 05:00:00",1789.54
"2012-09-16 05:00:00",1789.54
"2012-09-17 05:00:00",1789.54
"2012-09-18 05:00:00",1799.77
"2012-09-19 05:00:00",1800.19
"2012-09-20 05:00:00",1795.66
"2012-09-21 05:00:00",1798.98
"2012-09-22 05:00:00",1796.75
"2012-09-23 05:00:00",1796.75
"2012-09-24 05:00:00",1796.75
"2012-09-25 05:00:00",1799.29
"2012-09-26 05:00:00",1795.69
"2012-09-27 05:00:00",1799.55
"2012-09-28 05:00:00",1798.08
"2012-09-29 05:00:00",1800.52
"2012-09-30 05:00:00",1800.52
"2012-10-01 05:00:00",1800.52
"2012-10-02 05:00:00",1797.97
"2012-10-03 05:00:00",1798.86
"2012-10-04 05:00:00",1800.43
"2012-10-05 05:00:00",1797.68
"2012-10-06 05:00:00",1795.4
"2012-10-07 05:00:00",1795.4
"2012-10-08 05:00:00",1795.4
"2012-10-09 05:00:00",1795.4
"2012-10-10 05:00:00",1798.32
"2012-10-11 05:00:00",1799.78
"2012-10-12 05:00:00",1797.68
"2012-10-13 05:00:00",1797.68
"2012-10-14 05:00:00",1797.68
"2012-10-15 05:00:00",1797.68
"2012-10-16 05:00:00",1797.68
"2012-10-17 05:00:00",1797.81
"2012-10-18 05:00:00",1798.53
"2012-10-19 05:00:00",1797.66
"2012-10-20 05:00:00",1798.42
"2012-10-21 05:00:00",1798.42
"2012-10-22 05:00:00",1798.42
"2012-10-23 05:00:00",1802.91
"2012-10-24 05:00:00",1816.6
"2012-10-25 05:00:00",1817.25
"2012-10-26 05:00:00",1816.97
"2012-10-27 05:00:00",1823.18
"2012-10-28 05:00:00",1823.18
"2012-10-29 05:00:00",1823.18
"2012-10-30 05:00:00",1830.45
"2012-10-31 05:00:00",1829.89
"2012-11-01 05:00:00",1831.25
"2012-11-02 05:00:00",1825.5
"2012-11-03 05:00:00",1828.8
"2012-11-04 05:00:00",1828.8
"2012-11-05 05:00:00",1828.8
"2012-11-06 05:00:00",1828.8
"2012-11-07 05:00:00",1814.99
"2012-11-08 05:00:00",1814.83
"2012-11-09 05:00:00",1814.21
"2012-11-10 05:00:00",1816.99
"2012-11-11 05:00:00",1816.99
"2012-11-12 05:00:00",1816.99
"2012-11-13 05:00:00",1816.99
"2012-11-14 05:00:00",1819.3
"2012-11-15 05:00:00",1818.2
"2012-11-16 05:00:00",1822.61
"2012-11-17 05:00:00",1823.46
"2012-11-18 05:00:00",1823.46
"2012-11-19 05:00:00",1823.46
"2012-11-20 05:00:00",1817.67
"2012-11-21 05:00:00",1815.58
"2012-11-22 05:00:00",1815.76
"2012-11-23 05:00:00",1815.76
"2012-11-24 05:00:00",1820.18
"2012-11-25 05:00:00",1820.18
"2012-11-26 05:00:00",1820.18
"2012-11-27 05:00:00",1824.12
"2012-11-28 05:00:00",1823.54
"2012-11-29 05:00:00",1825.08
"2012-11-30 05:00:00",1817.93
"2012-12-01 05:00:00",1813.72
"2012-12-02 05:00:00",1813.72
"2012-12-03 05:00:00",1813.72
"2012-12-04 05:00:00",1813.73
"2012-12-05 05:00:00",1813.57
"2012-12-06 05:00:00",1811.05
"2012-12-07 05:00:00",1803.69
"2012-12-08 05:00:00",1797.45
"2012-12-09 05:00:00",1797.45
"2012-12-10 05:00:00",1797.45
"2012-12-11 05:00:00",1799.4
"2012-12-12 05:00:00",1801.5
"2012-12-13 05:00:00",1796.31
"2012-12-14 05:00:00",1795.05
"2012-12-15 05:00:00",1798.37
"2012-12-16 05:00:00",1798.37
"2012-12-17 05:00:00",1798.37
"2012-12-18 05:00:00",1796.98
"2012-12-19 05:00:00",1794.14
"2012-12-20 05:00:00",1790.46
"2012-12-21 05:00:00",1788.87
"2012-12-22 05:00:00",1779.79
"2012-12-23 05:00:00",1779.79
"2012-12-24 05:00:00",1779.79
"2012-12-25 05:00:00",1773.44
"2012-12-26 05:00:00",1773.44
"2012-12-27 05:00:00",1771.49
"2012-12-28 05:00:00",1771.54
"2012-12-29 05:00:00",1768.23
"2012-12-30 05:00:00",1768.23
"2012-12-31 05:00:00",1768.23
"2013-01-01 05:00:00",1768.23
"2013-01-02 05:00:00",1768.23
"2013-01-03 05:00:00",1759.97
"2013-01-04 05:00:00",1760.83
"2013-01-05 05:00:00",1767.54
"2013-01-06 05:00:00",1767.54
"2013-01-07 05:00:00",1767.54
"2013-01-08 05:00:00",1767.54
"2013-01-09 05:00:00",1771.31
"2013-01-10 05:00:00",1767.96
"2013-01-11 05:00:00",1761.5
"2013-01-12 05:00:00",1762.38
"2013-01-13 05:00:00",1762.38
"2013-01-14 05:00:00",1762.38
"2013-01-15 05:00:00",1758.45
"2013-01-16 05:00:00",1769.88
"2013-01-17 05:00:00",1775.15
"2013-01-18 05:00:00",1767.78
"2013-01-19 05:00:00",1767.74
"2013-01-20 05:00:00",1767.74
"2013-01-21 05:00:00",1767.74
"2013-01-22 05:00:00",1767.74
"2013-01-23 05:00:00",1776.96
"2013-01-24 05:00:00",1778.69
"2013-01-25 05:00:00",1779.73
"2013-01-26 05:00:00",1779.25
"2013-01-27 05:00:00",1779.25
"2013-01-28 05:00:00",1779.25
"2013-01-29 05:00:00",1779.84
"2013-01-30 05:00:00",1776.09
"2013-01-31 05:00:00",1773.24
"2013-02-01 05:00:00",1775.65
"2013-02-02 05:00:00",1776.2
"2013-02-03 05:00:00",1776.2
"2013-02-04 05:00:00",1776.2
"2013-02-05 05:00:00",1785.92
"2013-02-06 05:00:00",1789.09
"2013-02-07 05:00:00",1791.24
"2013-02-08 05:00:00",1795.21
"2013-02-09 05:00:00",1790.61
"2013-02-10 05:00:00",1790.61
"2013-02-11 05:00:00",1790.61
"2013-02-12 05:00:00",1784.71
"2013-02-13 05:00:00",1783.2
"2013-02-14 05:00:00",1777.72
"2013-02-15 05:00:00",1783.19
"2013-02-16 05:00:00",1785.41
"2013-02-17 05:00:00",1785.41
"2013-02-18 05:00:00",1785.41
"2013-02-19 05:00:00",1785.41
"2013-02-20 05:00:00",1794.63
"2013-02-21 05:00:00",1791.33
"2013-02-22 05:00:00",1798.21
"2013-02-23 05:00:00",1800.7
"2013-02-24 05:00:00",1800.7
"2013-02-25 05:00:00",1800.7
"2013-02-26 05:00:00",1806.11
"2013-02-27 05:00:00",1818.54
"2013-02-28 05:00:00",1816.42
"2013-03-01 05:00:00",1814.28
"2013-03-02 05:00:00",1816.48
"2013-03-03 05:00:00",1816.48
"2013-03-04 05:00:00",1816.48
"2013-03-05 05:00:00",1813.53
"2013-03-06 05:00:00",1809.65
"2013-03-07 05:00:00",1808
"2013-03-08 05:00:00",1803.65
"2013-03-09 05:00:00",1800.45
"2013-03-10 05:00:00",1800.45
"2013-03-11 05:00:00",1800.45
"2013-03-12 05:00:00",1801.2
"2013-03-13 05:00:00",1801.64
"2013-03-14 05:00:00",1798.56
"2013-03-15 05:00:00",1797.28
"2013-03-16 05:00:00",1804.06
"2013-03-17 05:00:00",1804.06
"2013-03-18 05:00:00",1804.06
"2013-03-19 05:00:00",1809.58
"2013-03-20 05:00:00",1809.83
"2013-03-21 05:00:00",1812.35
"2013-03-22 05:00:00",1822.78
"2013-03-23 05:00:00",1825.79
"2013-03-24 05:00:00",1825.79
"2013-03-25 05:00:00",1825.79
"2013-03-26 05:00:00",1825.79
"2013-03-27 05:00:00",1828.95
"2013-03-28 05:00:00",1832.2
"2013-03-29 05:00:00",1832.2
"2013-03-30 05:00:00",1832.2
"2013-03-31 05:00:00",1832.2
"2013-04-01 05:00:00",1832.2
"2013-04-02 05:00:00",1823.12
"2013-04-03 05:00:00",1817.14
"2013-04-04 05:00:00",1819.93
"2013-04-05 05:00:00",1829.01
"2013-04-06 05:00:00",1826.88
"2013-04-07 05:00:00",1826.88
"2013-04-08 05:00:00",1826.88
"2013-04-09 05:00:00",1817.66
"2013-04-10 05:00:00",1813.11
"2013-04-11 05:00:00",1821.2
"2013-04-12 05:00:00",1823.84
"2013-04-13 05:00:00",1827.79
"2013-04-14 05:00:00",1827.79
"2013-04-15 05:00:00",1827.79
"2013-04-16 05:00:00",1834.86
"2013-04-17 05:00:00",1833.98
"2013-04-18 05:00:00",1846.46
"2013-04-19 05:00:00",1847.02
"2013-04-20 05:00:00",1835.57
"2013-04-21 05:00:00",1835.57
"2013-04-22 05:00:00",1835.57
"2013-04-23 05:00:00",1841.14
"2013-04-24 05:00:00",1838.03
"2013-04-25 05:00:00",1836.79
"2013-04-26 05:00:00",1830.84
"2013-04-27 05:00:00",1833.7
"2013-04-28 05:00:00",1833.7
"2013-04-29 05:00:00",1833.7
"2013-04-30 05:00:00",1828.79
"2013-05-01 05:00:00",1825.83
"2013-05-02 05:00:00",1825.83
"2013-05-03 05:00:00",1836.34
"2013-05-04 05:00:00",1835.88
"2013-05-05 05:00:00",1835.88
"2013-05-06 05:00:00",1835.88
"2013-05-07 05:00:00",1831.42
"2013-05-08 05:00:00",1827.13
"2013-05-09 05:00:00",1830.7
"2013-05-10 05:00:00",1833.07
"2013-05-11 05:00:00",1834.83
"2013-05-12 05:00:00",1834.83
"2013-05-13 05:00:00",1834.83
"2013-05-14 05:00:00",1834.83
"2013-05-15 05:00:00",1838.63
"2013-05-16 05:00:00",1843.75
"2013-05-17 05:00:00",1838.82
"2013-05-18 05:00:00",1841.35
"2013-05-19 05:00:00",1841.35
"2013-05-20 05:00:00",1841.35
"2013-05-21 05:00:00",1842.59
"2013-05-22 05:00:00",1846.76
"2013-05-23 05:00:00",1850.55
"2013-05-24 05:00:00",1864.02
"2013-05-25 05:00:00",1874.1
"2013-05-26 05:00:00",1874.1
"2013-05-27 05:00:00",1874.1
"2013-05-28 05:00:00",1874.1
"2013-05-29 05:00:00",1897.1
"2013-05-30 05:00:00",1894.13
"2013-05-31 05:00:00",1891.48
"2013-06-01 05:00:00",1907.76
"2013-06-02 05:00:00",1907.76
"2013-06-03 05:00:00",1907.76
"2013-06-04 05:00:00",1907.76
"2013-06-05 05:00:00",1894.4
"2013-06-06 05:00:00",1899.08
"2013-06-07 05:00:00",1907.88
"2013-06-08 05:00:00",1898.8
"2013-06-09 05:00:00",1898.8
"2013-06-10 05:00:00",1898.8
"2013-06-11 05:00:00",1898.8
"2013-06-12 05:00:00",1907.12
"2013-06-13 05:00:00",1897.53
"2013-06-14 05:00:00",1895.01
"2013-06-15 05:00:00",1882.38
"2013-06-16 05:00:00",1882.38
"2013-06-17 05:00:00",1882.38
"2013-06-18 05:00:00",1883.57
"2013-06-19 05:00:00",1902.47
"2013-06-20 05:00:00",1900.87
"2013-06-21 05:00:00",1937.26
"2013-06-22 05:00:00",1941.06
"2013-06-23 05:00:00",1941.06
"2013-06-24 05:00:00",1941.06
"2013-06-25 05:00:00",1942.97
"2013-06-26 05:00:00",1928.27
"2013-06-27 05:00:00",1921.86
"2013-06-28 05:00:00",1922.63
"2013-06-29 05:00:00",1929
"2013-06-30 05:00:00",1929
"2013-07-01 05:00:00",1929
"2013-07-02 05:00:00",1929
"2013-07-03 05:00:00",1919.42
"2013-07-04 05:00:00",1915.45
"2013-07-05 05:00:00",1915.45
"2013-07-06 05:00:00",1927.4
"2013-07-07 05:00:00",1927.4
"2013-07-08 05:00:00",1927.4
"2013-07-09 05:00:00",1926.84
"2013-07-10 05:00:00",1920.12
"2013-07-11 05:00:00",1920.24
"2013-07-12 05:00:00",1910.79
"2013-07-13 05:00:00",1905.25
"2013-07-14 05:00:00",1905.25
"2013-07-15 05:00:00",1905.25
"2013-07-16 05:00:00",1893.16
"2013-07-17 05:00:00",1878.42
"2013-07-18 05:00:00",1873.25
"2013-07-19 05:00:00",1883.29
"2013-07-20 05:00:00",1884.01
"2013-07-21 05:00:00",1884.01
"2013-07-22 05:00:00",1884.01
"2013-07-23 05:00:00",1880.87
"2013-07-24 05:00:00",1886.06
"2013-07-25 05:00:00",1891.02
"2013-07-26 05:00:00",1887.4
"2013-07-27 05:00:00",1886.26
"2013-07-28 05:00:00",1886.26
"2013-07-29 05:00:00",1886.26
"2013-07-30 05:00:00",1888.95
"2013-07-31 05:00:00",1890.33
"2013-08-01 05:00:00",1896.15
"2013-08-02 05:00:00",1896.65
"2013-08-03 05:00:00",1891.67
"2013-08-04 05:00:00",1891.67
"2013-08-05 05:00:00",1891.67
"2013-08-06 05:00:00",1883.24
"2013-08-07 05:00:00",1882.01
"2013-08-08 05:00:00",1882.01
"2013-08-09 05:00:00",1877.23
"2013-08-10 05:00:00",1873.92
"2013-08-11 05:00:00",1873.92
"2013-08-12 05:00:00",1873.92
"2013-08-13 05:00:00",1868.9
"2013-08-14 05:00:00",1882.36
"2013-08-15 05:00:00",1883.15
"2013-08-16 05:00:00",1901.03
"2013-08-17 05:00:00",1907.06
"2013-08-18 05:00:00",1907.06
"2013-08-19 05:00:00",1907.06
"2013-08-20 05:00:00",1907.06
"2013-08-21 05:00:00",1922.73
"2013-08-22 05:00:00",1929.75
"2013-08-23 05:00:00",1921.99
"2013-08-24 05:00:00",1911.16
"2013-08-25 05:00:00",1911.16
"2013-08-26 05:00:00",1911.16
"2013-08-27 05:00:00",1922.96
"2013-08-28 05:00:00",1938.26
"2013-08-29 05:00:00",1939.85
"2013-08-30 05:00:00",1943.04
"2013-08-31 05:00:00",1935.43
"2013-09-01 05:00:00",1935.43
"2013-09-02 05:00:00",1935.43
"2013-09-03 05:00:00",1935.43
"2013-09-04 05:00:00",1946.28
"2013-09-05 05:00:00",1938.99
"2013-09-06 05:00:00",1952.11
"2013-09-07 05:00:00",1947.99
"2013-09-08 05:00:00",1947.99
"2013-09-09 05:00:00",1947.99
"2013-09-10 05:00:00",1946.06
"2013-09-11 05:00:00",1935.55
"2013-09-12 05:00:00",1923.64
"2013-09-13 05:00:00",1919.25
"2013-09-14 05:00:00",1919.54
"2013-09-15 05:00:00",1919.54
"2013-09-16 05:00:00",1919.54
"2013-09-17 05:00:00",1917.03
"2013-09-18 05:00:00",1914.12
"2013-09-19 05:00:00",1911.3
"2013-09-20 05:00:00",1887.3
"2013-09-21 05:00:00",1889.12
"2013-09-22 05:00:00",1889.12
"2013-09-23 05:00:00",1889.12
"2013-09-24 05:00:00",1892.89
"2013-09-25 05:00:00",1888.14
"2013-09-26 05:00:00",1893.42
"2013-09-27 05:00:00",1899.1
"2013-09-28 05:00:00",1914.65
"2013-09-29 05:00:00",1914.65
"2013-09-30 05:00:00",1914.65
"2013-10-01 05:00:00",1908.29
"2013-10-02 05:00:00",1893.77
"2013-10-03 05:00:00",1884.97
"2013-10-04 05:00:00",1889.95
"2013-10-05 05:00:00",1886.78
"2013-10-06 05:00:00",1886.78
"2013-10-07 05:00:00",1886.78
"2013-10-08 05:00:00",1885.19
"2013-10-09 05:00:00",1889.17
"2013-10-10 05:00:00",1894.06
"2013-10-11 05:00:00",1885.84
"2013-10-12 05:00:00",1883.65
"2013-10-13 05:00:00",1883.65
"2013-10-14 05:00:00",1883.65
"2013-10-15 05:00:00",1883.65
"2013-10-16 05:00:00",1883.7
"2013-10-17 05:00:00",1880.91
"2013-10-18 05:00:00",1879.48
"2013-10-19 05:00:00",1879.88
"2013-10-20 05:00:00",1879.88
"2013-10-21 05:00:00",1879.88
"2013-10-22 05:00:00",1885.52
"2013-10-23 05:00:00",1879.46
"2013-10-24 05:00:00",1883.14
"2013-10-25 05:00:00",1882.11
"2013-10-26 05:00:00",1882.34
"2013-10-27 05:00:00",1882.34
"2013-10-28 05:00:00",1882.34
"2013-10-29 05:00:00",1884.43
"2013-10-30 05:00:00",1883.42
"2013-10-31 05:00:00",1884.06
"2013-11-01 05:00:00",1889.16
"2013-11-02 05:00:00",1901.22
"2013-11-03 05:00:00",1901.22
"2013-11-04 05:00:00",1901.22
"2013-11-05 05:00:00",1901.22
"2013-11-06 05:00:00",1916.22
"2013-11-07 05:00:00",1916.8
"2013-11-08 05:00:00",1924.87
"2013-11-09 05:00:00",1932.77
"2013-11-10 05:00:00",1932.77
"2013-11-11 05:00:00",1932.77
"2013-11-12 05:00:00",1932.77
"2013-11-13 05:00:00",1928.96
"2013-11-14 05:00:00",1932.03
"2013-11-15 05:00:00",1929.24
"2013-11-16 05:00:00",1919.89
"2013-11-17 05:00:00",1919.89
"2013-11-18 05:00:00",1919.89
"2013-11-19 05:00:00",1915.37
"2013-11-20 05:00:00",1919.2
"2013-11-21 05:00:00",1923.19
"2013-11-22 05:00:00",1932.42
"2013-11-23 05:00:00",1929.13
"2013-11-24 05:00:00",1929.13
"2013-11-25 05:00:00",1929.13
"2013-11-26 05:00:00",1926.99
"2013-11-27 05:00:00",1926.74
"2013-11-28 05:00:00",1928.25
"2013-11-29 05:00:00",1928.25
"2013-11-30 05:00:00",1931.88
"2013-12-01 05:00:00",1931.88
"2013-12-02 05:00:00",1931.88
"2013-12-03 05:00:00",1934.16
"2013-12-04 05:00:00",1941.01
"2013-12-05 05:00:00",1948.48
"2013-12-06 05:00:00",1940.26
"2013-12-07 05:00:00",1936.33
"2013-12-08 05:00:00",1936.33
"2013-12-09 05:00:00",1936.33
"2013-12-10 05:00:00",1932.71
"2013-12-11 05:00:00",1933.52
"2013-12-12 05:00:00",1935.61
"2013-12-13 05:00:00",1935.89
"2013-12-14 05:00:00",1930.87
"2013-12-15 05:00:00",1930.87
"2013-12-16 05:00:00",1930.87
"2013-12-17 05:00:00",1934.95
"2013-12-18 05:00:00",1936.14
"2013-12-19 05:00:00",1945.6
"2013-12-20 05:00:00",1943.46
"2013-12-21 05:00:00",1935.93
"2013-12-22 05:00:00",1935.93
"2013-12-23 05:00:00",1935.93
"2013-12-24 05:00:00",1925.45
"2013-12-25 05:00:00",1922.76
"2013-12-26 05:00:00",1922.76
"2013-12-27 05:00:00",1921.22
"2013-12-28 05:00:00",1922.56
"2013-12-29 05:00:00",1922.56
"2013-12-30 05:00:00",1922.56
"2013-12-31 05:00:00",1926.83
"2014-01-01 05:00:00",1926.83
"2014-01-02 05:00:00",1926.83
"2014-01-03 05:00:00",1938.89
"2014-01-04 05:00:00",1936.92
"2014-01-05 05:00:00",1936.92
"2014-01-06 05:00:00",1936.92
"2014-01-07 05:00:00",1936.92
"2014-01-08 05:00:00",1930.45
"2014-01-09 05:00:00",1933.24
"2014-01-10 05:00:00",1934.88
"2014-01-11 05:00:00",1926.55
"2014-01-12 05:00:00",1926.55
"2014-01-13 05:00:00",1926.55
"2014-01-14 05:00:00",1924.79
"2014-01-15 05:00:00",1932.59
"2014-01-16 05:00:00",1941.45
"2014-01-17 05:00:00",1947.15
"2014-01-18 05:00:00",1957.86
"2014-01-19 05:00:00",1957.86
"2014-01-20 05:00:00",1957.86
"2014-01-21 05:00:00",1957.86
"2014-01-22 05:00:00",1981.98
"2014-01-23 05:00:00",1983.48
"2014-01-24 05:00:00",1993.23
"2014-01-25 05:00:00",2000.48
"2014-01-26 05:00:00",2000.48
"2014-01-27 05:00:00",2000.48
"2014-01-28 05:00:00",1997.91
"2014-01-29 05:00:00",2000.56
"2014-01-30 05:00:00",2013.17
"2014-01-31 05:00:00",2008.26
"2014-02-01 05:00:00",2021.1
"2014-02-02 05:00:00",2021.1
"2014-02-03 05:00:00",2021.1
"2014-02-04 05:00:00",2039.85
"2014-02-05 05:00:00",2041.34
"2014-02-06 05:00:00",2048.75
"2014-02-07 05:00:00",2049.52
"2014-02-08 05:00:00",2046.06
"2014-02-09 05:00:00",2046.06
"2014-02-10 05:00:00",2046.06
"2014-02-11 05:00:00",2048.55
"2014-02-12 05:00:00",2041.61
"2014-02-13 05:00:00",2031.75
"2014-02-14 05:00:00",2032.99
"2014-02-15 05:00:00",2022.68
"2014-02-16 05:00:00",2022.68
"2014-02-17 05:00:00",2022.68
"2014-02-18 05:00:00",2022.68
"2014-02-19 05:00:00",2028.54
"2014-02-20 05:00:00",2042.22
"2014-02-21 05:00:00",2052.46
"2014-02-22 05:00:00",2043.96
"2014-02-23 05:00:00",2043.96
"2014-02-24 05:00:00",2043.96
"2014-02-25 05:00:00",2042.67
"2014-02-26 05:00:00",2045.45
"2014-02-27 05:00:00",2053.11
"2014-02-28 05:00:00",2054.9
"2014-03-01 05:00:00",2046.75
"2014-03-02 05:00:00",2046.75
"2014-03-03 05:00:00",2046.75
"2014-03-04 05:00:00",2052.51
"2014-03-05 05:00:00",2047.75
"2014-03-06 05:00:00",2045.14
"2014-03-07 05:00:00",2030.02
"2014-03-08 05:00:00",2036.2
"2014-03-09 05:00:00",2036.2
"2014-03-10 05:00:00",2036.2
"2014-03-11 05:00:00",2042.78
"2014-03-12 05:00:00",2043.59
"2014-03-13 05:00:00",2047.59
"2014-03-14 05:00:00",2044.48
"2014-03-15 05:00:00",2044.58
"2014-03-16 05:00:00",2044.58
"2014-03-17 05:00:00",2044.58
"2014-03-18 05:00:00",2035.16
"2014-03-19 05:00:00",2034.86
"2014-03-20 05:00:00",2017.38
"2014-03-21 05:00:00",1998.6
"2014-03-22 05:00:00",1993.85
"2014-03-23 05:00:00",1993.85
"2014-03-24 05:00:00",1993.85
"2014-03-25 05:00:00",1993.85
"2014-03-26 05:00:00",1978.63
"2014-03-27 05:00:00",1973.03
"2014-03-28 05:00:00",1965.64
"2014-03-29 05:00:00",1965.32
"2014-03-30 05:00:00",1965.32
"2014-03-31 05:00:00",1965.32
"2014-04-01 05:00:00",1969.45
"2014-04-02 05:00:00",1966.02
"2014-04-03 05:00:00",1963.51
"2014-04-04 05:00:00",1966.4
"2014-04-05 05:00:00",1951.85
"2014-04-06 05:00:00",1951.85
"2014-04-07 05:00:00",1951.85
"2014-04-08 05:00:00",1937.59
"2014-04-09 05:00:00",1923.95
"2014-04-10 05:00:00",1931.09
"2014-04-11 05:00:00",1920.93
"2014-04-12 05:00:00",1927.28
"2014-04-13 05:00:00",1927.28
"2014-04-14 05:00:00",1927.28
"2014-04-15 05:00:00",1926.47
"2014-04-16 05:00:00",1932.42
"2014-04-17 05:00:00",1930.62
"2014-04-18 05:00:00",1930.62
"2014-04-19 05:00:00",1930.62
"2014-04-20 05:00:00",1930.62
"2014-04-21 05:00:00",1930.62
"2014-04-22 05:00:00",1921.75
"2014-04-23 05:00:00",1929.66
"2014-04-24 05:00:00",1936.63
"2014-04-25 05:00:00",1936.07
"2014-04-26 05:00:00",1942.37
"2014-04-27 05:00:00",1942.37
"2014-04-28 05:00:00",1942.37
"2014-04-29 05:00:00",1936.13
"2014-04-30 05:00:00",1935.14
"2014-05-01 05:00:00",1933.46
"2014-05-02 05:00:00",1933.46
"2014-05-03 05:00:00",1926.3
"2014-05-04 05:00:00",1926.3
"2014-05-05 05:00:00",1926.3
"2014-05-06 05:00:00",1923.07
"2014-05-07 05:00:00",1918.2
"2014-05-08 05:00:00",1912.97
"2014-05-09 05:00:00",1902.15
"2014-05-10 05:00:00",1901.51
"2014-05-11 05:00:00",1901.51
"2014-05-12 05:00:00",1901.51
"2014-05-13 05:00:00",1904.85
"2014-05-14 05:00:00",1919.7
"2014-05-15 05:00:00",1925.31
"2014-05-16 05:00:00",1927.8
"2014-05-17 05:00:00",1925.41
"2014-05-18 05:00:00",1925.41
"2014-05-19 05:00:00",1925.41
"2014-05-20 05:00:00",1921.16
"2014-05-21 05:00:00",1920.41
"2014-05-22 05:00:00",1911.33
"2014-05-23 05:00:00",1905.8
"2014-05-24 05:00:00",1905.53
"2014-05-25 05:00:00",1905.53
"2014-05-26 05:00:00",1905.53
"2014-05-27 05:00:00",1905.53
"2014-05-28 05:00:00",1917.34
"2014-05-29 05:00:00",1910.8
"2014-05-30 05:00:00",1905.96
"2014-05-31 05:00:00",1900.64
"2014-06-01 05:00:00",1900.64
"2014-06-02 05:00:00",1900.64
"2014-06-03 05:00:00",1900.64
"2014-06-04 05:00:00",1899.74
"2014-06-05 05:00:00",1897.7
"2014-06-06 05:00:00",1892.08
"2014-06-07 05:00:00",1886.09
"2014-06-08 05:00:00",1886.09
"2014-06-09 05:00:00",1886.09
"2014-06-10 05:00:00",1883.76
"2014-06-11 05:00:00",1884.97
"2014-06-12 05:00:00",1884.63
"2014-06-13 05:00:00",1877.18
"2014-06-14 05:00:00",1877.37
"2014-06-15 05:00:00",1877.37
"2014-06-16 05:00:00",1877.37
"2014-06-17 05:00:00",1886.62
"2014-06-18 05:00:00",1899.9
"2014-06-19 05:00:00",1895.92
"2014-06-20 05:00:00",1881.34
"2014-06-21 05:00:00",1884.56
"2014-06-22 05:00:00",1884.56
"2014-06-23 05:00:00",1884.56
"2014-06-24 05:00:00",1884.56
"2014-06-25 05:00:00",1886.85
"2014-06-26 05:00:00",1880.37
"2014-06-27 05:00:00",1886.01
"2014-06-28 05:00:00",1881.19
"2014-06-29 05:00:00",1881.19
"2014-06-30 05:00:00",1881.19
"2014-07-01 05:00:00",1881.19
"2014-07-02 05:00:00",1865.42
"2014-07-03 05:00:00",1856.73
"2014-07-04 05:00:00",1848.91
"2014-07-05 05:00:00",1848.91
"2014-07-06 05:00:00",1848.91
"2014-07-07 05:00:00",1848.91
"2014-07-08 05:00:00",1849.28
"2014-07-09 05:00:00",1854.24
"2014-07-10 05:00:00",1859.94
"2014-07-11 05:00:00",1858.47
"2014-07-12 05:00:00",1852.57
"2014-07-13 05:00:00",1852.57
"2014-07-14 05:00:00",1852.57
"2014-07-15 05:00:00",1857.93
"2014-07-16 05:00:00",1867.88
"2014-07-17 05:00:00",1868.41
"2014-07-18 05:00:00",1872.27
"2014-07-19 05:00:00",1871.87
"2014-07-20 05:00:00",1871.87
"2014-07-21 05:00:00",1871.87
"2014-07-22 05:00:00",1861.28
"2014-07-23 05:00:00",1848.98
"2014-07-24 05:00:00",1847.85
"2014-07-25 05:00:00",1846.12
"2014-07-26 05:00:00",1848.56
"2014-07-27 05:00:00",1848.56
"2014-07-28 05:00:00",1848.56
"2014-07-29 05:00:00",1850.61
"2014-07-30 05:00:00",1853.3
"2014-07-31 05:00:00",1872.43
"2014-08-01 05:00:00",1878.75
"2014-08-02 05:00:00",1873.65
"2014-08-03 05:00:00",1873.65
"2014-08-04 05:00:00",1873.65
"2014-08-05 05:00:00",1878.68
"2014-08-06 05:00:00",1892.35
"2014-08-07 05:00:00",1888.51
"2014-08-08 05:00:00",1888.51
"2014-08-09 05:00:00",1891.59
"2014-08-10 05:00:00",1891.59
"2014-08-11 05:00:00",1891.59
"2014-08-12 05:00:00",1881.62
"2014-08-13 05:00:00",1877.4
"2014-08-14 05:00:00",1883.33
"2014-08-15 05:00:00",1877.77
"2014-08-16 05:00:00",1884.81
"2014-08-17 05:00:00",1884.81
"2014-08-18 05:00:00",1884.81
"2014-08-19 05:00:00",1884.81
"2014-08-20 05:00:00",1894.27
"2014-08-21 05:00:00",1912.43
"2014-08-22 05:00:00",1919.84
"2014-08-23 05:00:00",1924.4
"2014-08-24 05:00:00",1924.4
"2014-08-25 05:00:00",1924.4
"2014-08-26 05:00:00",1932.39
"2014-08-27 05:00:00",1928.67
"2014-08-28 05:00:00",1926.92
"2014-08-29 05:00:00",1935.04
"2014-08-30 05:00:00",1918.62
"2014-08-31 05:00:00",1918.62
"2014-09-01 05:00:00",1918.62
"2014-09-02 05:00:00",1918.62
"2014-09-03 05:00:00",1931.49
"2014-09-04 05:00:00",1924.67
"2014-09-05 05:00:00",1931.45
"2014-09-06 05:00:00",1935.25
"2014-09-07 05:00:00",1935.25
"2014-09-08 05:00:00",1935.25
"2014-09-09 05:00:00",1942.03
"2014-09-10 05:00:00",1962.84
"2014-09-11 05:00:00",1975.82
"2014-09-12 05:00:00",1979.97
"2014-09-13 05:00:00",1994.97
"2014-09-14 05:00:00",1994.97
"2014-09-15 05:00:00",1994.97
"2014-09-16 05:00:00",1987.71
"2014-09-17 05:00:00",1978.08
"2014-09-18 05:00:00",1975.47
"2014-09-19 05:00:00",1975.42
"2014-09-20 05:00:00",1966.89
"2014-09-21 05:00:00",1966.89
"2014-09-22 05:00:00",1966.89
"2014-09-23 05:00:00",1992.68
"2014-09-24 05:00:00",1997.91
"2014-09-25 05:00:00",2007.48
"2014-09-26 05:00:00",2019.76
"2014-09-27 05:00:00",2023.89
"2014-09-28 05:00:00",2023.89
"2014-09-29 05:00:00",2023.89
"2014-09-30 05:00:00",2028.48
"2014-10-01 05:00:00",2022
"2014-10-02 05:00:00",2025.75
"2014-10-03 05:00:00",2021.49
"2014-10-04 05:00:00",2026.2
"2014-10-05 05:00:00",2026.2
"2014-10-06 05:00:00",2026.2
"2014-10-07 05:00:00",2028.03
"2014-10-08 05:00:00",2026.9
"2014-10-09 05:00:00",2040.31
"2014-10-10 05:00:00",2041.71
"2014-10-11 05:00:00",2052.96
"2014-10-12 05:00:00",2052.96
"2014-10-13 05:00:00",2052.96
"2014-10-14 05:00:00",2052.96
"2014-10-15 05:00:00",2049.66
"2014-10-16 05:00:00",2057.7
"2014-10-17 05:00:00",2074.4
"2014-10-18 05:00:00",2064.43
"2014-10-19 05:00:00",2064.43
"2014-10-20 05:00:00",2064.43
"2014-10-21 05:00:00",2065.82
"2014-10-22 05:00:00",2048.44
"2014-10-23 05:00:00",2049.9
"2014-10-24 05:00:00",2053.39
"2014-10-25 05:00:00",2065.38
"2014-10-26 05:00:00",2065.38
"2014-10-27 05:00:00",2065.38
"2014-10-28 05:00:00",2069.72
"2014-10-29 05:00:00",2055.43
"2014-10-30 05:00:00",2044.55
"2014-10-31 05:00:00",2050.52
"2014-11-01 05:00:00",2061.92
"2014-11-02 05:00:00",2061.92
"2014-11-03 05:00:00",2061.92
"2014-11-04 05:00:00",2061.92
"2014-11-05 05:00:00",2076.99
"2014-11-06 05:00:00",2081.24
"2014-11-07 05:00:00",2086.86
"2014-11-08 05:00:00",2103.25
"2014-11-09 05:00:00",2103.25
"2014-11-10 05:00:00",2103.25
"2014-11-11 05:00:00",2103.12
"2014-11-12 05:00:00",2103.12
"2014-11-13 05:00:00",2115.59
"2014-11-14 05:00:00",2133.03
"2014-11-15 05:00:00",2160.47
"2014-11-16 05:00:00",2160.47
"2014-11-17 05:00:00",2160.47
"2014-11-18 05:00:00",2160.47
"2014-11-19 05:00:00",2158.58
"2014-11-20 05:00:00",2156.73
"2014-11-21 05:00:00",2156.93
"2014-11-22 05:00:00",2142.02
"2014-11-23 05:00:00",2142.02
"2014-11-24 05:00:00",2142.02
"2014-11-25 05:00:00",2158.12
"2014-11-26 05:00:00",2162.15
"2014-11-27 05:00:00",2165.15
"2014-11-28 05:00:00",2165.15
"2014-11-29 05:00:00",2206.19
"2014-11-30 05:00:00",2206.19
"2014-12-01 05:00:00",2206.19
"2014-12-02 05:00:00",2252.36
"2014-12-03 05:00:00",2293.47
"2014-12-04 05:00:00",2286.03
"2014-12-05 05:00:00",2284.24
"2014-12-06 05:00:00",2304.12
"2014-12-07 05:00:00",2304.12
"2014-12-08 05:00:00",2304.12
"2014-12-09 05:00:00",2304.12
"2014-12-10 05:00:00",2350.01
"2014-12-11 05:00:00",2381.96
"2014-12-12 05:00:00",2423.56
"2014-12-13 05:00:00",2405.31
"2014-12-14 05:00:00",2405.31
"2014-12-15 05:00:00",2405.31
"2014-12-16 05:00:00",2414.39
"2014-12-17 05:00:00",2446.35
"2014-12-18 05:00:00",2412.79
"2014-12-19 05:00:00",2334.98
"2014-12-20 05:00:00",2297.14
"2014-12-21 05:00:00",2297.14
"2014-12-22 05:00:00",2297.14
"2014-12-23 05:00:00",2316.93
"2014-12-24 05:00:00",2342.57
"2014-12-25 05:00:00",2346.9
"2014-12-26 05:00:00",2346.9
"2014-12-27 05:00:00",2358.46
"2014-12-28 05:00:00",2358.46
"2014-12-29 05:00:00",2358.46
"2014-12-30 05:00:00",2378.56
"2014-12-31 05:00:00",2392.46
"2015-01-01 05:00:00",2392.46
"2015-01-02 05:00:00",2392.46
"2015-01-03 05:00:00",2383.37
"2015-01-04 05:00:00",2383.37
"2015-01-05 05:00:00",2383.37
"2015-01-06 05:00:00",2412.82
"2015-01-07 05:00:00",2452.11
"2015-01-08 05:00:00",2434.31
"2015-01-09 05:00:00",2405.03
"2015-01-10 05:00:00",2406.71
"2015-01-11 05:00:00",2406.71
"2015-01-12 05:00:00",2406.71
"2015-01-13 05:00:00",2406.71
"2015-01-14 05:00:00",2442.03
"2015-01-15 05:00:00",2438.79
"2015-01-16 05:00:00",2398.91
"2015-01-17 05:00:00",2383.91
"2015-01-18 05:00:00",2383.91
"2015-01-19 05:00:00",2383.91
"2015-01-20 05:00:00",2383.91
"2015-01-21 05:00:00",2373.44
"2015-01-22 05:00:00",2361.54
"2015-01-23 05:00:00",2370.75
"2015-01-24 05:00:00",2386.5
"2015-01-25 05:00:00",2386.5
"2015-01-26 05:00:00",2386.5
"2015-01-27 05:00:00",2386.28
"2015-01-28 05:00:00",2381.11
"2015-01-29 05:00:00",2362.42
"2015-01-30 05:00:00",2397.35
"2015-01-31 05:00:00",2441.1
"2015-02-01 05:00:00",2441.1
"2015-02-02 05:00:00",2441.1
"2015-02-03 05:00:00",2407.29
"2015-02-04 05:00:00",2374.72
"2015-02-05 05:00:00",2381.91
"2015-02-06 05:00:00",2384.53
"2015-02-07 05:00:00",2384.76
"2015-02-08 05:00:00",2384.76
"2015-02-09 05:00:00",2384.76
"2015-02-10 05:00:00",2371.31
"2015-02-11 05:00:00",2380.79
"2015-02-12 05:00:00",2416.61
"2015-02-13 05:00:00",2401.03
"2015-02-14 05:00:00",2376.23
"2015-02-15 05:00:00",2376.23
"2015-02-16 05:00:00",2376.23
"2015-02-17 05:00:00",2376.23
"2015-02-18 05:00:00",2416.37
"2015-02-19 05:00:00",2429.71
"2015-02-20 05:00:00",2445.16
"2015-02-21 05:00:00",2455.54
"2015-02-22 05:00:00",2455.54
"2015-02-23 05:00:00",2455.54
"2015-02-24 05:00:00",2489.81
"2015-02-25 05:00:00",2500.59
"2015-02-26 05:00:00",2489.41
"2015-02-27 05:00:00",2484.58
"2015-02-28 05:00:00",2496.99
"2015-03-01 05:00:00",2496.99
"2015-03-02 05:00:00",2496.99
"2015-03-03 05:00:00",2522.03
"2015-03-04 05:00:00",2555.08
"2015-03-05 05:00:00",2565.9
"2015-03-06 05:00:00",2543.47
"2015-03-07 05:00:00",2565.61
"2015-03-08 05:00:00",2565.61
"2015-03-09 05:00:00",2565.61
"2015-03-10 05:00:00",2592.86
"2015-03-11 05:00:00",2618.79
"2015-03-12 05:00:00",2633.65
"2015-03-13 05:00:00",2610.08
"2015-03-14 05:00:00",2661.52
"2015-03-15 05:00:00",2661.52
"2015-03-16 05:00:00",2661.52
"2015-03-17 05:00:00",2675.08
"2015-03-18 05:00:00",2677.97
"2015-03-19 05:00:00",2651.49
"2015-03-20 05:00:00",2613.38
"2015-03-21 05:00:00",2587.71
"2015-03-22 05:00:00",2587.71
"2015-03-23 05:00:00",2587.71
"2015-03-24 05:00:00",2587.71
"2015-03-25 05:00:00",2526.79
"2015-03-26 05:00:00",2535.55
"2015-03-27 05:00:00",2551.3
"2015-03-28 05:00:00",2556.85
"2015-03-29 05:00:00",2556.85
"2015-03-30 05:00:00",2556.85
"2015-03-31 05:00:00",2576.05
"2015-04-01 05:00:00",2598.36
"2015-04-02 05:00:00",2576.41
"2015-04-03 05:00:00",2576.41
"2015-04-04 05:00:00",2576.41
"2015-04-05 05:00:00",2576.41
"2015-04-06 05:00:00",2576.41
"2015-04-07 05:00:00",2522.71
"2015-04-08 05:00:00",2518.05
"2015-04-09 05:00:00",2490.9
"2015-04-10 05:00:00",2494.77
"2015-04-11 05:00:00",2516.08
"2015-04-12 05:00:00",2516.08
"2015-04-13 05:00:00",2516.08
"2015-04-14 05:00:00",2537.33
"2015-04-15 05:00:00",2550.83
"2015-04-16 05:00:00",2534.63
"2015-04-17 05:00:00",2493.93
"2015-04-18 05:00:00",2495.01
"2015-04-19 05:00:00",2495.01
"2015-04-20 05:00:00",2495.01
"2015-04-21 05:00:00",2487.07
"2015-04-22 05:00:00",2469.03
"2015-04-23 05:00:00",2488.5
"2015-04-24 05:00:00",2471.21
"2015-04-25 05:00:00",2461.17
"2015-04-26 05:00:00",2461.17
"2015-04-27 05:00:00",2461.17
"2015-04-28 05:00:00",2419.81
"2015-04-29 05:00:00",2393.42
"2015-04-30 05:00:00",2388.06
"2015-05-01 05:00:00",2393.58
"2015-05-02 05:00:00",2393.58
"2015-05-03 05:00:00",2393.58
"2015-05-04 05:00:00",2393.58
"2015-05-05 05:00:00",2408.17
"2015-05-06 05:00:00",2386.72
"2015-05-07 05:00:00",2362.41
"2015-05-08 05:00:00",2369.23
"2015-05-09 05:00:00",2360.58
"2015-05-10 05:00:00",2360.58
"2015-05-11 05:00:00",2360.58
"2015-05-12 05:00:00",2381.53
"2015-05-13 05:00:00",2386.77
"2015-05-14 05:00:00",2377.87
"2015-05-15 05:00:00",2389.49
"2015-05-16 05:00:00",2417.01
"2015-05-17 05:00:00",2417.01
"2015-05-18 05:00:00",2417.01
"2015-05-19 05:00:00",2417.01
"2015-05-20 05:00:00",2475.45
"2015-05-21 05:00:00",2503.37
"2015-05-22 05:00:00",2489.39
"2015-05-23 05:00:00",2500.22
"2015-05-24 05:00:00",2500.22
"2015-05-25 05:00:00",2500.22
"2015-05-26 05:00:00",2500.22
"2015-05-27 05:00:00",2542.53
"2015-05-28 05:00:00",2548.13
"2015-05-29 05:00:00",2549.97
"2015-05-30 05:00:00",2533.79
"2015-05-31 05:00:00",2533.79
"2015-06-01 05:00:00",2533.79
"2015-06-02 05:00:00",2549.29
"2015-06-03 05:00:00",2554.44
"2015-06-04 05:00:00",2571.92
"2015-06-05 05:00:00",2588.56
"2015-06-06 05:00:00",2623.66
"2015-06-07 05:00:00",2623.66
"2015-06-08 05:00:00",2623.66
"2015-06-09 05:00:00",2623.66
"2015-06-10 05:00:00",2569.17
"2015-06-11 05:00:00",2523
"2015-06-12 05:00:00",2538.55
"2015-06-13 05:00:00",2535.91
"2015-06-14 05:00:00",2535.91
"2015-06-15 05:00:00",2535.91
"2015-06-16 05:00:00",2535.91
"2015-06-17 05:00:00",2531.72
"2015-06-18 05:00:00",2550.43
"2015-06-19 05:00:00",2528.85
"2015-06-20 05:00:00",2548.2
"2015-06-21 05:00:00",2548.2
"2015-06-22 05:00:00",2548.2
"2015-06-23 05:00:00",2537.68
"2015-06-24 05:00:00",2550.74
"2015-06-25 05:00:00",2566.66
"2015-06-26 05:00:00",2556.21
"2015-06-27 05:00:00",2585.11
"2015-06-28 05:00:00",2585.11
"2015-06-29 05:00:00",2585.11
"2015-06-30 05:00:00",2585.11
"2015-07-01 05:00:00",2598.68
"2015-07-02 05:00:00",2626.8
"2015-07-03 05:00:00",2623.91
"2015-07-04 05:00:00",2642.97
"2015-07-05 05:00:00",2642.97
"2015-07-06 05:00:00",2642.97
"2015-07-07 05:00:00",2665.41
"2015-07-08 05:00:00",2690.15
"2015-07-09 05:00:00",2690.79
"2015-07-10 05:00:00",2670.79
"2015-07-11 05:00:00",2667.37
"2015-07-12 05:00:00",2667.37
"2015-07-13 05:00:00",2667.37
"2015-07-14 05:00:00",2693.54
"2015-07-15 05:00:00",2688.2
"2015-07-16 05:00:00",2713.04
"2015-07-17 05:00:00",2727.23
"2015-07-18 05:00:00",2751.88
"2015-07-19 05:00:00",2751.88
"2015-07-20 05:00:00",2751.88
"2015-07-21 05:00:00",2751.88
"2015-07-22 05:00:00",2765.1
"2015-07-23 05:00:00",2790.26
"2015-07-24 05:00:00",2807.36
"2015-07-25 05:00:00",2857.46
"2015-07-26 05:00:00",2857.46
"2015-07-27 05:00:00",2857.46
"2015-07-28 05:00:00",2854.13
"2015-07-29 05:00:00",2855.44
"2015-07-30 05:00:00",2855.32
"2015-07-31 05:00:00",2866.04
"2015-08-01 05:00:00",2862.51
"2015-08-02 05:00:00",2862.51
"2015-08-03 05:00:00",2862.51
"2015-08-04 05:00:00",2902.98
"2015-08-05 05:00:00",2906.95
"2015-08-06 05:00:00",2945.97
"2015-08-07 05:00:00",2955.31
"2015-08-08 05:00:00",2955.31
"2015-08-09 05:00:00",2955.31
"2015-08-10 05:00:00",2955.31
"2015-08-11 05:00:00",2913.45
"2015-08-12 05:00:00",2943.97
"2015-08-13 05:00:00",2937.63
"2015-08-14 05:00:00",2966.12
"2015-08-15 05:00:00",2983.12
"2015-08-16 05:00:00",2983.12
"2015-08-17 05:00:00",2983.12
"2015-08-18 05:00:00",2983.12
"2015-08-19 05:00:00",3003.35
"2015-08-20 05:00:00",3027.2
"2015-08-21 05:00:00",3053.65
"2015-08-22 05:00:00",3102.6
"2015-08-23 05:00:00",3102.6
"2015-08-24 05:00:00",3102.6
"2015-08-25 05:00:00",3208.37
"2015-08-26 05:00:00",3194.24
"2015-08-27 05:00:00",3238.51
"2015-08-28 05:00:00",3195.47
"2015-08-29 05:00:00",3101.1
"2015-08-30 05:00:00",3101.1
"2015-08-31 05:00:00",3101.1
"2015-09-01 05:00:00",3079.97
"2015-09-02 05:00:00",3093.64
"2015-09-03 05:00:00",3142.34
"2015-09-04 05:00:00",3119.93
"2015-09-05 05:00:00",3113.55
"2015-09-06 05:00:00",3113.55
"2015-09-07 05:00:00",3113.55
"2015-09-08 05:00:00",3113.55
"2015-09-09 05:00:00",3138.46
"2015-09-10 05:00:00",3105.4
"2015-09-11 05:00:00",3080.57
"2015-09-12 05:00:00",3012.96
"2015-09-13 05:00:00",3012.96
"2015-09-14 05:00:00",3012.96
"2015-09-15 05:00:00",3032.59
"2015-09-16 05:00:00",3025.28
"2015-09-17 05:00:00",2989.04
"2015-09-18 05:00:00",2975.13
"2015-09-19 05:00:00",2984.9
"2015-09-20 05:00:00",2984.9
"2015-09-21 05:00:00",2984.9
"2015-09-22 05:00:00",3001.68
"2015-09-23 05:00:00",3065.74
"2015-09-24 05:00:00",3099.28
"2015-09-25 05:00:00",3135.17
"2015-09-26 05:00:00",3080.44
"2015-09-27 05:00:00",3080.44
"2015-09-28 05:00:00",3080.44
"2015-09-29 05:00:00",3096.98
"2015-09-30 05:00:00",3121.94
"2015-10-01 05:00:00",3086.75
"2015-10-02 05:00:00",3061.85
"2015-10-03 05:00:00",3034.9
"2015-10-04 05:00:00",3034.9
"2015-10-05 05:00:00",3034.9
"2015-10-06 05:00:00",2971.15
"2015-10-07 05:00:00",2913.74
"2015-10-08 05:00:00",2891.91
"2015-10-09 05:00:00",2887.21
"2015-10-10 05:00:00",2855.74
"2015-10-11 05:00:00",2855.74
"2015-10-12 05:00:00",2855.74
"2015-10-13 05:00:00",2855.74
"2015-10-14 05:00:00",2910.7
"2015-10-15 05:00:00",2928.69
"2015-10-16 05:00:00",2908.87
"2015-10-17 05:00:00",2879.89
"2015-10-18 05:00:00",2879.89
"2015-10-19 05:00:00",2879.89
"2015-10-20 05:00:00",2912.99
"2015-10-21 05:00:00",2929.19
"2015-10-22 05:00:00",2966.68
"2015-10-23 05:00:00",2925.36
"2015-10-24 05:00:00",2912.08
"2015-10-25 05:00:00",2912.08
"2015-10-26 05:00:00",2912.08
"2015-10-27 05:00:00",2918.21
"2015-10-28 05:00:00",2950.87
"2015-10-29 05:00:00",2926.75
"2015-10-30 05:00:00",2921.32
"2015-10-31 05:00:00",2897.83
"2015-11-01 05:00:00",2897.83
"2015-11-02 05:00:00",2897.83
"2015-11-03 05:00:00",2897.83
"2015-11-04 05:00:00",2825.25
"2015-11-05 05:00:00",2819.63
"2015-11-06 05:00:00",2853.32
"2015-11-07 05:00:00",2896.19
"2015-11-08 05:00:00",2896.19
"2015-11-09 05:00:00",2896.19
"2015-11-10 05:00:00",2921.15
"2015-11-11 05:00:00",2935.86
"2015-11-12 05:00:00",2935.86
"2015-11-13 05:00:00",3009.36
"2015-11-14 05:00:00",3073.23
"2015-11-15 05:00:00",3073.23
"2015-11-16 05:00:00",3073.23
"2015-11-17 05:00:00",3073.23
"2015-11-18 05:00:00",3069.24
"2015-11-19 05:00:00",3108.7
"2015-11-20 05:00:00",3082.04
"2015-11-21 05:00:00",3047.31
"2015-11-22 05:00:00",3047.31
"2015-11-23 05:00:00",3047.31
"2015-11-24 05:00:00",3086.82
"2015-11-25 05:00:00",3074.35
"2015-11-26 05:00:00",3099.75
"2015-11-27 05:00:00",3099.75
"2015-11-28 05:00:00",3101.1
"2015-11-29 05:00:00",3101.1
"2015-11-30 05:00:00",3101.1
"2015-12-01 05:00:00",3142.11
"2015-12-02 05:00:00",3131.95
"2015-12-03 05:00:00",3166.67
"2015-12-04 05:00:00",3149.12
"2015-12-05 05:00:00",3179.22
"2015-12-06 05:00:00",3179.22
"2015-12-07 05:00:00",3179.22
"2015-12-08 05:00:00",3287.03
"2015-12-09 05:00:00",3287.03
"2015-12-10 05:00:00",3294.02
"2015-12-11 05:00:00",3259.56
"2015-12-12 05:00:00",3299.36
"2015-12-13 05:00:00",3299.36
"2015-12-14 05:00:00",3299.36
"2015-12-15 05:00:00",3356
"2015-12-16 05:00:00",3328.08
"2015-12-17 05:00:00",3317.72
"2015-12-18 05:00:00",3333.37
"2015-12-19 05:00:00",3337.68
"2015-12-20 05:00:00",3337.68
"2015-12-21 05:00:00",3337.68
"2015-12-22 05:00:00",3332.7
"2015-12-23 05:00:00",3307.24
"2015-12-24 05:00:00",3255.19
"2015-12-25 05:00:00",3172.03
"2015-12-26 05:00:00",3172.03
"2015-12-27 05:00:00",3172.03
"2015-12-28 05:00:00",3172.03
"2015-12-29 05:00:00",3180.87
"2015-12-30 05:00:00",3155.22
"2015-12-31 05:00:00",3149.47
"2016-01-01 05:00:00",3149.47
"2016-01-02 05:00:00",3149.47
"2016-01-03 05:00:00",3149.47
"2016-01-04 05:00:00",3149.47
"2016-01-05 05:00:00",3213.24
"2016-01-06 05:00:00",3203.86
"2016-01-07 05:00:00",3250.69
"2016-01-08 05:00:00",3287.28
"2016-01-09 05:00:00",3268.37
"2016-01-10 05:00:00",3268.37
"2016-01-11 05:00:00",3268.37
"2016-01-12 05:00:00",3268.37
"2016-01-13 05:00:00",3246.51
"2016-01-14 05:00:00",3235.45
"2016-01-15 05:00:00",3240.71
"2016-01-16 05:00:00",3293.94
"2016-01-17 05:00:00",3293.94
"2016-01-18 05:00:00",3293.94
"2016-01-19 05:00:00",3293.94
"2016-01-20 05:00:00",3297.46
"2016-01-21 05:00:00",3357.67
"2016-01-22 05:00:00",3368.49
"2016-01-23 05:00:00",3281.74
"2016-01-24 05:00:00",3281.74
"2016-01-25 05:00:00",3281.74
"2016-01-26 05:00:00",3362.38
"2016-01-27 05:00:00",3375.8
"2016-01-28 05:00:00",3366.63
"2016-01-29 05:00:00",3302.92
"2016-01-30 05:00:00",3287.31
"2016-01-31 05:00:00",3287.31
"2016-02-01 05:00:00",3287.31
"2016-02-02 05:00:00",3326.82
"2016-02-03 05:00:00",3387.69
"2016-02-04 05:00:00",3382.2
"2016-02-05 05:00:00",3315.75
"2016-02-06 05:00:00",3320.49
"2016-02-07 05:00:00",3320.49
"2016-02-08 05:00:00",3320.49
"2016-02-09 05:00:00",3367.02
"2016-02-10 05:00:00",3391.93
"2016-02-11 05:00:00",3385.65
"2016-02-12 05:00:00",3434.89
"2016-02-13 05:00:00",3409.82
"2016-02-14 05:00:00",3409.82
"2016-02-15 05:00:00",3409.82
"2016-02-16 05:00:00",3409.82
"2016-02-17 05:00:00",3406.87
"2016-02-18 05:00:00",3391.87
"2016-02-19 05:00:00",3338.03
"2016-02-20 05:00:00",3356.78
"2016-02-21 05:00:00",3356.78
"2016-02-22 05:00:00",3356.78
"2016-02-23 05:00:00",3314.24
"2016-02-24 05:00:00",3322.54
"2016-02-25 05:00:00",3341.69
"2016-02-26 05:00:00",3310.16
"2016-02-27 05:00:00",3306
"2016-02-28 05:00:00",3306
"2016-02-29 05:00:00",3306
"2016-03-01 05:00:00",3319.8
"2016-03-02 05:00:00",3268.86
"2016-03-03 05:00:00",3205.6
"2016-03-04 05:00:00",3203.03
"2016-03-05 05:00:00",3163.25
"2016-03-06 05:00:00",3163.25
"2016-03-07 05:00:00",3163.25
"2016-03-08 05:00:00",3135.28
"2016-03-09 05:00:00",3155.9
"2016-03-10 05:00:00",3192.49
"2016-03-11 05:00:00",3204.27
"2016-03-12 05:00:00",3164.12
"2016-03-13 05:00:00",3164.12
"2016-03-14 05:00:00",3164.12
"2016-03-15 05:00:00",3175.95
"2016-03-16 05:00:00",3175.88
"2016-03-17 05:00:00",3155.9
"2016-03-18 05:00:00",3087.39
"2016-03-19 05:00:00",3065.79
"2016-03-20 05:00:00",3065.79
"2016-03-21 05:00:00",3065.79
"2016-03-22 05:00:00",3065.79
"2016-03-23 05:00:00",3050.31
"2016-03-24 05:00:00",3058.8
"2016-03-25 05:00:00",3058.8
"2016-03-26 05:00:00",3058.8
"2016-03-27 05:00:00",3058.8
"2016-03-28 05:00:00",3058.8
"2016-03-29 05:00:00",3047.85
"2016-03-30 05:00:00",3052.33
"2016-03-31 05:00:00",3022.35
"2016-04-01 05:00:00",3000.63
"2016-04-02 05:00:00",3038.48
"2016-04-03 05:00:00",3038.48
"2016-04-04 05:00:00",3038.48
"2016-04-05 05:00:00",3066.94
"2016-04-06 05:00:00",3085.82
"2016-04-07 05:00:00",3081.39
"2016-04-08 05:00:00",3109.6
"2016-04-09 05:00:00",3076.29
"2016-04-10 05:00:00",3076.29
"2016-04-11 05:00:00",3076.29
"2016-04-12 05:00:00",3057.96
"2016-04-13 05:00:00",3036.57
"2016-04-14 05:00:00",3006.35
"2016-04-15 05:00:00",3000.78
"2016-04-16 05:00:00",2999.38
"2016-04-17 05:00:00",2999.38
"2016-04-18 05:00:00",2999.38
"2016-04-19 05:00:00",2995.86
"2016-04-20 05:00:00",2912.2
"2016-04-21 05:00:00",2899.92
"2016-04-22 05:00:00",2928.7
"2016-04-23 05:00:00",2939.7
"2016-04-24 05:00:00",2939.7
"2016-04-25 05:00:00",2939.7
"2016-04-26 05:00:00",2962.08
"2016-04-27 05:00:00",2945.37
"2016-04-28 05:00:00",2943.23
"2016-04-29 05:00:00",2885.72
"2016-04-30 05:00:00",2851.14
"2016-05-01 05:00:00",2851.14
"2016-05-02 05:00:00",2851.14
"2016-05-03 05:00:00",2833.78
"2016-05-04 05:00:00",2895.51
"2016-05-05 05:00:00",2942.16
"2016-05-06 05:00:00",2952.37
"2016-05-07 05:00:00",2969.62
"2016-05-08 05:00:00",2969.62
"2016-05-09 05:00:00",2969.62
"2016-05-10 05:00:00",2969.62
"2016-05-11 05:00:00",2979.54
"2016-05-12 05:00:00",2956.82
"2016-05-13 05:00:00",2934.88
"2016-05-14 05:00:00",2983.82
"2016-05-15 05:00:00",2983.82
"2016-05-16 05:00:00",2983.82
"2016-05-17 05:00:00",3007.74
"2016-05-18 05:00:00",3020.89
"2016-05-19 05:00:00",3031.48
"2016-05-20 05:00:00",3056.06
"2016-05-21 05:00:00",3047.99
"2016-05-22 05:00:00",3047.99
"2016-05-23 05:00:00",3047.99
"2016-05-24 05:00:00",3058.25
"2016-05-25 05:00:00",3059.92
"2016-05-26 05:00:00",3061.89
"2016-05-27 05:00:00",3054.6
"2016-05-28 05:00:00",3069.17
"2016-05-29 05:00:00",3069.17
"2016-05-30 05:00:00",3069.17
"2016-05-31 05:00:00",3069.17
"2016-06-01 05:00:00",3089.65
"2016-06-02 05:00:00",3117.83
"2016-06-03 05:00:00",3110.88
"2016-06-04 05:00:00",3017.71
"2016-06-05 05:00:00",3017.71
"2016-06-06 05:00:00",3017.71
"2016-06-07 05:00:00",3017.71
"2016-06-08 05:00:00",2950.95
"2016-06-09 05:00:00",2905.23
"2016-06-10 05:00:00",2942.13
"2016-06-11 05:00:00",2969.83
"2016-06-12 05:00:00",2969.83
"2016-06-13 05:00:00",2969.83
"2016-06-14 05:00:00",2990.35
"2016-06-15 05:00:00",3003.28
"2016-06-16 05:00:00",2989.56
"2016-06-17 05:00:00",3019.12
"2016-06-18 05:00:00",3010.91
"2016-06-19 05:00:00",3010.91
"2016-06-20 05:00:00",3010.91
"2016-06-21 05:00:00",2972.97
"2016-06-22 05:00:00",2976.29
"2016-06-23 05:00:00",2944.06
"2016-06-24 05:00:00",2897.53
"2016-06-25 05:00:00",2972.92
"2016-06-26 05:00:00",2972.92
"2016-06-27 05:00:00",2972.92
"2016-06-28 05:00:00",3022.78
"2016-06-29 05:00:00",3005.18
"2016-06-30 05:00:00",2916.15
"2016-07-01 05:00:00",2919.01
"2016-07-02 05:00:00",2914.38
"2016-07-03 05:00:00",2914.38
"2016-07-04 05:00:00",2914.38
"2016-07-05 05:00:00",2914.38
"2016-07-06 05:00:00",2966.87
"2016-07-07 05:00:00",3003.2
"2016-07-08 05:00:00",2986.49
"2016-07-09 05:00:00",2952.64
"2016-07-10 05:00:00",2952.64
"2016-07-11 05:00:00",2952.64
"2016-07-12 05:00:00",2929.81
"2016-07-13 05:00:00",2911.91
"2016-07-14 05:00:00",2936.53
"2016-07-15 05:00:00",2923.07
"2016-07-16 05:00:00",2923.46
"2016-07-17 05:00:00",2923.46
"2016-07-18 05:00:00",2923.46
"2016-07-19 05:00:00",2928.3
"2016-07-20 05:00:00",2931.08
"2016-07-21 05:00:00",2931.08
"2016-07-22 05:00:00",2928.67
"2016-07-23 05:00:00",2942.65
"2016-07-24 05:00:00",2942.65
"2016-07-25 05:00:00",2942.65
"2016-07-26 05:00:00",2997.25
"2016-07-27 05:00:00",3055.15
"2016-07-28 05:00:00",3073.52
"2016-07-29 05:00:00",3091.78
"2016-07-30 05:00:00",3081.75
"2016-07-31 05:00:00",3081.75
"2016-08-01 05:00:00",3081.75
"2016-08-02 05:00:00",3090.28
"2016-08-03 05:00:00",3084.81
"2016-08-04 05:00:00",3110.43
"2016-08-05 05:00:00",3079.83
"2016-08-06 05:00:00",3052.8
"2016-08-07 05:00:00",3052.8
"2016-08-08 05:00:00",3052.8
"2016-08-09 05:00:00",2992.5
"2016-08-10 05:00:00",2974.31
"2016-08-11 05:00:00",2954.9
"2016-08-12 05:00:00",2911.26
"2016-08-13 05:00:00",2908.67
"2016-08-14 05:00:00",2908.67
"2016-08-15 05:00:00",2908.67
"2016-08-16 05:00:00",2908.67
"2016-08-17 05:00:00",2905.3
"2016-08-18 05:00:00",2918.07
"2016-08-19 05:00:00",2884.02
"2016-08-20 05:00:00",2867.37
"2016-08-21 05:00:00",2867.37
"2016-08-22 05:00:00",2867.37
"2016-08-23 05:00:00",2883.89
"2016-08-24 05:00:00",2909.1
"2016-08-25 05:00:00",2938.28
"2016-08-26 05:00:00",2915.67
"2016-08-27 05:00:00",2882.69
"2016-08-28 05:00:00",2882.69
"2016-08-29 05:00:00",2882.69
"2016-08-30 05:00:00",2924.29
"2016-08-31 05:00:00",2933.82
"2016-09-01 05:00:00",2956.53
"2016-09-02 05:00:00",2986.36
"2016-09-03 05:00:00",2957.56
"2016-09-04 05:00:00",2957.56
"2016-09-05 05:00:00",2957.56
"2016-09-06 05:00:00",2957.56
"2016-09-07 05:00:00",2887.64
"2016-09-08 05:00:00",2840.38
"2016-09-09 05:00:00",2846.13
"2016-09-10 05:00:00",2899.29
"2016-09-11 05:00:00",2899.29
"2016-09-12 05:00:00",2899.29
"2016-09-13 05:00:00",2942.29
"2016-09-14 05:00:00",2976.19
"2016-09-15 05:00:00",2972.65
"2016-09-16 05:00:00",2938.5
"2016-09-17 05:00:00",2956.58
"2016-09-18 05:00:00",2956.58
"2016-09-19 05:00:00",2956.58
"2016-09-20 05:00:00",2928.18
"2016-09-21 05:00:00",2911.11
"2016-09-22 05:00:00",2894.15
"2016-09-23 05:00:00",2862.52
"2016-09-24 05:00:00",2917.95
"2016-09-25 05:00:00",2917.95
"2016-09-26 05:00:00",2917.95
"2016-09-27 05:00:00",2917.58
"2016-09-28 05:00:00",2921.99
"2016-09-29 05:00:00",2914.11
"2016-09-30 05:00:00",2879.95
"2016-10-01 05:00:00",2880.08
"2016-10-02 05:00:00",2880.08
"2016-10-03 05:00:00",2880.08
"2016-10-04 05:00:00",2937.23
"2016-10-05 05:00:00",2963.06
"2016-10-06 05:00:00",2964.93
"2016-10-07 05:00:00",2924.8
"2016-10-08 05:00:00",2913.96
"2016-10-09 05:00:00",2913.96
"2016-10-10 05:00:00",2913.96
"2016-10-11 05:00:00",2913.96
"2016-10-12 05:00:00",2919.51
"2016-10-13 05:00:00",2919.18
"2016-10-14 05:00:00",2930.78
"2016-10-15 05:00:00",2915.67
"2016-10-16 05:00:00",2915.67
"2016-10-17 05:00:00",2915.67
"2016-10-18 05:00:00",2915.67
"2016-10-19 05:00:00",2905.93
"2016-10-20 05:00:00",2914.15
"2016-10-21 05:00:00",2934.03
"2016-10-22 05:00:00",2944.25
"2016-10-23 05:00:00",2944.25
"2016-10-24 05:00:00",2944.25
"2016-10-25 05:00:00",2929.83
"2016-10-26 05:00:00",2941.34
"2016-10-27 05:00:00",2965.18
"2016-10-28 05:00:00",2966.61
"2016-10-29 05:00:00",2967.66
"2016-10-30 05:00:00",2967.66
"2016-10-31 05:00:00",2967.66
"2016-11-01 05:00:00",2998.55
"2016-11-02 05:00:00",3026.68
"2016-11-03 05:00:00",3070.54
"2016-11-04 05:00:00",3071.12
"2016-11-05 05:00:00",3070.4
"2016-11-06 05:00:00",3070.4
"2016-11-07 05:00:00",3070.4
"2016-11-08 05:00:00",3070.4
"2016-11-09 05:00:00",2984.78
"2016-11-10 05:00:00",3012.12
"2016-11-11 05:00:00",3100.12
"2016-11-12 05:00:00",3100.12
"2016-11-13 05:00:00",3100.12
"2016-11-14 05:00:00",3100.12
"2016-11-15 05:00:00",3100.12
"2016-11-16 05:00:00",3124.91
"2016-11-17 05:00:00",3131.11
"2016-11-18 05:00:00",3135.65
"2016-11-19 05:00:00",3163.49
"2016-11-20 05:00:00",3163.49
"2016-11-21 05:00:00",3163.49
"2016-11-22 05:00:00",3144.72
"2016-11-23 05:00:00",3139.76
"2016-11-24 05:00:00",3187.97
"2016-11-25 05:00:00",3187.97
"2016-11-26 05:00:00",3170.64
"2016-11-27 05:00:00",3170.64
"2016-11-28 05:00:00",3170.64
"2016-11-29 05:00:00",3142.2
"2016-11-30 05:00:00",3165.09
"2016-12-01 05:00:00",3085.6
"2016-12-02 05:00:00",3068.34
"2016-12-03 05:00:00",3061.04
"2016-12-04 05:00:00",3061.04
"2016-12-05 05:00:00",3061.04
"2016-12-06 05:00:00",3049.47
"2016-12-07 05:00:00",3015.47
"2016-12-08 05:00:00",2989.71
"2016-12-09 05:00:00",2989.71
"2016-12-10 05:00:00",3002.8
"2016-12-11 05:00:00",3002.8
"2016-12-12 05:00:00",3002.8
"2016-12-13 05:00:00",2984.02
"2016-12-14 05:00:00",2982.29
"2016-12-15 05:00:00",2964.56
"2016-12-16 05:00:00",3000.47
"2016-12-17 05:00:00",2997.2
"2016-12-18 05:00:00",2997.2
"2016-12-19 05:00:00",2997.2
"2016-12-20 05:00:00",3019.44
"2016-12-21 05:00:00",2988.06
"2016-12-22 05:00:00",2989.14
"2016-12-23 05:00:00",2996.03
"2016-12-24 05:00:00",2996.6
"2016-12-25 05:00:00",2996.6
"2016-12-26 05:00:00",2996.6
"2016-12-27 05:00:00",2996.6
"2016-12-28 05:00:00",2992.81
"2016-12-29 05:00:00",3019.72
"2016-12-30 05:00:00",3000.71
"2016-12-31 05:00:00",3000.71
"2017-01-01 05:00:00",3000.71
"2017-01-02 05:00:00",3000.71
"2017-01-03 05:00:00",3000.71
"2017-01-04 05:00:00",2981.06
"2017-01-05 05:00:00",2965.36
"2017-01-06 05:00:00",2941.08
"2017-01-07 05:00:00",2919.01
"2017-01-08 05:00:00",2919.01
"2017-01-09 05:00:00",2919.01
"2017-01-10 05:00:00",2919.01
"2017-01-11 05:00:00",2949.6
"2017-01-12 05:00:00",2980.8
"2017-01-13 05:00:00",2930.19
"2017-01-14 05:00:00",2935.96
"2017-01-15 05:00:00",2935.96
"2017-01-16 05:00:00",2935.96
"2017-01-17 05:00:00",2935.96
"2017-01-18 05:00:00",2924.77
"2017-01-19 05:00:00",2934.58
"2017-01-20 05:00:00",2938.24
"2017-01-21 05:00:00",2927.91
"2017-01-22 05:00:00",2927.91
"2017-01-23 05:00:00",2927.91
"2017-01-24 05:00:00",2908.53
"2017-01-25 05:00:00",2932.01
"2017-01-26 05:00:00",2927.53
"2017-01-27 05:00:00",2936.72
"2017-01-28 05:00:00",2930.17
"2017-01-29 05:00:00",2930.17
"2017-01-30 05:00:00",2930.17
"2017-01-31 05:00:00",2936.66
"2017-02-01 05:00:00",2921.9
"2017-02-02 05:00:00",2906.78
"2017-02-03 05:00:00",2882.2
"2017-02-04 05:00:00",2855.8
"2017-02-05 05:00:00",2855.8
"2017-02-06 05:00:00",2855.8
"2017-02-07 05:00:00",2853.99
"2017-02-08 05:00:00",2867.76
"2017-02-09 05:00:00",2879.49
"2017-02-10 05:00:00",2862.63
"2017-02-11 05:00:00",2851.98
"2017-02-12 05:00:00",2851.98
"2017-02-13 05:00:00",2851.98
"2017-02-14 05:00:00",2875.46
"2017-02-15 05:00:00",2867.64
"2017-02-16 05:00:00",2876.03
"2017-02-17 05:00:00",2875.68
"2017-02-18 05:00:00",2902.81
"2017-02-19 05:00:00",2902.81
"2017-02-20 05:00:00",2902.81
"2017-02-21 05:00:00",2902.81
"2017-02-22 05:00:00",2902.68
"2017-02-23 05:00:00",2893.55
"2017-02-24 05:00:00",2871.67
"2017-02-25 05:00:00",2886.52
"2017-02-26 05:00:00",2886.52
"2017-02-27 05:00:00",2886.52
"2017-02-28 05:00:00",2896.27
"2017-03-01 05:00:00",2919.17
"2017-03-02 05:00:00",2935.75
"2017-03-03 05:00:00",2960.91
"2017-03-04 05:00:00",2977.43
"2017-03-05 05:00:00",2977.43
"2017-03-06 05:00:00",2977.43
"2017-03-07 05:00:00",2966.67
"2017-03-08 05:00:00",2972.44
"2017-03-09 05:00:00",2987.88
"2017-03-10 05:00:00",3004.43
"2017-03-11 05:00:00",2980.83
"2017-03-12 05:00:00",2980.83
"2017-03-13 05:00:00",2980.83
"2017-03-14 05:00:00",2987.93
"2017-03-15 05:00:00",2997.73
"2017-03-16 05:00:00",2972.61
"2017-03-17 05:00:00",2923.96
"2017-03-18 05:00:00",2912.53
"2017-03-19 05:00:00",2912.53
"2017-03-20 05:00:00",2912.53
"2017-03-21 05:00:00",2912.53
"2017-03-22 05:00:00",2904.87
"2017-03-23 05:00:00",2936.82
"2017-03-24 05:00:00",2921.25
"2017-03-25 05:00:00",2899.94
"2017-03-26 05:00:00",2899.94
"2017-03-27 05:00:00",2899.94
"2017-03-28 05:00:00",2913.48
"2017-03-29 05:00:00",2911.99
"2017-03-30 05:00:00",2888.02
"2017-03-31 05:00:00",2880.24
"2017-04-01 05:00:00",2885.57
"2017-04-02 05:00:00",2885.57
"2017-04-03 05:00:00",2885.57
"2017-04-04 05:00:00",2866.87
"2017-04-05 05:00:00",2869.32
"2017-04-06 05:00:00",2857.65
"2017-04-07 05:00:00",2853.1
"2017-04-08 05:00:00",2858
"2017-04-09 05:00:00",2858
"2017-04-10 05:00:00",2858
"2017-04-11 05:00:00",2867.13
"2017-04-12 05:00:00",2868.6
"2017-04-13 05:00:00",2872.55
"2017-04-14 05:00:00",2872.55
"2017-04-15 05:00:00",2872.55
"2017-04-16 05:00:00",2872.55
"2017-04-17 05:00:00",2872.55
"2017-04-18 05:00:00",2854.89
"2017-04-19 05:00:00",2837.9
"2017-04-20 05:00:00",2856.48
"2017-04-21 05:00:00",2863.39
"2017-04-22 05:00:00",2868.89
"2017-04-23 05:00:00",2868.89
"2017-04-24 05:00:00",2868.89
"2017-04-25 05:00:00",2871.98
"2017-04-26 05:00:00",2899.13
"2017-04-27 05:00:00",2928.07
"2017-04-28 05:00:00",2944.31
"2017-04-29 05:00:00",2947.85
"2017-04-30 05:00:00",2947.85
"2017-05-01 05:00:00",2947.85
"2017-05-02 05:00:00",2947.85
"2017-05-03 05:00:00",2945.53
"2017-05-04 05:00:00",2930.17
"2017-05-05 05:00:00",2967.44
"2017-05-06 05:00:00",2961.78
"2017-05-07 05:00:00",2961.78
"2017-05-08 05:00:00",2961.78
"2017-05-09 05:00:00",2959.26
"2017-05-10 05:00:00",2967.24
"2017-05-11 05:00:00",2949.35
"2017-05-12 05:00:00",2933.92
"2017-05-13 05:00:00",2918.69
"2017-05-14 05:00:00",2918.69
"2017-05-15 05:00:00",2918.69
"2017-05-16 05:00:00",2883.87
"2017-05-17 05:00:00",2873.22
"2017-05-18 05:00:00",2893.4
"2017-05-19 05:00:00",2932.16
"2017-05-20 05:00:00",2889.45
"2017-05-21 05:00:00",2889.45
"2017-05-22 05:00:00",2889.45
"2017-05-23 05:00:00",2895.12
"2017-05-24 05:00:00",2904.61
"2017-05-25 05:00:00",2905.29
"2017-05-26 05:00:00",2911.66
"2017-05-27 05:00:00",2913.47
"2017-05-28 05:00:00",2913.47
"2017-05-29 05:00:00",2913.47
"2017-05-30 05:00:00",2913.47
"2017-05-31 05:00:00",2920.42
"2017-06-01 05:00:00",2921
"2017-06-02 05:00:00",2895.73
"2017-06-03 05:00:00",2894.72
"2017-06-04 05:00:00",2894.72
"2017-06-05 05:00:00",2894.72
"2017-06-06 05:00:00",2895.85
"2017-06-07 05:00:00",2893.76
"2017-06-08 05:00:00",2907.1
"2017-06-09 05:00:00",2919.82
"2017-06-10 05:00:00",2919.58
"2017-06-11 05:00:00",2919.58
"2017-06-12 05:00:00",2919.58
"2017-06-13 05:00:00",2929.2
"2017-06-14 05:00:00",2933.13
"2017-06-15 05:00:00",2924.75
"2017-06-16 05:00:00",2953.83
"2017-06-17 05:00:00",2961.68
"2017-06-18 05:00:00",2961.68
"2017-06-19 05:00:00",2961.68
"2017-06-20 05:00:00",2961.68
"2017-06-21 05:00:00",3029.53
"2017-06-22 05:00:00",3053.9
"2017-06-23 05:00:00",3035.83
"2017-06-24 05:00:00",3010.68
"2017-06-25 05:00:00",3010.68
"2017-06-26 05:00:00",3010.68
"2017-06-27 05:00:00",3010.68
"2017-06-28 05:00:00",3025.28
"2017-06-29 05:00:00",3023.64
"2017-06-30 05:00:00",3038.26
"2017-07-01 05:00:00",3050.43
"2017-07-02 05:00:00",3050.43
"2017-07-03 05:00:00",3050.43
"2017-07-04 05:00:00",3050.43
"2017-07-05 05:00:00",3050.43
"2017-07-06 05:00:00",3068.93
"2017-07-07 05:00:00",3084.19
"2017-07-08 05:00:00",3092.65
"2017-07-09 05:00:00",3092.65
"2017-07-10 05:00:00",3092.65
"2017-07-11 05:00:00",3067.33
"2017-07-12 05:00:00",3067.73
"2017-07-13 05:00:00",3052.3
"2017-07-14 05:00:00",3043.6
"2017-07-15 05:00:00",3019.56
"2017-07-16 05:00:00",3019.56
"2017-07-17 05:00:00",3019.56
"2017-07-18 05:00:00",3030.6
"2017-07-19 05:00:00",3013.26
"2017-07-20 05:00:00",3010
"2017-07-21 05:00:00",3010
"2017-07-22 05:00:00",3010.77
"2017-07-23 05:00:00",3010.77
"2017-07-24 05:00:00",3010.77
"2017-07-25 05:00:00",3023.67
"2017-07-26 05:00:00",3026.55
"2017-07-27 05:00:00",3026.22
"2017-07-28 05:00:00",3002.94
"2017-07-29 05:00:00",2995.23
"2017-07-30 05:00:00",2995.23
"2017-07-31 05:00:00",2995.23
"2017-08-01 05:00:00",2997.59
"2017-08-02 05:00:00",2973.03
"2017-08-03 05:00:00",2964.66
"2017-08-04 05:00:00",2954.54
"2017-08-05 05:00:00",2974.39
"2017-08-06 05:00:00",2974.39
"2017-08-07 05:00:00",2974.39
"2017-08-08 05:00:00",2974.39
"2017-08-09 05:00:00",2994.62
"2017-08-10 05:00:00",3011.14
"2017-08-11 05:00:00",2994.85
"2017-08-12 05:00:00",2984.99
"2017-08-13 05:00:00",2984.99
"2017-08-14 05:00:00",2984.99
"2017-08-15 05:00:00",2966.54
"2017-08-16 05:00:00",2974.7
"2017-08-17 05:00:00",2967.32
"2017-08-18 05:00:00",2980.03
"2017-08-19 05:00:00",2994.39
"2017-08-20 05:00:00",2994.39
"2017-08-21 05:00:00",2994.39
"2017-08-22 05:00:00",2994.39
"2017-08-23 05:00:00",2986.83
"2017-08-24 05:00:00",2986.88
"2017-08-25 05:00:00",2972.98
"2017-08-26 05:00:00",2933.96
"2017-08-27 05:00:00",2933.96
"2017-08-28 05:00:00",2933.96
"2017-08-29 05:00:00",2934.23
"2017-08-30 05:00:00",2940.35
"2017-08-31 05:00:00",2937.09
"2017-09-01 05:00:00",2948.09
"2017-09-02 05:00:00",2936.07
"2017-09-03 05:00:00",2936.07
"2017-09-04 05:00:00",2936.07
"2017-09-05 05:00:00",2936.07
"2017-09-06 05:00:00",2923.49
"2017-09-07 05:00:00",2919.5
"2017-09-08 05:00:00",2907.96
"2017-09-09 05:00:00",2909.15
"2017-09-10 05:00:00",2909.15
"2017-09-11 05:00:00",2909.15
"2017-09-12 05:00:00",2916.1
"2017-09-13 05:00:00",2923.03
"2017-09-14 05:00:00",2909.52
"2017-09-15 05:00:00",2905.98
"2017-09-16 05:00:00",2897.83
"2017-09-17 05:00:00",2897.83
"2017-09-18 05:00:00",2897.83
"2017-09-19 05:00:00",2906.06
"2017-09-20 05:00:00",2904.6
"2017-09-21 05:00:00",2893.18
"2017-09-22 05:00:00",2913.96
"2017-09-23 05:00:00",2900.73
"2017-09-24 05:00:00",2900.73
"2017-09-25 05:00:00",2900.73
"2017-09-26 05:00:00",2924.57
"2017-09-27 05:00:00",2930.7
"2017-09-28 05:00:00",2940.66
"2017-09-29 05:00:00",2941.07
"2017-09-30 05:00:00",2936.67
"2017-10-01 05:00:00",2936.67
"2017-10-02 05:00:00",2936.67
"2017-10-03 05:00:00",2949.33
"2017-10-04 05:00:00",2953.81
"2017-10-05 05:00:00",2945.59
"2017-10-06 05:00:00",2926.82
"2017-10-07 05:00:00",2942.19
"2017-10-08 05:00:00",2942.19
"2017-10-09 05:00:00",2942.19
"2017-10-10 05:00:00",2942.19
"2017-10-11 05:00:00",2947.06
"2017-10-12 05:00:00",2953.77
"2017-10-13 05:00:00",2949.69
"2017-10-14 05:00:00",2932.05
"2017-10-15 05:00:00",2932.05
"2017-10-16 05:00:00",2932.05
"2017-10-17 05:00:00",2932.05
"2017-10-18 05:00:00",2944.27
"2017-10-19 05:00:00",2935.66
"2017-10-20 05:00:00",2921.92
"2017-10-21 05:00:00",2936.66
"2017-10-22 05:00:00",2936.66
"2017-10-23 05:00:00",2936.66
"2017-10-24 05:00:00",2947.69
"2017-10-25 05:00:00",2971.36
"2017-10-26 05:00:00",2989.39
"2017-10-27 05:00:00",3008.8
"2017-10-28 05:00:00",3009.85
"2017-10-29 05:00:00",3009.85
"2017-10-30 05:00:00",3009.85
"2017-10-31 05:00:00",3011.44
"2017-11-01 05:00:00",3039.19
"2017-11-02 05:00:00",3038.56
"2017-11-03 05:00:00",3054.38
"2017-11-04 05:00:00",3055.57
"2017-11-05 05:00:00",3055.57
"2017-11-06 05:00:00",3055.57
"2017-11-07 05:00:00",3055.57
"2017-11-08 05:00:00",3026.94
"2017-11-09 05:00:00",3017.78
"2017-11-10 05:00:00",3015.52
"2017-11-11 05:00:00",3004.88
"2017-11-12 05:00:00",3004.88
"2017-11-13 05:00:00",3004.88
"2017-11-14 05:00:00",3004.88
"2017-11-15 05:00:00",3016.7
"2017-11-16 05:00:00",3023.88
"2017-11-17 05:00:00",3015.79
"2017-11-18 05:00:00",3003.19
"2017-11-19 05:00:00",3003.19
"2017-11-20 05:00:00",3003.19
"2017-11-21 05:00:00",3011.32
"2017-11-22 05:00:00",3001.07
"2017-11-23 05:00:00",2982.73
"2017-11-24 05:00:00",2982.73
"2017-11-25 05:00:00",2976.39
"2017-11-26 05:00:00",2976.39
"2017-11-27 05:00:00",2976.39
"2017-11-28 05:00:00",2986.84
"2017-11-29 05:00:00",3003.94
"2017-11-30 05:00:00",3006.09
"2017-12-01 05:00:00",3006.04
"2017-12-02 05:00:00",3005.76
"2017-12-03 05:00:00",3005.76
"2017-12-04 05:00:00",3005.76
"2017-12-05 05:00:00",2993.49
"2017-12-06 05:00:00",2996.53
"2017-12-07 05:00:00",3007.07
"2017-12-08 05:00:00",3016.18
"2017-12-09 05:00:00",3016.18
"2017-12-10 05:00:00",3016.18
"2017-12-11 05:00:00",3016.18
"2017-12-12 05:00:00",3013.99
"2017-12-13 05:00:00",3029.75
"2017-12-14 05:00:00",3015.41
"2017-12-15 05:00:00",2999.07
"2017-12-16 05:00:00",2996.61
"2017-12-17 05:00:00",2996.61
"2017-12-18 05:00:00",2996.61
"2017-12-19 05:00:00",2975.59
"2017-12-20 05:00:00",2972.05
"2017-12-21 05:00:00",2965.77
"2017-12-22 05:00:00",2963.58
"2017-12-23 05:00:00",2962.14
"2017-12-24 05:00:00",2962.14
"2017-12-25 05:00:00",2962.14
"2017-12-26 05:00:00",2962.14
"2017-12-27 05:00:00",2962.26
"2017-12-28 05:00:00",2971.63
"2017-12-29 05:00:00",2984
"2017-12-30 05:00:00",2984
"2017-12-31 05:00:00",2984
"2018-01-01 05:00:00",2984
"2018-01-02 05:00:00",2984
"2018-01-03 05:00:00",2940.94
"2018-01-04 05:00:00",2908.68
"2018-01-05 05:00:00",2885.76
"2018-01-06 05:00:00",2898.32
"2018-01-07 05:00:00",2898.32
"2018-01-08 05:00:00",2898.32
"2018-01-09 05:00:00",2898.32
"2018-01-10 05:00:00",2914.37
"2018-01-11 05:00:00",2895.69
"2018-01-12 05:00:00",2865.79
"2018-01-13 05:00:00",2855.86
"2018-01-14 05:00:00",2855.86
"2018-01-15 05:00:00",2855.86
"2018-01-16 05:00:00",2855.86
"2018-01-17 05:00:00",2868.03
"2018-01-18 05:00:00",2851.13
"2018-01-19 05:00:00",2836.85
"2018-01-20 05:00:00",2851.75
"2018-01-21 05:00:00",2851.75
"2018-01-22 05:00:00",2851.75
"2018-01-23 05:00:00",2854.2
"2018-01-24 05:00:00",2858.5
"2018-01-25 05:00:00",2820.53
"2018-01-26 05:00:00",2783.13
"2018-01-27 05:00:00",2805.12
"2018-01-28 05:00:00",2805.12
"2018-01-29 05:00:00",2805.12
"2018-01-30 05:00:00",2842.67
"2018-01-31 05:00:00",2844.14
"2018-02-01 05:00:00",2835.05
"2018-02-02 05:00:00",2806.67
"2018-02-03 05:00:00",2832.13
"2018-02-04 05:00:00",2832.13
"2018-02-05 05:00:00",2832.13
"2018-02-06 05:00:00",2843.6
"2018-02-07 05:00:00",2844.83
"2018-02-08 05:00:00",2830.89
"2018-02-09 05:00:00",2862.78
"2018-02-10 05:00:00",2908.7
"2018-02-11 05:00:00",2908.7
"2018-02-12 05:00:00",2908.7
"2018-02-13 05:00:00",2904.29
"2018-02-14 05:00:00",2904.71
"2018-02-15 05:00:00",2895.79
"2018-02-16 05:00:00",2851.74
"2018-02-17 05:00:00",2853.16
"2018-02-18 05:00:00",2853.16
"2018-02-19 05:00:00",2853.16
"2018-02-20 05:00:00",2853.16
"2018-02-21 05:00:00",2862.01
"2018-02-22 05:00:00",2877.94
"2018-02-23 05:00:00",2877.04
"2018-02-24 05:00:00",2849.59
"2018-02-25 05:00:00",2849.59
"2018-02-26 05:00:00",2849.59
"2018-02-27 05:00:00",2849.91
"2018-02-28 05:00:00",2855.93
"2018-03-01 05:00:00",2867.94
"2018-03-02 05:00:00",2879.05
"2018-03-03 05:00:00",2879.15
"2018-03-04 05:00:00",2879.15
"2018-03-05 05:00:00",2879.15
"2018-03-06 05:00:00",2859.09
"2018-03-07 05:00:00",2845.05
"2018-03-08 05:00:00",2858.88
"2018-03-09 05:00:00",2871.36
"2018-03-10 05:00:00",2866.93
"2018-03-11 05:00:00",2866.93
"2018-03-12 05:00:00",2866.93
"2018-03-13 05:00:00",2851.84
"2018-03-14 05:00:00",2848.38
"2018-03-15 05:00:00",2845.76
"2018-03-16 05:00:00",2850.04
"2018-03-17 05:00:00",2852.48
"2018-03-18 05:00:00",2852.48
"2018-03-19 05:00:00",2852.48
"2018-03-20 05:00:00",2852.48
"2018-03-21 05:00:00",2866.92
"2018-03-22 05:00:00",2850.69
"2018-03-23 05:00:00",2857.88
"2018-03-24 05:00:00",2849.01
"2018-03-25 05:00:00",2849.01
"2018-03-26 05:00:00",2849.01
"2018-03-27 05:00:00",2816.33
"2018-03-28 05:00:00",2780.04
"2018-03-29 05:00:00",2780.47
"2018-03-30 05:00:00",2780.47
"2018-03-31 05:00:00",2780.47
"2018-04-01 05:00:00",2780.47
"2018-04-02 05:00:00",2780.47
"2018-04-03 05:00:00",2792.96
"2018-04-04 05:00:00",2778.27
"2018-04-05 05:00:00",2791.57
"2018-04-06 05:00:00",2787.36
"2018-04-07 05:00:00",2791.88
"2018-04-08 05:00:00",2791.88
"2018-04-09 05:00:00",2791.88
"2018-04-10 05:00:00",2781.95
"2018-04-11 05:00:00",2767.82
"2018-04-12 05:00:00",2733.24
"2018-04-13 05:00:00",2710.03
"2018-04-14 05:00:00",2705.34
"2018-04-15 05:00:00",2705.34
"2018-04-16 05:00:00",2705.34
"2018-04-17 05:00:00",2726.47
"2018-04-18 05:00:00",2725.66
"2018-04-19 05:00:00",2705.64
"2018-04-20 05:00:00",2724.47
"2018-04-21 05:00:00",2757.96
"2018-04-22 05:00:00",2757.96
"2018-04-23 05:00:00",2757.96
"2018-04-24 05:00:00",2799.45
"2018-04-25 05:00:00",2785.22
"2018-04-26 05:00:00",2820.29
"2018-04-27 05:00:00",2812.83
"2018-04-28 05:00:00",2806.28
"2018-04-29 05:00:00",2806.28
"2018-04-30 05:00:00",2806.28
"2018-05-01 05:00:00",2809.92
"2018-05-02 05:00:00",2809.92
"2018-05-03 05:00:00",2831.99
"2018-05-04 05:00:00",2857.85
"2018-05-05 05:00:00",2843.41
"2018-05-06 05:00:00",2843.41
"2018-05-07 05:00:00",2843.41
"2018-05-08 05:00:00",2817.2
"2018-05-09 05:00:00",2866
"2018-05-10 05:00:00",2859.51
"2018-05-11 05:00:00",2822.37
"2018-05-12 05:00:00",2824.05
"2018-05-13 05:00:00",2824.05
"2018-05-14 05:00:00",2824.05
"2018-05-15 05:00:00",2824.05
"2018-05-16 05:00:00",2889.87
"2018-05-17 05:00:00",2865.37
"2018-05-18 05:00:00",2886.23
"2018-05-19 05:00:00",2925.67
"2018-05-20 05:00:00",2925.67
"2018-05-21 05:00:00",2925.67
"2018-05-22 05:00:00",2897.37
"2018-05-23 05:00:00",2851.42
"2018-05-24 05:00:00",2863.24
"2018-05-25 05:00:00",2863.12
"2018-05-26 05:00:00",2887.16
"2018-05-27 05:00:00",2887.16
"2018-05-28 05:00:00",2887.16
"2018-05-29 05:00:00",2887.16
"2018-05-30 05:00:00",2893.82
"2018-05-31 05:00:00",2879.32
"2018-06-01 05:00:00",2889.32
"2018-06-02 05:00:00",2868.22
"2018-06-03 05:00:00",2868.22
"2018-06-04 05:00:00",2868.22
"2018-06-05 05:00:00",2868.22
"2018-06-06 05:00:00",2865.37
"2018-06-07 05:00:00",2828.42
"2018-06-08 05:00:00",2835.78
"2018-06-09 05:00:00",2855.8
"2018-06-10 05:00:00",2855.8
"2018-06-11 05:00:00",2855.8
"2018-06-12 05:00:00",2855.8
"2018-06-13 05:00:00",2857.11
"2018-06-14 05:00:00",2859.17
"2018-06-15 05:00:00",2859.78
"2018-06-16 05:00:00",2890.06
"2018-06-17 05:00:00",2890.06
"2018-06-18 05:00:00",2890.06
"2018-06-19 05:00:00",2919.14
"2018-06-20 05:00:00",2931.78
"2018-06-21 05:00:00",2916.49
"2018-06-22 05:00:00",2944.82
"2018-06-23 05:00:00",2918.22
"2018-06-24 05:00:00",2918.22
"2018-06-25 05:00:00",2918.22
"2018-06-26 05:00:00",2927.67
"2018-06-27 05:00:00",2924.1
"2018-06-28 05:00:00",2934.91
"2018-06-29 05:00:00",2945.09
"2018-06-30 05:00:00",2930.8
"2018-07-01 05:00:00",2930.8
"2018-07-02 05:00:00",2930.8
"2018-07-03 05:00:00",2930.8
"2018-07-04 05:00:00",2909.83
"2018-07-05 05:00:00",2909.83
"2018-07-06 05:00:00",2885.53
"2018-07-07 05:00:00",2867.94
"2018-07-08 05:00:00",2867.94
"2018-07-09 05:00:00",2867.94
"2018-07-10 05:00:00",2881.09
"2018-07-11 05:00:00",2872.62
"2018-07-12 05:00:00",2880.1
"2018-07-13 05:00:00",2882.02
"2018-07-14 05:00:00",2861.7
"2018-07-15 05:00:00",2861.7
"2018-07-16 05:00:00",2861.7
"2018-07-17 05:00:00",2868.96
"2018-07-18 05:00:00",2878.28
"2018-07-19 05:00:00",2876.93
"2018-07-20 05:00:00",2883.81
"2018-07-21 05:00:00",2883.81
"2018-07-22 05:00:00",2883.81
"2018-07-23 05:00:00",2883.81
"2018-07-24 05:00:00",2897.73
"2018-07-25 05:00:00",2898.36
"2018-07-26 05:00:00",2882.84
"2018-07-27 05:00:00",2886.21
"2018-07-28 05:00:00",2880.79
"2018-07-29 05:00:00",2880.79
"2018-07-30 05:00:00",2880.79
"2018-07-31 05:00:00",2875.72
"2018-08-01 05:00:00",2886.8
"2018-08-02 05:00:00",2892.62
"2018-08-03 05:00:00",2904.9
"2018-08-04 05:00:00",2898.99
"2018-08-05 05:00:00",2898.99
"2018-08-06 05:00:00",2898.99
"2018-08-07 05:00:00",2898.86
"2018-08-08 05:00:00",2898.86
"2018-08-09 05:00:00",2908.9
"2018-08-10 05:00:00",2919.44
"2018-08-11 05:00:00",2940.95
"2018-08-12 05:00:00",2940.95
"2018-08-13 05:00:00",2940.95
"2018-08-14 05:00:00",2983.93
"2018-08-15 05:00:00",3002.66
"2018-08-16 05:00:00",3046.76
"2018-08-17 05:00:00",3019.55
"2018-08-18 05:00:00",3024.02
"2018-08-19 05:00:00",3024.02
"2018-08-20 05:00:00",3024.02
"2018-08-21 05:00:00",3024.02
"2018-08-22 05:00:00",2990.78
"2018-08-23 05:00:00",2965.45
"2018-08-24 05:00:00",2980.64
"2018-08-25 05:00:00",2958.45
"2018-08-26 05:00:00",2958.45
"2018-08-27 05:00:00",2958.45
"2018-08-28 05:00:00",2934.31
"2018-08-29 05:00:00",2966
"2018-08-30 05:00:00",2999.57
"2018-08-31 05:00:00",3027.39
"2018-09-01 05:00:00",3053.14
"2018-09-02 05:00:00",3053.14
"2018-09-03 05:00:00",3053.14
"2018-09-04 05:00:00",3053.14
"2018-09-05 05:00:00",3088.47
"2018-09-06 05:00:00",3100.37
"2018-09-07 05:00:00",3089.47
"2018-09-08 05:00:00",3070.15
"2018-09-09 05:00:00",3070.15
"2018-09-10 05:00:00",3070.15
"2018-09-11 05:00:00",3069.49
"2018-09-12 05:00:00",3087.73
"2018-09-13 05:00:00",3055.01
"2018-09-14 05:00:00",3019.38
"2018-09-15 05:00:00",3026.05
"2018-09-16 05:00:00",3026.05
"2018-09-17 05:00:00",3026.05
"2018-09-18 05:00:00",3013.38
"2018-09-19 05:00:00",3007.03
"2018-09-20 05:00:00",3018.63
"2018-09-21 05:00:00",3014.18
"2018-09-22 05:00:00",3006.96
"2018-09-23 05:00:00",3006.96
"2018-09-24 05:00:00",3006.96
"2018-09-25 05:00:00",2991.9
"2018-09-26 05:00:00",3001.88
"2018-09-27 05:00:00",3000.14
"2018-09-28 05:00:00",2989.58
"2018-09-29 05:00:00",2972.18
"2018-09-30 05:00:00",2972.18
"2018-10-01 05:00:00",2972.18
"2018-10-02 05:00:00",2993.74
"2018-10-03 05:00:00",3005.5
"2018-10-04 05:00:00",3012.65
"2018-10-05 05:00:00",3028.16
"2018-10-06 05:00:00",3031.31
"2018-10-07 05:00:00",3031.31
"2018-10-08 05:00:00",3031.31
"2018-10-09 05:00:00",3031.31
"2018-10-10 05:00:00",3057.55
"2018-10-11 05:00:00",3090.3
"2018-10-12 05:00:00",3087.34
"2018-10-13 05:00:00",3088.78
"2018-10-14 05:00:00",3088.78
"2018-10-15 05:00:00",3088.78
"2018-10-16 05:00:00",3088.78
"2018-10-17 05:00:00",3055.93
"2018-10-18 05:00:00",3056.37
"2018-10-19 05:00:00",3088.47
"2018-10-20 05:00:00",3079.88
"2018-10-21 05:00:00",3079.88
"2018-10-22 05:00:00",3079.88
"2018-10-23 05:00:00",3087.58
"2018-10-24 05:00:00",3110.2
"2018-10-25 05:00:00",3149.7
"2018-10-26 05:00:00",3167.18
"2018-10-27 05:00:00",3185.26
"2018-10-28 05:00:00",3185.26
"2018-10-29 05:00:00",3185.26
"2018-10-30 05:00:00",3188.69
"2018-10-31 05:00:00",3202.44
"2018-11-01 05:00:00",3219.85
"2018-11-02 05:00:00",3193.8
"2018-11-03 05:00:00",3177.57
"2018-11-04 05:00:00",3177.57
"2018-11-05 05:00:00",3177.57
"2018-11-06 05:00:00",3177.57
"2018-11-07 05:00:00",3154.55
"2018-11-08 05:00:00",3140.25
"2018-11-09 05:00:00",3145.39
"2018-11-10 05:00:00",3176.89
"2018-11-11 05:00:00",3176.89
"2018-11-12 05:00:00",3176.89
"2018-11-13 05:00:00",3176.89
"2018-11-14 05:00:00",3197.2
"2018-11-15 05:00:00",3194.7
"2018-11-16 05:00:00",3198.29
"2018-11-17 05:00:00",3173.59
"2018-11-18 05:00:00",3173.59
"2018-11-19 05:00:00",3173.59
"2018-11-20 05:00:00",3178.81
"2018-11-21 05:00:00",3189.51
"2018-11-22 05:00:00",3196.26
"2018-11-23 05:00:00",3196.26
"2018-11-24 05:00:00",3223.95
"2018-11-25 05:00:00",3223.95
"2018-11-26 05:00:00",3223.95
"2018-11-27 05:00:00",3240.65
"2018-11-28 05:00:00",3250.56
"2018-11-29 05:00:00",3274.47
"2018-11-30 05:00:00",3240.02
"2018-12-01 05:00:00",3235.27
"2018-12-02 05:00:00",3235.27
"2018-12-03 05:00:00",3235.27
"2018-12-04 05:00:00",3196.15
"2018-12-05 05:00:00",3174.11
"2018-12-06 05:00:00",3162.29
"2018-12-07 05:00:00",3187.86
"2018-12-08 05:00:00",3153.29
"2018-12-09 05:00:00",3153.29
"2018-12-10 05:00:00",3153.29
"2018-12-11 05:00:00",3176.12
"2018-12-12 05:00:00",3184.7
"2018-12-13 05:00:00",3169.36
"2018-12-14 05:00:00",3178.4
"2018-12-15 05:00:00",3196.3
"2018-12-16 05:00:00",3196.3
"2018-12-17 05:00:00",3196.3
"2018-12-18 05:00:00",3188.66
"2018-12-19 05:00:00",3198.45
"2018-12-20 05:00:00",3216.55
"2018-12-21 05:00:00",3246.86
"2018-12-22 05:00:00",3285.34
"2018-12-23 05:00:00",3285.34
"2018-12-24 05:00:00",3285.34
"2018-12-25 05:00:00",3285.51
"2018-12-26 05:00:00",3285.51
"2018-12-27 05:00:00",3289.69
"2018-12-28 05:00:00",3275.01
"2018-12-29 05:00:00",3249.75
"2018-12-30 05:00:00",3249.75
"2018-12-31 05:00:00",3249.75
"2019-01-01 05:00:00",3249.75
"2019-01-02 05:00:00",3249.75
"2019-01-03 05:00:00",3250.01
"2019-01-04 05:00:00",3241.2
"2019-01-05 05:00:00",3208.56
"2019-01-06 05:00:00",3208.56
"2019-01-07 05:00:00",3208.56
"2019-01-08 05:00:00",3208.56
"2019-01-09 05:00:00",3164.75
"2019-01-10 05:00:00",3128.07
"2019-01-11 05:00:00",3136.49
"2019-01-12 05:00:00",3151.49
"2019-01-13 05:00:00",3151.49
"2019-01-14 05:00:00",3151.49
"2019-01-15 05:00:00",3143.22
"2019-01-16 05:00:00",3137.66
"2019-01-17 05:00:00",3124.96
"2019-01-18 05:00:00",3140.19
"2019-01-19 05:00:00",3120.56
"2019-01-20 05:00:00",3120.56
"2019-01-21 05:00:00",3120.56
"2019-01-22 05:00:00",3120.56
"2019-01-23 05:00:00",3136.59
"2019-01-24 05:00:00",3146.14
"2019-01-25 05:00:00",3160.52
"2019-01-26 05:00:00",3150.58
"2019-01-27 05:00:00",3150.58
"2019-01-28 05:00:00",3150.58
"2019-01-29 05:00:00",3167.86
"2019-01-30 05:00:00",3157.52
"2019-01-31 05:00:00",3163.46
"2019-02-01 05:00:00",3115.7
"2019-02-02 05:00:00",3102.61
"2019-02-03 05:00:00",3102.61
"2019-02-04 05:00:00",3102.61
"2019-02-05 05:00:00",3089.4
"2019-02-06 05:00:00",3094.05
"2019-02-07 05:00:00",3108.54
"2019-02-08 05:00:00",3110.46
"2019-02-09 05:00:00",3115.94
"2019-02-10 05:00:00",3115.94
"2019-02-11 05:00:00",3115.94
"2019-02-12 05:00:00",3132.61
"2019-02-13 05:00:00",3131.1
"2019-02-14 05:00:00",3135.56
"2019-02-15 05:00:00",3155.27
"2019-02-16 05:00:00",3141.4
"2019-02-17 05:00:00",3141.4
"2019-02-18 05:00:00",3141.4
"2019-02-19 05:00:00",3141.4
"2019-02-20 05:00:00",3118.36
"2019-02-21 05:00:00",3112.18
"2019-02-22 05:00:00",3119.42
"2019-02-23 05:00:00",3110.29
"2019-02-24 05:00:00",3110.29
"2019-02-25 05:00:00",3110.29
"2019-02-26 05:00:00",3101.41
"2019-02-27 05:00:00",3095.29
"2019-02-28 05:00:00",3072.01
"2019-03-01 05:00:00",3077.35
"2019-03-02 05:00:00",3091.49
"2019-03-03 05:00:00",3091.49
"2019-03-04 05:00:00",3091.49
"2019-03-05 05:00:00",3093.79
"2019-03-06 05:00:00",3099.12
"2019-03-07 05:00:00",3106.16
"2019-03-08 05:00:00",3120.04
"2019-03-09 05:00:00",3162.4
"2019-03-10 05:00:00",3162.4
"2019-03-11 05:00:00",3162.4
"2019-03-12 05:00:00",3168.35
"2019-03-13 05:00:00",3153.2
"2019-03-14 05:00:00",3145.53
"2019-03-15 05:00:00",3144.42
"2019-03-16 05:00:00",3123.28
"2019-03-17 05:00:00",3123.28
"2019-03-18 05:00:00",3123.28
"2019-03-19 05:00:00",3102.25
"2019-03-20 05:00:00",3095.39
"2019-03-21 05:00:00",3092.39
"2019-03-22 05:00:00",3082.45
"2019-03-23 05:00:00",3126.19
"2019-03-24 05:00:00",3126.19
"2019-03-25 05:00:00",3126.19
"2019-03-26 05:00:00",3126.19
"2019-03-27 05:00:00",3145.55
"2019-03-28 05:00:00",3186.43
"2019-03-29 05:00:00",3190.94
"2019-03-30 05:00:00",3174.79
"2019-03-31 05:00:00",3174.79
"2019-04-01 05:00:00",3174.79
"2019-04-02 05:00:00",3146.81
"2019-04-03 05:00:00",3143.36
"2019-04-04 05:00:00",3128.47
"2019-04-05 05:00:00",3132.78
"2019-04-06 05:00:00",3126.2
"2019-04-07 05:00:00",3126.2
"2019-04-08 05:00:00",3126.2
"2019-04-09 05:00:00",3115.22
"2019-04-10 05:00:00",3105.2
"2019-04-11 05:00:00",3095.66
"2019-04-12 05:00:00",3113.91
"2019-04-13 05:00:00",3109.32
"2019-04-14 05:00:00",3109.32
"2019-04-15 05:00:00",3109.32
"2019-04-16 05:00:00",3136.69
"2019-04-17 05:00:00",3160.87
"2019-04-18 05:00:00",3160.48
"2019-04-19 05:00:00",3160.48
"2019-04-20 05:00:00",3160.48
"2019-04-21 05:00:00",3160.48
"2019-04-22 05:00:00",3160.48
"2019-04-23 05:00:00",3149.99
"2019-04-24 05:00:00",3177.94
"2019-04-25 05:00:00",3213.23
"2019-04-26 05:00:00",3237.98
"2019-04-27 05:00:00",3227.79
"2019-04-28 05:00:00",3227.79
"2019-04-29 05:00:00",3227.79
"2019-04-30 05:00:00",3247.72
"2019-05-01 05:00:00",3233.97
"2019-05-02 05:00:00",3233.97
"2019-05-03 05:00:00",3262.17
"2019-05-04 05:00:00",3240.44
"2019-05-05 05:00:00",3240.44
"2019-05-06 05:00:00",3240.44
"2019-05-07 05:00:00",3254.03
"2019-05-08 05:00:00",3288.81
"2019-05-09 05:00:00",3290.12
"2019-05-10 05:00:00",3293.62
"2019-05-11 05:00:00",3274.3
"2019-05-12 05:00:00",3274.3
"2019-05-13 05:00:00",3274.3
"2019-05-14 05:00:00",3299.01
"2019-05-15 05:00:00",3285.14
"2019-05-16 05:00:00",3295.51
"2019-05-17 05:00:00",3290.27
"2019-05-18 05:00:00",3313.72
"2019-05-19 05:00:00",3313.72
"2019-05-20 05:00:00",3313.72
"2019-05-21 05:00:00",3342.21
"2019-05-22 05:00:00",3344.45
"2019-05-23 05:00:00",3340.96
"2019-05-24 05:00:00",3368.76
"2019-05-25 05:00:00",3358.84
"2019-05-26 05:00:00",3358.84
"2019-05-27 05:00:00",3358.84
"2019-05-28 05:00:00",3358.84
"2019-05-29 05:00:00",3362.48
"2019-05-30 05:00:00",3375.29
"2019-05-31 05:00:00",3357.82
"2019-06-01 05:00:00",3377.16
"2019-06-02 05:00:00",3377.16
"2019-06-03 05:00:00",3377.16
"2019-06-04 05:00:00",3377.16
"2019-06-05 05:00:00",3306.37
"2019-06-06 05:00:00",3296.87
"2019-06-07 05:00:00",3288.69
"2019-06-08 05:00:00",3274.72
"2019-06-09 05:00:00",3274.72
"2019-06-10 05:00:00",3274.72
"2019-06-11 05:00:00",3257.06
"2019-06-12 05:00:00",3249.56
"2019-06-13 05:00:00",3264.47
"2019-06-14 05:00:00",3266.72
"2019-06-15 05:00:00",3270.7
"2019-06-16 05:00:00",3270.7
"2019-06-17 05:00:00",3270.7
"2019-06-18 05:00:00",3286.63
"2019-06-19 05:00:00",3264.98
"2019-06-20 05:00:00",3248.91
"2019-06-21 05:00:00",3202.01
"2019-06-22 05:00:00",3191.17
"2019-06-23 05:00:00",3191.17
"2019-06-24 05:00:00",3191.17
"2019-06-25 05:00:00",3191.17
"2019-06-26 05:00:00",3187.15
"2019-06-27 05:00:00",3177.94
"2019-06-28 05:00:00",3197.23
"2019-06-29 05:00:00",3205.67
"2019-06-30 05:00:00",3205.67
"2019-07-01 05:00:00",3205.67
"2019-07-02 05:00:00",3205.67
"2019-07-03 05:00:00",3211.06
"2019-07-04 05:00:00",3206.92
"2019-07-05 05:00:00",3206.92
"2019-07-06 05:00:00",3217.18
"2019-07-07 05:00:00",3217.18
"2019-07-08 05:00:00",3217.18
"2019-07-09 05:00:00",3207.66
"2019-07-10 05:00:00",3223.67
"2019-07-11 05:00:00",3212.91
"2019-07-12 05:00:00",3197.5
"2019-07-13 05:00:00",3190.33
"2019-07-14 05:00:00",3190.33
"2019-07-15 05:00:00",3190.33
"2019-07-16 05:00:00",3190.66
"2019-07-17 05:00:00",3199.72
"2019-07-18 05:00:00",3189.21
"2019-07-19 05:00:00",3183.01
"2019-07-20 05:00:00",3169.51
"2019-07-21 05:00:00",3169.51
"2019-07-22 05:00:00",3169.51
"2019-07-23 05:00:00",3177.76
"2019-07-24 05:00:00",3188.01
"2019-07-25 05:00:00",3194.67
"2019-07-26 05:00:00",3213.09
"2019-07-27 05:00:00",3233.26
"2019-07-28 05:00:00",3233.26
"2019-07-29 05:00:00",3233.26
"2019-07-30 05:00:00",3262.81
"2019-07-31 05:00:00",3296.85
"2019-08-01 05:00:00",3291.79
"2019-08-02 05:00:00",3329.23
"2019-08-03 05:00:00",3365.78
"2019-08-04 05:00:00",3365.78
"2019-08-05 05:00:00",3365.78
"2019-08-06 05:00:00",3459.47
"2019-08-07 05:00:00",3431.28
"2019-08-08 05:00:00",3431.28
"2019-08-09 05:00:00",3394.61
"2019-08-10 05:00:00",3382.71
"2019-08-11 05:00:00",3382.71
"2019-08-12 05:00:00",3382.71
"2019-08-13 05:00:00",3436.26
"2019-08-14 05:00:00",3407.76
"2019-08-15 05:00:00",3449.27
"2019-08-16 05:00:00",3447.76
"2019-08-17 05:00:00",3441.4
"2019-08-18 05:00:00",3441.4
"2019-08-19 05:00:00",3441.4
"2019-08-20 05:00:00",3441.4
"2019-08-21 05:00:00",3420.99
"2019-08-22 05:00:00",3385.28
"2019-08-23 05:00:00",3376.99
"2019-08-24 05:00:00",3399.95
"2019-08-25 05:00:00",3399.95
"2019-08-26 05:00:00",3399.95
"2019-08-27 05:00:00",3432.85
"2019-08-28 05:00:00",3457.89
"2019-08-29 05:00:00",3477.53
"2019-08-30 05:00:00",3464.15
"2019-08-31 05:00:00",3427.29
"2019-09-01 05:00:00",3427.29
"2019-09-02 05:00:00",3427.29
"2019-09-03 05:00:00",3427.29
"2019-09-04 05:00:00",3438.61
"2019-09-05 05:00:00",3401.04
"2019-09-06 05:00:00",3377.39
"2019-09-07 05:00:00",3361.7
"2019-09-08 05:00:00",3361.7
"2019-09-09 05:00:00",3361.7
"2019-09-10 05:00:00",3368.8
"2019-09-11 05:00:00",3373.75
"2019-09-12 05:00:00",3372.48
"2019-09-13 05:00:00",3359.2
"2019-09-14 05:00:00",3356.15
"2019-09-15 05:00:00",3356.15
"2019-09-16 05:00:00",3356.15
"2019-09-17 05:00:00",3364.43
"2019-09-18 05:00:00",3380.92
"2019-09-19 05:00:00",3377.79
"2019-09-20 05:00:00",3377.72
"2019-09-21 05:00:00",3402.32
"2019-09-22 05:00:00",3402.32
"2019-09-23 05:00:00",3402.32
"2019-09-24 05:00:00",3437.78
"2019-09-25 05:00:00",3438.66
"2019-09-26 05:00:00",3451.02
"2019-09-27 05:00:00",3435.71
"2019-09-28 05:00:00",3462.01
"2019-09-29 05:00:00",3462.01
"2019-09-30 05:00:00",3462.01
"2019-10-01 05:00:00",3477.45
"2019-10-02 05:00:00",3491.29
"2019-10-03 05:00:00",3497.34
"2019-10-04 05:00:00",3467.6
"2019-10-05 05:00:00",3430.28
"2019-10-06 05:00:00",3430.28
"2019-10-07 05:00:00",3430.28
"2019-10-08 05:00:00",3445.76
"2019-10-09 05:00:00",3452.57
"2019-10-10 05:00:00",3454.56
"2019-10-11 05:00:00",3458.42
"2019-10-12 05:00:00",3431.46
"2019-10-13 05:00:00",3431.46
"2019-10-14 05:00:00",3431.46
"2019-10-15 05:00:00",3431.46
"2019-10-16 05:00:00",3451.33
"2019-10-17 05:00:00",3459.55
"2019-10-18 05:00:00",3465.35
"2019-10-19 05:00:00",3428.63
"2019-10-20 05:00:00",3428.63
"2019-10-21 05:00:00",3428.63
"2019-10-22 05:00:00",3442.78
"2019-10-23 05:00:00",3430.3
"2019-10-24 05:00:00",3409.29
"2019-10-25 05:00:00",3387.72
"2019-10-26 05:00:00",3395.25
"2019-10-27 05:00:00",3395.25
"2019-10-28 05:00:00",3395.25
"2019-10-29 05:00:00",3382.19
"2019-10-30 05:00:00",3380.9
"2019-10-31 05:00:00",3389.94
"2019-11-01 05:00:00",3383.29
"2019-11-02 05:00:00",3339.19
"2019-11-03 05:00:00",3339.19
"2019-11-04 05:00:00",3339.19
"2019-11-05 05:00:00",3339.19
"2019-11-06 05:00:00",3318.47
"2019-11-07 05:00:00",3319.64
"2019-11-08 05:00:00",3327.02
"2019-11-09 05:00:00",3341.01
"2019-11-10 05:00:00",3341.01
"2019-11-11 05:00:00",3341.01
"2019-11-12 05:00:00",3341.01
"2019-11-13 05:00:00",3384.21
"2019-11-14 05:00:00",3441.89
"2019-11-15 05:00:00",3452.67
"2019-11-16 05:00:00",3421.26
"2019-11-17 05:00:00",3421.26
"2019-11-18 05:00:00",3421.26
"2019-11-19 05:00:00",3447.74
"2019-11-20 05:00:00",3434.49
"2019-11-21 05:00:00",3445.95
"2019-11-22 05:00:00",3440.66
"2019-11-23 05:00:00",3410.77
"2019-11-24 05:00:00",3410.77
"2019-11-25 05:00:00",3410.77
"2019-11-26 05:00:00",3433.94
"2019-11-27 05:00:00",3469.01
"2019-11-28 05:00:00",3502.92
"2019-11-29 05:00:00",3502.92
"2019-11-30 05:00:00",3522.48
"2019-12-01 05:00:00",3522.48
"2019-12-02 05:00:00",3522.48
"2019-12-03 05:00:00",3508.39
"2019-12-04 05:00:00",3506.67
"2019-12-05 05:00:00",3478.57
"2019-12-06 05:00:00",3459.97
"2019-12-07 05:00:00",3430.31
"2019-12-08 05:00:00",3430.31
"2019-12-09 05:00:00",3430.31
"2019-12-10 05:00:00",3418.48
"2019-12-11 05:00:00",3418.61
"2019-12-12 05:00:00",3387.73
"2019-12-13 05:00:00",3372.23
"2019-12-14 05:00:00",3374.29
"2019-12-15 05:00:00",3374.29
"2019-12-16 05:00:00",3374.29
"2019-12-17 05:00:00",3364.24
"2019-12-18 05:00:00",3347.86
"2019-12-19 05:00:00",3329.98
"2019-12-20 05:00:00",3322.38
"2019-12-21 05:00:00",3325.47
"2019-12-22 05:00:00",3325.47
"2019-12-23 05:00:00",3325.47
"2019-12-24 05:00:00",3316.92
"2019-12-25 05:00:00",3305.84
"2019-12-26 05:00:00",3305.84
"2019-12-27 05:00:00",3281.4
"2019-12-28 05:00:00",3294.05
"2019-12-29 05:00:00",3294.05
"2019-12-30 05:00:00",3294.05
"2019-12-31 05:00:00",3277.14
"2020-01-01 05:00:00",3277.14
"2020-01-02 05:00:00",3277.14
"2020-01-03 05:00:00",3258.84
"2020-01-04 05:00:00",3262.05
"2020-01-05 05:00:00",3262.05
"2020-01-06 05:00:00",3262.05
"2020-01-07 05:00:00",3262.05
"2020-01-08 05:00:00",3264.26
"2020-01-09 05:00:00",3254.42
"2020-01-10 05:00:00",3253.89
"2020-01-11 05:00:00",3272.62
"2020-01-12 05:00:00",3272.62
"2020-01-13 05:00:00",3272.62
"2020-01-14 05:00:00",3288.05
"2020-01-15 05:00:00",3278.83
"2020-01-16 05:00:00",3296.74
"2020-01-17 05:00:00",3313.4
"2020-01-18 05:00:00",3320.77
"2020-01-19 05:00:00",3320.77
"2020-01-20 05:00:00",3320.77
"2020-01-21 05:00:00",3320.77
"2020-01-22 05:00:00",3347.91
"2020-01-23 05:00:00",3337.77
"2020-01-24 05:00:00",3353.76
"2020-01-25 05:00:00",3366.01
"2020-01-26 05:00:00",3366.01
"2020-01-27 05:00:00",3366.01
"2020-01-28 05:00:00",3398.4
"2020-01-29 05:00:00",3392.6
"2020-01-30 05:00:00",3395.1
"2020-01-31 05:00:00",3411.45
"2020-02-01 05:00:00",3423.24
"2020-02-02 05:00:00",3423.24
"2020-02-03 05:00:00",3423.24
"2020-02-04 05:00:00",3401.56
"2020-02-05 05:00:00",3368.87
"2020-02-06 05:00:00",3355.44
"2020-02-07 05:00:00",3378.43
"2020-02-08 05:00:00",3408.35
"2020-02-09 05:00:00",3408.35
"2020-02-10 05:00:00",3408.35
"2020-02-11 05:00:00",3440.96
"2020-02-12 05:00:00",3432.89
"2020-02-13 05:00:00",3394.8
"2020-02-14 05:00:00",3385.11
"2020-02-15 05:00:00",3378.29
"2020-02-16 05:00:00",3378.29
"2020-02-17 05:00:00",3378.29
"2020-02-18 05:00:00",3378.29
"2020-02-19 05:00:00",3410.24
"2020-02-20 05:00:00",3400.98
"2020-02-21 05:00:00",3403.5
"2020-02-22 05:00:00",3398.05
"2020-02-23 05:00:00",3398.05
"2020-02-24 05:00:00",3398.05
"2020-02-25 05:00:00",3431.6
"2020-02-26 05:00:00",3425.22
"2020-02-27 05:00:00",3441.88
"2020-02-28 05:00:00",3507.11
"2020-02-29 05:00:00",3539.86
"2020-03-01 05:00:00",3539.86
"2020-03-02 05:00:00",3539.86
"2020-03-03 05:00:00",3512.17
"2020-03-04 05:00:00",3455.56
"2020-03-05 05:00:00",3458.45
"2020-03-06 05:00:00",3522.41
"2020-03-07 05:00:00",3584.58
"2020-03-08 05:00:00",3584.58
"2020-03-09 05:00:00",3584.58
"2020-03-10 05:00:00",3803.6
"2020-03-11 05:00:00",3780.39
"2020-03-12 05:00:00",3835.15
"2020-03-13 05:00:00",4034.66
"2020-03-14 05:00:00",3941.92
"2020-03-15 05:00:00",3941.92
"2020-03-16 05:00:00",3941.92
"2020-03-17 05:00:00",4099.93
"2020-03-18 05:00:00",4044.55
"2020-03-19 05:00:00",4128.38
"2020-03-20 05:00:00",4153.91
"2020-03-21 05:00:00",4079.96
"2020-03-22 05:00:00",4079.96
"2020-03-23 05:00:00",4079.96
"2020-03-24 05:00:00",4079.96
"2020-03-25 05:00:00",4104.9
"2020-03-26 05:00:00",4086.34
"2020-03-27 05:00:00",3995.83
"2020-03-28 05:00:00",4042.8
"2020-03-29 05:00:00",4042.8
"2020-03-30 05:00:00",4042.8
"2020-03-31 05:00:00",4064.81
"2020-04-01 05:00:00",4054.54
"2020-04-02 05:00:00",4081.06
"2020-04-03 05:00:00",4065.5
"2020-04-04 05:00:00",4008.78
"2020-04-05 05:00:00",4008.78
"2020-04-06 05:00:00",4008.78
"2020-04-07 05:00:00",3978.38
"2020-04-08 05:00:00",3910.15
"2020-04-09 05:00:00",3886.79
"2020-04-10 05:00:00",3886.79
"2020-04-11 05:00:00",3886.79
"2020-04-12 05:00:00",3886.79
"2020-04-13 05:00:00",3886.79
"2020-04-14 05:00:00",3870.31
"2020-04-15 05:00:00",3858.21
"2020-04-16 05:00:00",3920.83
"2020-04-17 05:00:00",3942.92
"2020-04-18 05:00:00",3973.06
"2020-04-19 05:00:00",3973.06
"2020-04-20 05:00:00",3973.06
"2020-04-21 05:00:00",3967.76
"2020-04-22 05:00:00",4045.01
"2020-04-23 05:00:00",4037.95
"2020-04-24 05:00:00",4020.94
"2020-04-25 05:00:00",4039.87
"2020-04-26 05:00:00",4039.87
"2020-04-27 05:00:00",4039.87
"2020-04-28 05:00:00",4039.83
"2020-04-29 05:00:00",4046.04
"2020-04-30 05:00:00",3983.29
"2020-05-01 05:00:00",3932.72
"2020-05-02 05:00:00",3932.72
"2020-05-03 05:00:00",3932.72
"2020-05-04 05:00:00",3932.72
"2020-05-05 05:00:00",3990.1
"2020-05-06 05:00:00",3926.07
"2020-05-07 05:00:00",3961.66
"2020-05-08 05:00:00",3924.54
"2020-05-09 05:00:00",3882.27
"2020-05-10 05:00:00",3882.27
"2020-05-11 05:00:00",3882.27
"2020-05-12 05:00:00",3901.34
"2020-05-13 05:00:00",3880.48
"2020-05-14 05:00:00",3901.3
"2020-05-15 05:00:00",3947.79
"2020-05-16 05:00:00",3926.06
"2020-05-17 05:00:00",3926.06
"2020-05-18 05:00:00",3926.06
"2020-05-19 05:00:00",3851.07
"2020-05-20 05:00:00",3824.3
"2020-05-21 05:00:00",3804.12
"2020-05-22 05:00:00",3774.25
"2020-05-23 05:00:00",3782.66
"2020-05-24 05:00:00",3782.66
"2020-05-25 05:00:00",3782.66
"2020-05-26 05:00:00",3782.66
"2020-05-27 05:00:00",3725.56
"2020-05-28 05:00:00",3743.79
"2020-05-29 05:00:00",3723.42
"2020-05-30 05:00:00",3718.82
"2020-05-31 05:00:00",3718.82
"2020-06-01 05:00:00",3718.82
"2020-06-02 05:00:00",3716.35
"2020-06-03 05:00:00",3651.42
"2020-06-04 05:00:00",3588.89
"2020-06-05 05:00:00",3597.47
"2020-06-06 05:00:00",3565.06
"2020-06-07 05:00:00",3565.06
"2020-06-08 05:00:00",3565.06
"2020-06-09 05:00:00",3599
"2020-06-10 05:00:00",3643.02
"2020-06-11 05:00:00",3674.81
"2020-06-12 05:00:00",3746.46
"2020-06-13 05:00:00",3758.15
"2020-06-14 05:00:00",3758.15
"2020-06-15 05:00:00",3758.15
"2020-06-16 05:00:00",3758.15
"2020-06-17 05:00:00",3741.88
"2020-06-18 05:00:00",3749.03
"2020-06-19 05:00:00",3760.22
"2020-06-20 05:00:00",3733.27
"2020-06-21 05:00:00",3733.27
"2020-06-22 05:00:00",3733.27
"2020-06-23 05:00:00",3733.27
"2020-06-24 05:00:00",3706.06
"2020-06-25 05:00:00",3722.27
"2020-06-26 05:00:00",3735.93
"2020-06-27 05:00:00",3758.91
"2020-06-28 05:00:00",3758.91
"2020-06-29 05:00:00",3758.91
"2020-06-30 05:00:00",3758.91
"2020-07-01 05:00:00",3756.28
"2020-07-02 05:00:00",3723.67
"2020-07-03 05:00:00",3660.18
"2020-07-04 05:00:00",3645.9
"2020-07-05 05:00:00",3645.9
"2020-07-06 05:00:00",3645.9
"2020-07-07 05:00:00",3633.32
"2020-07-08 05:00:00",3631.54
"2020-07-09 05:00:00",3625.61
"2020-07-10 05:00:00",3633.42
"2020-07-11 05:00:00",3615.75
"2020-07-12 05:00:00",3615.75
"2020-07-13 05:00:00",3615.75
"2020-07-14 05:00:00",3617.22
"2020-07-15 05:00:00",3638.22
"2020-07-16 05:00:00",3611.61
"2020-07-17 05:00:00",3627.86
"2020-07-18 05:00:00",3651.93
"2020-07-19 05:00:00",3651.93
"2020-07-20 05:00:00",3651.93
"2020-07-21 05:00:00",3651.93
"2020-07-22 05:00:00",3628.2
"2020-07-23 05:00:00",3627.28
"2020-07-24 05:00:00",3660.15
"2020-07-25 05:00:00",3690.8
"2020-07-26 05:00:00",3690.8
"2020-07-27 05:00:00",3690.8
"2020-07-28 05:00:00",3679.17
"2020-07-29 05:00:00",3718.69
"2020-07-30 05:00:00",3716.89
"2020-07-31 05:00:00",3739.49
"2020-08-01 05:00:00",3733.08
"2020-08-02 05:00:00",3733.08
"2020-08-03 05:00:00",3733.08
"2020-08-04 05:00:00",3768.39
"2020-08-05 05:00:00",3792.98
"2020-08-06 05:00:00",3775.95
"2020-08-07 05:00:00",3769.67
"2020-08-08 05:00:00",3769.67
"2020-08-09 05:00:00",3769.67
"2020-08-10 05:00:00",3769.67
"2020-08-11 05:00:00",3770.22
"2020-08-12 05:00:00",3749.3
"2020-08-13 05:00:00",3755.61
"2020-08-14 05:00:00",3767.05
"2020-08-15 05:00:00",3783.15
"2020-08-16 05:00:00",3783.15
"2020-08-17 05:00:00",3783.15
"2020-08-18 05:00:00",3783.15
"2020-08-19 05:00:00",3784.15
"2020-08-20 05:00:00",3766.73
"2020-08-21 05:00:00",3792.13
"2020-08-22 05:00:00",3827.27
"2020-08-23 05:00:00",3827.27
"2020-08-24 05:00:00",3827.27
"2020-08-25 05:00:00",3843.69
"2020-08-26 05:00:00",3867.32
"2020-08-27 05:00:00",3846.64
"2020-08-28 05:00:00",3820.17
"2020-08-29 05:00:00",3760.38
"2020-08-30 05:00:00",3760.38
"2020-08-31 05:00:00",3760.38
"2020-09-01 05:00:00",3745.41
"2020-09-02 05:00:00",3683.28
"2020-09-03 05:00:00",3653.7
"2020-09-04 05:00:00",3653.23
"2020-09-05 05:00:00",3702.62
"2020-09-06 05:00:00",3702.62
"2020-09-07 05:00:00",3702.62
"2020-09-08 05:00:00",3702.62
"2020-09-09 05:00:00",3757.21
"2020-09-10 05:00:00",3717.25
"2020-09-11 05:00:00",3700.28
"2020-09-12 05:00:00",3709
"2020-09-13 05:00:00",3709
"2020-09-14 05:00:00",3709
"2020-09-15 05:00:00",3697
"2020-09-16 05:00:00",3683.49
"2020-09-17 05:00:00",3703.86
"2020-09-18 05:00:00",3714.65
"2020-09-19 05:00:00",3725.37
"2020-09-20 05:00:00",3725.37
"2020-09-21 05:00:00",3725.37
"2020-09-22 05:00:00",3790.54
"2020-09-23 05:00:00",3813.3
"2020-09-24 05:00:00",3863.6
"2020-09-25 05:00:00",3873.8
"2020-09-26 05:00:00",3867.81
"2020-09-27 05:00:00",3867.81
"2020-09-28 05:00:00",3867.81
"2020-09-29 05:00:00",3859.9
"2020-09-30 05:00:00",3878.94
"2020-10-01 05:00:00",3865.47
"2020-10-02 05:00:00",3842.34
"2020-10-03 05:00:00",3881.8
"2020-10-04 05:00:00",3881.8
"2020-10-05 05:00:00",3881.8
"2020-10-06 05:00:00",3843.75
"2020-10-07 05:00:00",3826.77
"2020-10-08 05:00:00",3837.79
"2020-10-09 05:00:00",3839.73
"2020-10-10 05:00:00",3824.25
"2020-10-11 05:00:00",3824.25
"2020-10-12 05:00:00",3824.25
"2020-10-13 05:00:00",3824.25
"2020-10-14 05:00:00",3856.32
"2020-10-15 05:00:00",3843.59
"2020-10-16 05:00:00",3854.47
"2020-10-17 05:00:00",3846.48
"2020-10-18 05:00:00",3846.48
"2020-10-19 05:00:00",3846.48
"2020-10-20 05:00:00",3842.76
"2020-10-21 05:00:00",3830.79
"2020-10-22 05:00:00",3784.51
"2020-10-23 05:00:00",3776.73
"2020-10-24 05:00:00",3782.66
"2020-10-25 05:00:00",3782.66
"2020-10-26 05:00:00",3782.66
"2020-10-27 05:00:00",3812.82
"2020-10-28 05:00:00",3810.23
"2020-10-29 05:00:00",3841.46
"2020-10-30 05:00:00",3849.53
"2020-10-31 05:00:00",3858.56
"2020-11-01 05:00:00",3858.56
"2020-11-02 05:00:00",3858.56
"2020-11-03 05:00:00",3858.56
"2020-11-04 05:00:00",3823.45
"2020-11-05 05:00:00",3807.13
"2020-11-06 05:00:00",3763.82
"2020-11-07 05:00:00",3738.19
"2020-11-08 05:00:00",3738.19
"2020-11-09 05:00:00",3738.19
"2020-11-10 05:00:00",3646.15
"2020-11-11 05:00:00",3650.5
"2020-11-12 05:00:00",3650.5
"2020-11-13 05:00:00",3646.22
"2020-11-14 05:00:00",3639.95
"2020-11-15 05:00:00",3639.95
"2020-11-16 05:00:00",3639.95
"2020-11-17 05:00:00",3639.95
"2020-11-18 05:00:00",3635.19
"2020-11-19 05:00:00",3647.73
"2020-11-20 05:00:00",3647.1
"2020-11-21 05:00:00",3649.9
"2020-11-22 05:00:00",3649.9
"2020-11-23 05:00:00",3649.9
"2020-11-24 05:00:00",3632.92
"2020-11-25 05:00:00",3643.24
"2020-11-26 05:00:00",3620.39
"2020-11-27 05:00:00",3620.39
"2020-11-28 05:00:00",3611.44
"2020-11-29 05:00:00",3611.44
"2020-11-30 05:00:00",3611.44
"2020-12-01 05:00:00",3591.84
"2020-12-02 05:00:00",3558.57
"2020-12-03 05:00:00",3533.21
"2020-12-04 05:00:00",3481.44
"2020-12-05 05:00:00",3467.49
"2020-12-06 05:00:00",3467.49
"2020-12-07 05:00:00",3467.49
"2020-12-08 05:00:00",3487.65
"2020-12-09 05:00:00",3487.65
"2020-12-10 05:00:00",3465.76
"2020-12-11 05:00:00",3448.89
"2020-12-12 05:00:00",3433.45
"2020-12-13 05:00:00",3433.45
"2020-12-14 05:00:00",3433.45
"2020-12-15 05:00:00",3426.97
"2020-12-16 05:00:00",3422.44
"2020-12-17 05:00:00",3416.21
"2020-12-18 05:00:00",3410.82
"2020-12-19 05:00:00",3420.26
"2020-12-20 05:00:00",3420.26
"2020-12-21 05:00:00",3420.26
"2020-12-22 05:00:00",3442.41
"2020-12-23 05:00:00",3444.9
"2020-12-24 05:00:00",3482.51
"2020-12-25 05:00:00",3493.77
"2020-12-26 05:00:00",3493.77
"2020-12-27 05:00:00",3493.77
"2020-12-28 05:00:00",3493.77
"2020-12-29 05:00:00",3495.39
"2020-12-30 05:00:00",3482.1
"2020-12-31 05:00:00",3432.5
"2021-01-01 05:00:00",3432.5
"2021-01-02 05:00:00",3432.5
"2021-01-03 05:00:00",3432.5
"2021-01-04 05:00:00",3432.5
"2021-01-05 05:00:00",3420.78
"2021-01-06 05:00:00",3450.74
"2021-01-07 05:00:00",3428.04
"2021-01-08 05:00:00",3459.39
"2021-01-09 05:00:00",3478.11
"2021-01-10 05:00:00",3478.11
"2021-01-11 05:00:00",3478.11
"2021-01-12 05:00:00",3478.11
"2021-01-13 05:00:00",3487.65
"2021-01-14 05:00:00",3478.36
"2021-01-15 05:00:00",3469.76
"2021-01-16 05:00:00",3466.8
"2021-01-17 05:00:00",3466.8
"2021-01-18 05:00:00",3466.8
"2021-01-19 05:00:00",3466.8
"2021-01-20 05:00:00",3482.03
"2021-01-21 05:00:00",3476.19
"2021-01-22 05:00:00",3477.48
"2021-01-23 05:00:00",3525.25
"2021-01-24 05:00:00",3525.25
"2021-01-25 05:00:00",3525.25
"2021-01-26 05:00:00",3582.41
"2021-01-27 05:00:00",3591.48
"2021-01-28 05:00:00",3636.91
"2021-01-29 05:00:00",3585.44
"2021-01-30 05:00:00",3559.46
"2021-01-31 05:00:00",3559.46
"2021-02-01 05:00:00",3559.46
"2021-02-02 05:00:00",3561.37
"2021-02-03 05:00:00",3534.99
"2021-02-04 05:00:00",3522.57
"2021-02-05 05:00:00",3558.63
"2021-02-06 05:00:00",3543.28
"2021-02-07 05:00:00",3543.28
"2021-02-08 05:00:00",3543.28
"2021-02-09 05:00:00",3554.65
"2021-02-10 05:00:00",3583.23
"2021-02-11 05:00:00",3557.16
"2021-02-12 05:00:00",3525.45
"2021-02-13 05:00:00",3515.65
"2021-02-14 05:00:00",3515.65
"2021-02-15 05:00:00",3515.65
"2021-02-16 05:00:00",3515.65
"2021-02-17 05:00:00",3518.19
"2021-02-18 05:00:00",3545.84
"2021-02-19 05:00:00",3537.86
"2021-02-20 05:00:00",3555.4
"2021-02-21 05:00:00",3555.4
"2021-02-22 05:00:00",3555.4
"2021-02-23 05:00:00",3602.41
"2021-02-24 05:00:00",3590.37
"2021-02-25 05:00:00",3578.29
"2021-02-26 05:00:00",3588.23
"2021-02-27 05:00:00",3624.39
"2021-02-28 05:00:00",3624.39
"2021-03-01 05:00:00",3624.39
"2021-03-02 05:00:00",3622.36
"2021-03-03 05:00:00",3646.61
"2021-03-04 05:00:00",3676.94
"2021-03-05 05:00:00",3647.99
"2021-03-06 05:00:00",3640.2
"2021-03-07 05:00:00",3640.2
"2021-03-08 05:00:00",3640.2
"2021-03-09 05:00:00",3623.61
"2021-03-10 05:00:00",3598.77
"2021-03-11 05:00:00",3561.91
"2021-03-12 05:00:00",3534.62
"2021-03-13 05:00:00",3575.3
"2021-03-14 05:00:00",3575.3
"2021-03-15 05:00:00",3575.3
"2021-03-16 05:00:00",3575.63
"2021-03-17 05:00:00",3553.51
"2021-03-18 05:00:00",3578.02
"2021-03-19 05:00:00",3569.45
"2021-03-20 05:00:00",3553.34
"2021-03-21 05:00:00",3553.34
"2021-03-22 05:00:00",3553.34
"2021-03-23 05:00:00",3553.34
"2021-03-24 05:00:00",3589.82
"2021-03-25 05:00:00",3635.12
"2021-03-26 05:00:00",3658.22
"2021-03-27 05:00:00",3665.41
"2021-03-28 05:00:00",3665.41
"2021-03-29 05:00:00",3665.41
"2021-03-30 05:00:00",3705.85
"2021-03-31 05:00:00",3736.91
"2021-04-01 05:00:00",3678.62
"2021-04-02 05:00:00",3678.62
"2021-04-03 05:00:00",3678.62
"2021-04-04 05:00:00",3678.62
"2021-04-05 05:00:00",3678.62
"2021-04-06 05:00:00",3645.79
"2021-04-07 05:00:00",3645.14
"2021-04-08 05:00:00",3639.62
"2021-04-09 05:00:00",3634.07
"2021-04-10 05:00:00",3650.23
"2021-04-11 05:00:00",3650.23
"2021-04-12 05:00:00",3650.23
"2021-04-13 05:00:00",3653.57
"2021-04-14 05:00:00",3666.17
"2021-04-15 05:00:00",3665.49
"2021-04-16 05:00:00",3620.4
"2021-04-17 05:00:00",3595.57
"2021-04-18 05:00:00",3595.57
"2021-04-19 05:00:00",3595.57
"2021-04-20 05:00:00",3606.42
"2021-04-21 05:00:00",3636.26
"2021-04-22 05:00:00",3639.12
"2021-04-23 05:00:00",3630.81
"2021-04-24 05:00:00",3640.07
"2021-04-25 05:00:00",3640.07
"2021-04-26 05:00:00",3640.07
"2021-04-27 05:00:00",3659.62
"2021-04-28 05:00:00",3717.46
"2021-04-29 05:00:00",3699.74
"2021-04-30 05:00:00",3712.89
"2021-05-01 05:00:00",3740.14
"2021-05-02 05:00:00",3740.14
"2021-05-03 05:00:00",3740.14
"2021-05-04 05:00:00",3816.65
"2021-05-05 05:00:00",3831.35
"2021-05-06 05:00:00",3846.28
"2021-05-07 05:00:00",3800.33
"2021-05-08 05:00:00",3765.33
"2021-05-09 05:00:00",3765.33
"2021-05-10 05:00:00",3765.33
"2021-05-11 05:00:00",3714.94
"2021-05-12 05:00:00",3703.2
"2021-05-13 05:00:00",3734.09
"2021-05-14 05:00:00",3728.09
"2021-05-15 05:00:00",3682.84
"2021-05-16 05:00:00",3682.84
"2021-05-17 05:00:00",3682.84
"2021-05-18 05:00:00",3682.84
"2021-05-19 05:00:00",3655.74
"2021-05-20 05:00:00",3682.66
"2021-05-21 05:00:00",3721.57
"2021-05-22 05:00:00",3738.19
"2021-05-23 05:00:00",3738.19
"2021-05-24 05:00:00",3738.19
"2021-05-25 05:00:00",3750.66
"2021-05-26 05:00:00",3735.41
"2021-05-27 05:00:00",3747.48
"2021-05-28 05:00:00",3729.02
"2021-05-29 05:00:00",3715.28
"2021-05-30 05:00:00",3715.28
"2021-05-31 05:00:00",3715.28
"2021-06-01 05:00:00",3715.28
"2021-06-02 05:00:00",3671.38
"2021-06-03 05:00:00",3642.29
"2021-06-04 05:00:00",3657.41
"2021-06-05 05:00:00",3609.2
"2021-06-06 05:00:00",3609.2
"2021-06-07 05:00:00",3609.2
"2021-06-08 05:00:00",3609.2
"2021-06-09 05:00:00",3597.18
"2021-06-10 05:00:00",3588.41
"2021-06-11 05:00:00",3589.86
"2021-06-12 05:00:00",3626.02
"2021-06-13 05:00:00",3626.02
"2021-06-14 05:00:00",3626.02
"2021-06-15 05:00:00",3626.02
"2021-06-16 05:00:00",3693.35
"2021-06-17 05:00:00",3690.56
"2021-06-18 05:00:00",3730.45
"2021-06-19 05:00:00",3753.77
"2021-06-20 05:00:00",3753.77
"2021-06-21 05:00:00",3753.77
"2021-06-22 05:00:00",3758.08
"2021-06-23 05:00:00",3784.45
"2021-06-24 05:00:00",3773.11
"2021-06-25 05:00:00",3770.35
"2021-06-26 05:00:00",3739.03
"2021-06-27 05:00:00",3739.03
"2021-06-28 05:00:00",3739.03
"2021-06-29 05:00:00",3713.17
"2021-06-30 05:00:00",3756.67
"2021-07-01 05:00:00",3748.5
"2021-07-02 05:00:00",3775.53
"2021-07-03 05:00:00",3777.17
"2021-07-04 05:00:00",3777.17
"2021-07-05 05:00:00",3777.17
"2021-07-06 05:00:00",3777.17
"2021-07-07 05:00:00",3782.27
"2021-07-08 05:00:00",3815.22
"2021-07-09 05:00:00",3850.46
"2021-07-10 05:00:00",3829.46
"2021-07-11 05:00:00",3829.46
"2021-07-12 05:00:00",3829.46
"2021-07-13 05:00:00",3824.08
"2021-07-14 05:00:00",3826.85
"2021-07-15 05:00:00",3796.07
"2021-07-16 05:00:00",3809.07
"2021-07-17 05:00:00",3808.46
"2021-07-18 05:00:00",3808.46
"2021-07-19 05:00:00",3808.46
"2021-07-20 05:00:00",3842.97
"2021-07-21 05:00:00",3842.97
"2021-07-22 05:00:00",3855.68
"2021-07-23 05:00:00",3866.86
"2021-07-24 05:00:00",3874.44
"2021-07-25 05:00:00",3874.44
"2021-07-26 05:00:00",3874.44
"2021-07-27 05:00:00",3904.17
"2021-07-28 05:00:00",3918.49
"2021-07-29 05:00:00",3902.18
"2021-07-30 05:00:00",3836.95
"2021-07-31 05:00:00",3867.88
"2021-08-01 05:00:00",3867.88
"2021-08-02 05:00:00",3867.88
"2021-08-03 05:00:00",3865.46
"2021-08-04 05:00:00",3913.59
"2021-08-05 05:00:00",3911.36
"2021-08-06 05:00:00",3910.81
"2021-08-07 05:00:00",3949.33
"2021-08-08 05:00:00",3949.33
"2021-08-09 05:00:00",3949.33
"2021-08-10 05:00:00",3988.27
"2021-08-11 05:00:00",3979.8
"2021-08-12 05:00:00",3950.43
"2021-08-13 05:00:00",3887.07
"2021-08-14 05:00:00",3830.25
"2021-08-15 05:00:00",3830.25
"2021-08-16 05:00:00",3830.25
"2021-08-17 05:00:00",3830.25
"2021-08-18 05:00:00",3868.41
"2021-08-19 05:00:00",3861.33
"2021-08-20 05:00:00",3876.08
"2021-08-21 05:00:00",3874.95
"2021-08-22 05:00:00",3874.95
"2021-08-23 05:00:00",3874.95
"2021-08-24 05:00:00",3867.73
"2021-08-25 05:00:00",3861.88
"2021-08-26 05:00:00",3865.04
"2021-08-27 05:00:00",3870.57
"2021-08-28 05:00:00",3834.13
"2021-08-29 05:00:00",3834.13
"2021-08-30 05:00:00",3834.13
"2021-08-31 05:00:00",3806.87
"2021-09-01 05:00:00",3774
"2021-09-02 05:00:00",3753.3
"2021-09-03 05:00:00",3780.85
"2021-09-04 05:00:00",3790.04
"2021-09-05 05:00:00",3790.04
"2021-09-06 05:00:00",3790.04
"2021-09-07 05:00:00",3790.04
"2021-09-08 05:00:00",3812.76
"2021-09-09 05:00:00",3816.14
"2021-09-10 05:00:00",3829.72
"2021-09-11 05:00:00",3836.85
"2021-09-12 05:00:00",3836.85
"2021-09-13 05:00:00",3836.85
"2021-09-14 05:00:00",3835.27
"2021-09-15 05:00:00",3830.83
"2021-09-16 05:00:00",3825.36
"2021-09-17 05:00:00",3818.16
"2021-09-18 05:00:00",3828.18
"2021-09-19 05:00:00",3828.18
"2021-09-20 05:00:00",3828.18
"2021-09-21 05:00:00",3851.22
"2021-09-22 05:00:00",3843.77
"2021-09-23 05:00:00",3834.66
"2021-09-24 05:00:00",3835.67
"2021-09-25 05:00:00",3844.88
"2021-09-26 05:00:00",3844.88
"2021-09-27 05:00:00",3844.88
"2021-09-28 05:00:00",3837.91
"2021-09-29 05:00:00",3841.94
"2021-09-30 05:00:00",3834.68
"2021-10-01 05:00:00",3812.77
"2021-10-02 05:00:00",3781.35
"2021-10-03 05:00:00",3781.35
"2021-10-04 05:00:00",3781.35
"2021-10-05 05:00:00",3786.05
"2021-10-06 05:00:00",3796.3
"2021-10-07 05:00:00",3788.03
"2021-10-08 05:00:00",3772.44
"2021-10-09 05:00:00",3765.8
"2021-10-10 05:00:00",3765.8
"2021-10-11 05:00:00",3765.8
"2021-10-12 05:00:00",3765.8
"2021-10-13 05:00:00",3738.48
"2021-10-14 05:00:00",3725.75
"2021-10-15 05:00:00",3755.29
"2021-10-16 05:00:00",3772.49
"2021-10-17 05:00:00",3772.49
"2021-10-18 05:00:00",3772.49
"2021-10-19 05:00:00",3772.49
"2021-10-20 05:00:00",3766.94
"2021-10-21 05:00:00",3770.58
"2021-10-22 05:00:00",3783.3
"2021-10-23 05:00:00",3780.38
"2021-10-24 05:00:00",3780.38
"2021-10-25 05:00:00",3780.38
"2021-10-26 05:00:00",3769.98
"2021-10-27 05:00:00",3774.46
"2021-10-28 05:00:00",3761.21
"2021-10-29 05:00:00",3766.1
"2021-10-30 05:00:00",3784.44
"2021-10-31 05:00:00",3784.44
"2021-11-01 05:00:00",3784.44
"2021-11-02 05:00:00",3784.44
"2021-11-03 05:00:00",3778.69
"2021-11-04 05:00:00",3837.84
"2021-11-05 05:00:00",3847.4
"2021-11-06 05:00:00",3881.76
"2021-11-07 05:00:00",3881.76
"2021-11-08 05:00:00",3881.76
"2021-11-09 05:00:00",3874.41
"2021-11-10 05:00:00",3876.86
"2021-11-11 05:00:00",3875.38
"2021-11-12 05:00:00",3875.38
"2021-11-13 05:00:00",3888.53
"2021-11-14 05:00:00",3888.53
"2021-11-15 05:00:00",3888.53
"2021-11-16 05:00:00",3888.53
"2021-11-17 05:00:00",3898.84
"2021-11-18 05:00:00",3907.95
"2021-11-19 05:00:00",3943.43
"2021-11-20 05:00:00",3923.53
"2021-11-21 05:00:00",3923.53
"2021-11-22 05:00:00",3923.53
"2021-11-23 05:00:00",3913.26
"2021-11-24 05:00:00",3944.37
"2021-11-25 05:00:00",3969.49
"2021-11-26 05:00:00",3969.49
"2021-11-27 05:00:00",4008.13
"2021-11-28 05:00:00",4008.13
"2021-11-29 05:00:00",4008.13
"2021-11-30 05:00:00",4010.98
"2021-12-01 05:00:00",4004.54
"2021-12-02 05:00:00",3953.26
"2021-12-03 05:00:00",3945.18
"2021-12-04 05:00:00",3948.33
"2021-12-05 05:00:00",3948.33
"2021-12-06 05:00:00",3948.33
"2021-12-07 05:00:00",3944
"2021-12-08 05:00:00",3906.1
"2021-12-09 05:00:00",3906.1
"2021-12-10 05:00:00",3899.87
"2021-12-11 05:00:00",3887.71
"2021-12-12 05:00:00",3887.71
"2021-12-13 05:00:00",3887.71
"2021-12-14 05:00:00",3886.87
"2021-12-15 05:00:00",3936.41
"2021-12-16 05:00:00",3990.27
"2021-12-17 05:00:00",4002.97
"2021-12-18 05:00:00",3999.85
"2021-12-19 05:00:00",3999.85
"2021-12-20 05:00:00",3999.85
"2021-12-21 05:00:00",4002.12
"2021-12-22 05:00:00",3996.28
"2021-12-23 05:00:00",3997.71
"2021-12-24 05:00:00",3997.09
"2021-12-25 05:00:00",3994.15
"2021-12-26 05:00:00",3994.15
"2021-12-27 05:00:00",3994.15
"2021-12-28 05:00:00",3989.41
"2021-12-29 05:00:00",4004
"2021-12-30 05:00:00",4023.68
"2021-12-31 05:00:00",3981.16
"2022-01-01 05:00:00",3981.16
"2022-01-02 05:00:00",3981.16
"2022-01-03 05:00:00",3981.16
"2022-01-04 05:00:00",4082.75
"2022-01-05 05:00:00",4084.11
"2022-01-06 05:00:00",4042.36
"2022-01-07 05:00:00",4039.31
"2022-01-08 05:00:00",4043.46
"2022-01-09 05:00:00",4043.46
"2022-01-10 05:00:00",4043.46
"2022-01-11 05:00:00",4043.46
"2022-01-12 05:00:00",4011.65
"2022-01-13 05:00:00",3970.08
"2022-01-14 05:00:00",3950.4
"2022-01-15 05:00:00",3993.65
"2022-01-16 05:00:00",3993.65
"2022-01-17 05:00:00",3993.65
"2022-01-18 05:00:00",3993.65
"2022-01-19 05:00:00",4033.37
"2022-01-20 05:00:00",4003.95
"2022-01-21 05:00:00",3980.8
"2022-01-22 05:00:00",3964.3
"2022-01-23 05:00:00",3964.3
"2022-01-24 05:00:00",3964.3
"2022-01-25 05:00:00",3977.51
"2022-01-26 05:00:00",3987.32
"2022-01-27 05:00:00",3947.83
"2022-01-28 05:00:00",3944.04
"2022-01-29 05:00:00",3982.6
"2022-01-30 05:00:00",3982.6
"2022-01-31 05:00:00",3982.6
"2022-02-01 05:00:00",3942.73
"2022-02-02 05:00:00",3923.61
"2022-02-03 05:00:00",3928.05
"2022-02-04 05:00:00",3951.96
"2022-02-05 05:00:00",3962.68
"2022-02-06 05:00:00",3962.68
"2022-02-07 05:00:00",3962.68
"2022-02-08 05:00:00",3963.84
"2022-02-09 05:00:00",3965.41
"2022-02-10 05:00:00",3939.31
"2022-02-11 05:00:00",3917.75
"2022-02-12 05:00:00",3917.52
"2022-02-13 05:00:00",3917.52
"2022-02-14 05:00:00",3917.52
"2022-02-15 05:00:00",3938.97
"2022-02-16 05:00:00",3946.88
"2022-02-17 05:00:00",3963.72
"2022-02-18 05:00:00",3953.26
"2022-02-19 05:00:00",3927.25
"2022-02-20 05:00:00",3927.25
"2022-02-21 05:00:00",3927.25
"2022-02-22 05:00:00",3927.25
"2022-02-23 05:00:00",3932.4
"2022-02-24 05:00:00",3913.79
"2022-02-25 05:00:00",3940.2
"2022-02-26 05:00:00",3910.64
"2022-02-27 05:00:00",3910.64
"2022-02-28 05:00:00",3910.64
"2022-03-01 05:00:00",3910.28
"2022-03-02 05:00:00",3901.62
"2022-03-03 05:00:00",3862.95
"2022-03-04 05:00:00",3771.77
"2022-03-05 05:00:00",3806.11
"2022-03-06 05:00:00",3806.11
"2022-03-07 05:00:00",3806.11
"2022-03-08 05:00:00",3813.41
"2022-03-09 05:00:00",3787.18
"2022-03-10 05:00:00",3746.43
"2022-03-11 05:00:00",3786
"2022-03-12 05:00:00",3827.64
"2022-03-13 05:00:00",3827.64
"2022-03-14 05:00:00",3827.64
"2022-03-15 05:00:00",3800.85
"2022-03-16 05:00:00",3836.56
"2022-03-17 05:00:00",3826.89
"2022-03-18 05:00:00",3816.43
"2022-03-19 05:00:00",3820.67
"2022-03-20 05:00:00",3820.67
"2022-03-21 05:00:00",3820.67
"2022-03-22 05:00:00",3820.67
"2022-03-23 05:00:00",3765.67
"2022-03-24 05:00:00",3756.64
"2022-03-25 05:00:00",3798.9
"2022-03-26 05:00:00",3785.66
"2022-03-27 05:00:00",3785.66
"2022-03-28 05:00:00",3785.66
"2022-03-29 05:00:00",3785.7
"2022-03-30 05:00:00",3765.96
"2022-03-31 05:00:00",3748.15
"2022-04-01 05:00:00",3756.03
"2022-04-02 05:00:00",3774.79
"2022-04-03 05:00:00",3774.79
"2022-04-04 05:00:00",3774.79
"2022-04-05 05:00:00",3706.95
"2022-04-06 05:00:00",3723.79
"2022-04-07 05:00:00",3746.51
"2022-04-08 05:00:00",3771.83
"2022-04-09 05:00:00",3777.41
"2022-04-10 05:00:00",3777.41
"2022-04-11 05:00:00",3777.41
"2022-04-12 05:00:00",3744.16
"2022-04-13 05:00:00",3736.7
"2022-04-14 05:00:00",3737.32
"2022-04-15 05:00:00",3737.32
"2022-04-16 05:00:00",3737.32
"2022-04-17 05:00:00",3737.32
"2022-04-18 05:00:00",3737.32
"2022-04-19 05:00:00",3731.31
"2022-04-20 05:00:00",3755.85
"2022-04-21 05:00:00",3758.65
"2022-04-22 05:00:00",3759.54
"2022-04-23 05:00:00",3819.07
"2022-04-24 05:00:00",3819.07
"2022-04-25 05:00:00",3819.07
"2022-04-26 05:00:00",3931.74
"2022-04-27 05:00:00",3947.63
"2022-04-28 05:00:00",3967.32
"2022-04-29 05:00:00",3984.77
"2022-04-30 05:00:00",3966.27
"2022-05-01 05:00:00",3966.27
"2022-05-02 05:00:00",3966.27
"2022-05-03 05:00:00",4004.07
"2022-05-04 05:00:00",4016.34
"2022-05-05 05:00:00",4056.41
"2022-05-06 05:00:00",4086.08
"2022-05-07 05:00:00",4053.93
"2022-05-08 05:00:00",4053.93
"2022-05-09 05:00:00",4053.93
"2022-05-10 05:00:00",4085.76
"2022-05-11 05:00:00",4086.71
"2022-05-12 05:00:00",4080.32
"2022-05-13 05:00:00",4109.71
"2022-05-14 05:00:00",4110.53
"2022-05-15 05:00:00",4110.53
"2022-05-16 05:00:00",4110.53
"2022-05-17 05:00:00",4070.25
"2022-05-18 05:00:00",4033.85
"2022-05-19 05:00:00",4054.71
"2022-05-20 05:00:00",4050.88
"2022-05-21 05:00:00",3989.84
"2022-05-22 05:00:00",3989.84
"2022-05-23 05:00:00",3989.84
"2022-05-24 05:00:00",3950.35
"2022-05-25 05:00:00",3971.28
"2022-05-26 05:00:00",3959.05
"2022-05-27 05:00:00",3930.89
"2022-05-28 05:00:00",3912.34
"2022-05-29 05:00:00",3912.34
"2022-05-30 05:00:00",3912.34
"2022-05-31 05:00:00",3912.34
"2022-06-01 05:00:00",3776.52
"2022-06-02 05:00:00",3791.74
"2022-06-03 05:00:00",3784.98
"2022-06-04 05:00:00",3771.63
"2022-06-05 05:00:00",3771.63
"2022-06-06 05:00:00",3771.63
"2022-06-07 05:00:00",3799.5
"2022-06-08 05:00:00",3790.88
"2022-06-09 05:00:00",3782.65
"2022-06-10 05:00:00",3833.34
"2022-06-11 05:00:00",3912.51
"2022-06-12 05:00:00",3912.51
"2022-06-13 05:00:00",3912.51
"2022-06-14 05:00:00",4016.5
"2022-06-15 05:00:00",3979.3
"2022-06-16 05:00:00",3923.96
"2022-06-17 05:00:00",3912.15
"2022-06-18 05:00:00",3905.05
"2022-06-19 05:00:00",3905.05
"2022-06-20 05:00:00",3905.05
"2022-06-21 05:00:00",3905.05
"2022-06-22 05:00:00",4026.92
"2022-06-23 05:00:00",4026.52
"2022-06-24 05:00:00",4068.75
"2022-06-25 05:00:00",4129.87
"2022-06-26 05:00:00",4129.87
"2022-06-27 05:00:00",4129.87
"2022-06-28 05:00:00",4129.87
"2022-06-29 05:00:00",4089.72
"2022-06-30 05:00:00",4127.47
"2022-07-01 05:00:00",4151.21
"2022-07-02 05:00:00",4198.77
"2022-07-03 05:00:00",4198.77
"2022-07-04 05:00:00",4198.77
"2022-07-05 05:00:00",4198.77
"2022-07-06 05:00:00",4259.86
"2022-07-07 05:00:00",4348.68
"2022-07-08 05:00:00",4369.7
"2022-07-09 05:00:00",4388.27
"2022-07-10 05:00:00",4388.27
"2022-07-11 05:00:00",4388.27
"2022-07-12 05:00:00",4513.28
"2022-07-13 05:00:00",4627.46
"2022-07-14 05:00:00",4558.05
"2022-07-15 05:00:00",4519.65
"2022-07-16 05:00:00",4395.63
"2022-07-17 05:00:00",4395.63
"2022-07-18 05:00:00",4395.63
"2022-07-19 05:00:00",4315.41
"2022-07-20 05:00:00",4303.34
"2022-07-21 05:00:00",4303.34
"2022-07-22 05:00:00",4410.14
"2022-07-23 05:00:00",4423.86
"2022-07-24 05:00:00",4423.86
"2022-07-25 05:00:00",4423.86
"2022-07-26 05:00:00",4461.63
"2022-07-27 05:00:00",4445.01
"2022-07-28 05:00:00",4420.75
"2022-07-29 05:00:00",4375.51
"2022-07-30 05:00:00",4300.3
"2022-07-31 05:00:00",4300.3
"2022-08-01 05:00:00",4300.3
"2022-08-02 05:00:00",4245.99
"2022-08-03 05:00:00",4313.3
"2022-08-04 05:00:00",4331.15
"2022-08-05 05:00:00",4268.3
"2022-08-06 05:00:00",4337.28
"2022-08-07 05:00:00",4337.28
"2022-08-08 05:00:00",4337.28
"2022-08-09 05:00:00",4307.09
"2022-08-10 05:00:00",4309.69
"2022-08-11 05:00:00",4273.82
"2022-08-12 05:00:00",4231.45
"2022-08-13 05:00:00",4185.49
"2022-08-14 05:00:00",4185.49
"2022-08-15 05:00:00",4185.49
"2022-08-16 05:00:00",4185.49
"2022-08-17 05:00:00",4218.48
"2022-08-18 05:00:00",4316.47
"2022-08-19 05:00:00",4413.86
"2022-08-20 05:00:00",4400.25
"2022-08-21 05:00:00",4400.25
"2022-08-22 05:00:00",4400.25
"2022-08-23 05:00:00",4399.16
"2022-08-24 05:00:00",4374.45
"2022-08-25 05:00:00",4380.19
"2022-08-26 05:00:00",4407.95
"2022-08-27 05:00:00",4388.02
"2022-08-28 05:00:00",4388.02
"2022-08-29 05:00:00",4388.02
"2022-08-30 05:00:00",4386.13
"2022-08-31 05:00:00",4400.16
"2022-09-01 05:00:00",4422.77
"2022-09-02 05:00:00",4467.03
"2022-09-03 05:00:00",4466.73
"2022-09-04 05:00:00",4466.73
"2022-09-05 05:00:00",4466.73
"2022-09-06 05:00:00",4466.73
"2022-09-07 05:00:00",4480.1
"2022-09-08 05:00:00",4446.36
"2022-09-09 05:00:00",4396.69
"2022-09-10 05:00:00",4365.32
"2022-09-11 05:00:00",4365.32
"2022-09-12 05:00:00",4365.32
"2022-09-13 05:00:00",4346.91
"2022-09-14 05:00:00",4413.89
"2022-09-15 05:00:00",4389.8
"2022-09-16 05:00:00",4404.64
"2022-09-17 05:00:00",4435.84
"2022-09-18 05:00:00",4435.84
"2022-09-19 05:00:00",4435.84
"2022-09-20 05:00:00",4415.11
"2022-09-21 05:00:00",4420.38
"2022-09-22 05:00:00",4403.82
"2022-09-23 05:00:00",4379.8
"2022-09-24 05:00:00",4426.47
"2022-09-25 05:00:00",4426.47
"2022-09-26 05:00:00",4426.47
"2022-09-27 05:00:00",4496.99
"2022-09-28 05:00:00",4556.42
"2022-09-29 05:00:00",4486.94
"2022-09-30 05:00:00",4532.07
"2022-10-01 05:00:00",4590.54
"2022-10-02 05:00:00",4590.54
"2022-10-03 05:00:00",4590.54
"2022-10-04 05:00:00",4545.66
"2022-10-05 05:00:00",4484.74
"2022-10-06 05:00:00",4548.89
"2022-10-07 05:00:00",4627.61
"2022-10-08 05:00:00",4605.29
"2022-10-09 05:00:00",4605.29
"2022-10-10 05:00:00",4605.29
"2022-10-11 05:00:00",4605.29
"2022-10-12 05:00:00",4611.88
"2022-10-13 05:00:00",4611.18
"2022-10-14 05:00:00",4619.78
"2022-10-15 05:00:00",4636.83
"2022-10-16 05:00:00",4636.83
"2022-10-17 05:00:00",4636.83
"2022-10-18 05:00:00",4636.83
"2022-10-19 05:00:00",4744.04
"2022-10-20 05:00:00",4815.09
"2022-10-21 05:00:00",4885.5
"2022-10-22 05:00:00",4913.24
"2022-10-23 05:00:00",4913.24
"2022-10-24 05:00:00",4913.24
"2022-10-25 05:00:00",4968.94
"2022-10-26 05:00:00",4948.14
"2022-10-27 05:00:00",4895.29
"2022-10-28 05:00:00",4821.92
"2022-10-29 05:00:00",4819.42
"2022-10-30 05:00:00",4819.42
"2022-10-31 05:00:00",4819.42
"2022-11-01 05:00:00",4898.74
"2022-11-02 05:00:00",4975.58
"2022-11-03 05:00:00",5015.84
"2022-11-04 05:00:00",5058.02
"2022-11-05 05:00:00",5061.21
"2022-11-06 05:00:00",5061.21
"2022-11-07 05:00:00",5061.21
"2022-11-08 05:00:00",5061.21
"2022-11-09 05:00:00",5013.2
"2022-11-10 05:00:00",4914.71
"2022-11-11 05:00:00",4806.07
"2022-11-12 05:00:00",4806.07
"2022-11-13 05:00:00",4806.07
"2022-11-14 05:00:00",4806.07
"2022-11-15 05:00:00",4806.07
"2022-11-16 05:00:00",4801.06
"2022-11-17 05:00:00",4922.7
"2022-11-18 05:00:00",5022.03
"2022-11-19 05:00:00",4994.61
"2022-11-20 05:00:00",4994.61
"2022-11-21 05:00:00",4994.61
"2022-11-22 05:00:00",4958.42
"2022-11-23 05:00:00",4914.34
"2022-11-24 05:00:00",4875.91
"2022-11-25 05:00:00",4875.91
"2022-11-26 05:00:00",4881.41
"2022-11-27 05:00:00",4881.41
"2022-11-28 05:00:00",4881.41
"2022-11-29 05:00:00",4840.6
"2022-11-30 05:00:00",4809.51
"2022-12-01 05:00:00",4815.59
"2022-12-02 05:00:00",4779.06
"2022-12-03 05:00:00",4767.19
"2022-12-04 05:00:00",4767.19
"2022-12-05 05:00:00",4767.19
"2022-12-06 05:00:00",4812.37
"2022-12-07 05:00:00",4818.32
"2022-12-08 05:00:00",4825.83
"2022-12-09 05:00:00",4825.83
"2022-12-10 05:00:00",4815.99
"2022-12-11 05:00:00",4815.99
"2022-12-12 05:00:00",4815.99
"2022-12-13 05:00:00",4836.24
"2022-12-14 05:00:00",4791.57
"2022-12-15 05:00:00",4778.28
"2022-12-16 05:00:00",4797.02
"2022-12-17 05:00:00",4802.48
"2022-12-18 05:00:00",4802.48
"2022-12-19 05:00:00",4802.48
"2022-12-20 05:00:00",4781.28
"2022-12-21 05:00:00",4769.29
"2022-12-22 05:00:00",4761.64
"2022-12-23 05:00:00",4760.61
"2022-12-24 05:00:00",4745.04
"2022-12-25 05:00:00",4745.04
"2022-12-26 05:00:00",4745.04
"2022-12-27 05:00:00",4745.04
"2022-12-28 05:00:00",4766.82
"2022-12-29 05:00:00",4765.92
"2022-12-30 05:00:00",4810.2
"2022-12-31 05:00:00",4810.2
"2023-01-01 05:00:00",4810.2
"2023-01-02 05:00:00",4810.2
"2023-01-03 05:00:00",4810.2
"2023-01-04 05:00:00",4842.26
"2023-01-05 05:00:00",4924
"2023-01-06 05:00:00",4989.58
"2023-01-07 05:00:00",4885.66
"2023-01-08 05:00:00",4885.66
"2023-01-09 05:00:00",4885.66
"2023-01-10 05:00:00",4885.66
"2023-01-11 05:00:00",4807.85
"2023-01-12 05:00:00",4748.54
"2023-01-13 05:00:00",4692.04
"2023-01-14 05:00:00",4693.99
"2023-01-15 05:00:00",4693.99
"2023-01-16 05:00:00",4693.99
"2023-01-17 05:00:00",4693.99
"2023-01-18 05:00:00",4691.09
"2023-01-19 05:00:00",4702.67
"2023-01-20 05:00:00",4683.85
"2023-01-21 05:00:00",4631.64
"2023-01-22 05:00:00",4631.64
"2023-01-23 05:00:00",4631.64
"2023-01-24 05:00:00",4551.02
"2023-01-25 05:00:00",4545.94
"2023-01-26 05:00:00",4538.91
"2023-01-27 05:00:00",4531.75
"2023-01-28 05:00:00",4548.5
"2023-01-29 05:00:00",4548.5
"2023-01-30 05:00:00",4548.5
"2023-01-31 05:00:00",4632.2
"2023-02-01 05:00:00",4648.7
"2023-02-02 05:00:00",4639.04
"2023-02-03 05:00:00",4584.44
"2023-02-04 05:00:00",4669.74
"2023-02-05 05:00:00",4669.74
"2023-02-06 05:00:00",4669.74
"2023-02-07 05:00:00",4776.25
"2023-02-08 05:00:00",4775.99
"2023-02-09 05:00:00",4769.85
"2023-02-10 05:00:00",4742.05
"2023-02-11 05:00:00",4777.73
"2023-02-12 05:00:00",4777.73
"2023-02-13 05:00:00",4777.73
"2023-02-14 05:00:00",4818.62
"2023-02-15 05:00:00",4783.24
"2023-02-16 05:00:00",4878.24
"2023-02-17 05:00:00",4966.33
"2023-02-18 05:00:00",4918.94
"2023-02-19 05:00:00",4918.94
"2023-02-20 05:00:00",4918.94
"2023-02-21 05:00:00",4918.94
"2023-02-22 05:00:00",4950.33
"2023-02-23 05:00:00",4924.91
"2023-02-24 05:00:00",4853.9
"2023-02-25 05:00:00",4849.65
"2023-02-26 05:00:00",4849.65
"2023-02-27 05:00:00",4849.65
"2023-02-28 05:00:00",4808.14
"2023-03-01 05:00:00",4814.11
"2023-03-02 05:00:00",4848.78
"2023-03-03 05:00:00",4855.83
"2023-03-04 05:00:00",4780.89
"2023-03-05 05:00:00",4780.89
"2023-03-06 05:00:00",4780.89
"2023-03-07 05:00:00",4734.42
"2023-03-08 05:00:00",4744.95
"2023-03-09 05:00:00",4755.59
"2023-03-10 05:00:00",4748.61
"2023-03-11 05:00:00",4748.14
"2023-03-12 05:00:00",4748.14
"2023-03-13 05:00:00",4748.14
"2023-03-14 05:00:00",4769.76
"2023-03-15 05:00:00",4736.03
"2023-03-16 05:00:00",4835.51
"2023-03-17 05:00:00",4866.5
"2023-03-18 05:00:00",4824.25
"2023-03-19 05:00:00",4824.25
"2023-03-20 05:00:00",4824.25
"2023-03-21 05:00:00",4824.25
"2023-03-22 05:00:00",4804.29
"2023-03-23 05:00:00",4776.09
"2023-03-24 05:00:00",4755.12
"2023-03-25 05:00:00",4741.76
"2023-03-26 05:00:00",4741.76
"2023-03-27 05:00:00",4741.76
"2023-03-28 05:00:00",4686.83
"2023-03-29 05:00:00",4658.79
"2023-03-30 05:00:00",4627.63
"2023-03-31 05:00:00",4627.27
"2023-04-01 05:00:00",4646.08
"2023-04-02 05:00:00",4646.08
"2023-04-03 05:00:00",4646.08
"2023-04-04 05:00:00",4603
"2023-04-05 05:00:00",4587.31
"2023-04-06 05:00:00",4570.91
"2023-04-07 05:00:00",4570.91
"2023-04-08 05:00:00",4570.91
"2023-04-09 05:00:00",4570.91
"2023-04-10 05:00:00",4570.91
"2023-04-11 05:00:00",4564.24
"2023-04-12 05:00:00",4516.76
"2023-04-13 05:00:00",4458.87
"2023-04-14 05:00:00",4424.02
"2023-04-15 05:00:00",4425.27
"2023-04-16 05:00:00",4425.27
"2023-04-17 05:00:00",4425.27
"2023-04-18 05:00:00",4431.45
"2023-04-19 05:00:00",4473.07
"2023-04-20 05:00:00",4532.43
"2023-04-21 05:00:00",4535.78
"2023-04-22 05:00:00",4523.64
"2023-04-23 05:00:00",4523.64
"2023-04-24 05:00:00",4523.64
"2023-04-25 05:00:00",4482.45
"2023-04-26 05:00:00",4486.6
"2023-04-27 05:00:00",4552.59
"2023-04-28 05:00:00",4654.14
"2023-04-29 05:00:00",4669
"2023-04-30 05:00:00",4669
"2023-05-01 05:00:00",4669
"2023-05-02 05:00:00",4669
"2023-05-03 05:00:00",4713.08
"2023-05-04 05:00:00",4667.09
"2023-05-05 05:00:00",4616.58
"2023-05-06 05:00:00",4552.56
"2023-05-07 05:00:00",4552.56
"2023-05-08 05:00:00",4552.56
"2023-05-09 05:00:00",4490.58
"2023-05-10 05:00:00",4540.34
"2023-05-11 05:00:00",4545.39
"2023-05-12 05:00:00",4601.15
"2023-05-13 05:00:00",4564.44
"2023-05-14 05:00:00",4564.44
"2023-05-15 05:00:00",4564.44
"2023-05-16 05:00:00",4506.49
"2023-05-17 05:00:00",4531.58
"2023-05-18 05:00:00",4528.3
"2023-05-19 05:00:00",4521.64
"2023-05-20 05:00:00",4528.67
"2023-05-21 05:00:00",4528.67
"2023-05-22 05:00:00",4528.67
"2023-05-23 05:00:00",4528.67
"2023-05-24 05:00:00",4501.81
"2023-05-25 05:00:00",4448.93
"2023-05-26 05:00:00",4470.83
"2023-05-27 05:00:00",4461.66
"2023-05-28 05:00:00",4461.66
"2023-05-29 05:00:00",4461.66
"2023-05-30 05:00:00",4461.66
"2023-05-31 05:00:00",4408.65
"2023-06-01 05:00:00",4434.09
"2023-06-02 05:00:00",4410.49
"2023-06-03 05:00:00",4355.8
"2023-06-04 05:00:00",4355.8
"2023-06-05 05:00:00",4355.8
"2023-06-06 05:00:00",4307.02
"2023-06-07 05:00:00",4245
"2023-06-08 05:00:00",4209.14
"2023-06-09 05:00:00",4179.98
"2023-06-10 05:00:00",4173.66
"2023-06-11 05:00:00",4173.66
"2023-06-12 05:00:00",4173.66
"2023-06-13 05:00:00",4173.66
"2023-06-14 05:00:00",4186.3
"2023-06-15 05:00:00",4182.33
"2023-06-16 05:00:00",4164.66
"2023-06-17 05:00:00",4145.72
"2023-06-18 05:00:00",4145.72
"2023-06-19 05:00:00",4145.72
"2023-06-20 05:00:00",4145.72
"2023-06-21 05:00:00",4149.18
"2023-06-22 05:00:00",4158.21
"2023-06-23 05:00:00",4114.39
"2023-06-24 05:00:00",4168.88
"2023-06-25 05:00:00",4168.88
"2023-06-26 05:00:00",4168.88
"2023-06-27 05:00:00",4172.33
"2023-06-28 05:00:00",4152.48
"2023-06-29 05:00:00",4169.6
"2023-06-30 05:00:00",4191.28
"2023-07-01 05:00:00",4177.58
"2023-07-02 05:00:00",4177.58
"2023-07-03 05:00:00",4177.58
"2023-07-04 05:00:00",4177.58
"2023-07-05 05:00:00",4177.58
"2023-07-06 05:00:00",4128.08
"2023-07-07 05:00:00",4195.93
"2023-07-08 05:00:00",4189.96
"2023-07-09 05:00:00",4189.96
"2023-07-10 05:00:00",4189.96
"2023-07-11 05:00:00",4154.06
"2023-07-12 05:00:00",4193.59
"2023-07-13 05:00:00",4128.67
"2023-07-14 05:00:00",4102.13
"2023-07-15 05:00:00",4089.3
"2023-07-16 05:00:00",4089.3
"2023-07-17 05:00:00",4089.3
"2023-07-18 05:00:00",4069.39
"2023-07-19 05:00:00",3991.15
"2023-07-20 05:00:00",3980.2
"2023-07-21 05:00:00",3980.2
"2023-07-22 05:00:00",3971.38
"2023-07-23 05:00:00",3971.38
"2023-07-24 05:00:00",3971.38
"2023-07-25 05:00:00",3950.58
"2023-07-26 05:00:00",3978.83
"2023-07-27 05:00:00",3951.1
"2023-07-28 05:00:00",3932.04
"2023-07-29 05:00:00",3923.49
"2023-07-30 05:00:00",3923.49
"2023-07-31 05:00:00",3923.49
"2023-08-01 05:00:00",3898.48
"2023-08-02 05:00:00",4007.44
"2023-08-03 05:00:00",4056.99
"2023-08-04 05:00:00",4144.79
"2023-08-05 05:00:00",4077.9
"2023-08-06 05:00:00",4077.9
"2023-08-07 05:00:00",4077.9
"2023-08-08 05:00:00",4077.9
"2023-08-09 05:00:00",4076.46
"2023-08-10 05:00:00",4031.65
"2023-08-11 05:00:00",3955.23
"2023-08-12 05:00:00",3973.41
"2023-08-13 05:00:00",3973.41
"2023-08-14 05:00:00",3973.41
"2023-08-15 05:00:00",4029.95
"2023-08-16 05:00:00",4096.08
"2023-08-17 05:00:00",4130.33
"2023-08-18 05:00:00",4093.96
"2023-08-19 05:00:00",4124.04
"2023-08-20 05:00:00",4124.04
"2023-08-21 05:00:00",4124.04
"2023-08-22 05:00:00",4124.04
"2023-08-23 05:00:00",4120.07
"2023-08-24 05:00:00",4085.89
"2023-08-25 05:00:00",4076.9
"2023-08-26 05:00:00",4117.78
"2023-08-27 05:00:00",4117.78
"2023-08-28 05:00:00",4117.78
"2023-08-29 05:00:00",4111.52
"2023-08-30 05:00:00",4110.08
"2023-08-31 05:00:00",4085.33
"2023-09-01 05:00:00",4099.2
"2023-09-02 05:00:00",4063.36
"2023-09-03 05:00:00",4063.36
"2023-09-04 05:00:00",4063.36
"2023-09-05 05:00:00",4063.36
"2023-09-06 05:00:00",4089.46
"2023-09-07 05:00:00",4093.04
"2023-09-08 05:00:00",4045.83
"2023-09-09 05:00:00",4012.26
"2023-09-10 05:00:00",4012.26
"2023-09-11 05:00:00",4012.26
"2023-09-12 05:00:00",3997.74
"2023-09-13 05:00:00",3993.53
"2023-09-14 05:00:00",3950.92
"2023-09-15 05:00:00",3926.59
"2023-09-16 05:00:00",3928.28
"2023-09-17 05:00:00",3928.28
"2023-09-18 05:00:00",3928.28
"2023-09-19 05:00:00",3905.95
"2023-09-20 05:00:00",3902.54
"2023-09-21 05:00:00",3907.21
"2023-09-22 05:00:00",3948.25
"2023-09-23 05:00:00",3948.7
"2023-09-24 05:00:00",3948.7
"2023-09-25 05:00:00",3948.7
"2023-09-26 05:00:00",4052.54
"2023-09-27 05:00:00",4068.73
"2023-09-28 05:00:00",4093.6
"2023-09-29 05:00:00",4085.57
"2023-09-30 05:00:00",4053.76
"2023-10-01 05:00:00",4053.76
"2023-10-02 05:00:00",4053.76
"2023-10-03 05:00:00",4141.43
"2023-10-04 05:00:00",4187.01
"2023-10-05 05:00:00",4252.09
"2023-10-06 05:00:00",4359.4
"2023-10-07 05:00:00",4386.66
"2023-10-08 05:00:00",4386.66
"2023-10-09 05:00:00",4386.66
"2023-10-10 05:00:00",4386.66
"2023-10-11 05:00:00",4231.97
"2023-10-12 05:00:00",4212.5
"2023-10-13 05:00:00",4230.61
"2023-10-14 05:00:00",4249
"2023-10-15 05:00:00",4249
"2023-10-16 05:00:00",4249
"2023-10-17 05:00:00",4249
"2023-10-18 05:00:00",4222.09
"2023-10-19 05:00:00",4227.39
"2023-10-20 05:00:00",4249.71
"2023-10-21 05:00:00",4238.85
"2023-10-22 05:00:00",4238.85
"2023-10-23 05:00:00",4238.85
"2023-10-24 05:00:00",4221.39
"2023-10-25 05:00:00",4213.97
"2023-10-26 05:00:00",4201.53
"2023-10-27 05:00:00",4154.94
"2023-10-28 05:00:00",4120.62
"2023-10-29 05:00:00",4120.62
"2023-10-30 05:00:00",4120.62
"2023-10-31 05:00:00",4060.83
"2023-11-01 05:00:00",4114.29
"2023-11-02 05:00:00",4117.71
"2023-11-03 05:00:00",4047.11
"2023-11-04 05:00:00",3975.09
"2023-11-05 05:00:00",3975.09
"2023-11-06 05:00:00",3975.09
"2023-11-07 05:00:00",3975.09
"2023-11-08 05:00:00",4005.06
"2023-11-09 05:00:00",4065.79
"2023-11-10 05:00:00",4056.94
"2023-11-11 05:00:00",4037.19
"2023-11-12 05:00:00",4037.19
"2023-11-13 05:00:00",4037.19
"2023-11-14 05:00:00",4037.19
"2023-11-15 05:00:00",3963.57
"2023-11-16 05:00:00",3976.84
"2023-11-17 05:00:00",4077.44
"2023-11-18 05:00:00",4116.59
"2023-11-19 05:00:00",4116.59
"2023-11-20 05:00:00",4116.59
"2023-11-21 05:00:00",4033.83
"2023-11-22 05:00:00",4060.15
"2023-11-23 05:00:00",4092.33
"2023-11-24 05:00:00",4092.33
"2023-11-25 05:00:00",4044.51
"2023-11-26 05:00:00",4044.51
"2023-11-27 05:00:00",4044.51
"2023-11-28 05:00:00",3989.89
"2023-11-29 05:00:00",3957.77
"2023-11-30 05:00:00",3980.67
"2023-12-01 05:00:00",4045.22
"2023-12-02 05:00:00",3983.15
"2023-12-03 05:00:00",3983.15
"2023-12-04 05:00:00",3983.15
"2023-12-05 05:00:00",3999.91
"2023-12-06 05:00:00",4023.21
"2023-12-07 05:00:00",3989.55
"2023-12-08 05:00:00",3998.51
"2023-12-09 05:00:00",3998.51
"2023-12-10 05:00:00",3998.51
"2023-12-11 05:00:00",3998.51
"2023-12-12 05:00:00",3982.5
"2023-12-13 05:00:00",3990.88
"2023-12-14 05:00:00",3999.43
"2023-12-15 05:00:00",3955.88
"2023-12-16 05:00:00",3956.76
"2023-12-17 05:00:00",3956.76
"2023-12-18 05:00:00",3956.76
"2023-12-19 05:00:00",3932.59
"2023-12-20 05:00:00",3925.77
"2023-12-21 05:00:00",3948.54
"2023-12-22 05:00:00",3943.03
"2023-12-23 05:00:00",3915.43
"2023-12-24 05:00:00",3915.43
"2023-12-25 05:00:00",3915.43
"2023-12-26 05:00:00",3915.43
"2023-12-27 05:00:00",3871.45
"2023-12-28 05:00:00",3844.81
"2023-12-29 05:00:00",3822.05
"2023-12-30 05:00:00",3822.05
"2023-12-31 05:00:00",3822.05
"2024-01-01 05:00:00",3822.05
"2024-01-02 05:00:00",3822.05
"2024-01-03 05:00:00",3895.53
"2024-01-04 05:00:00",3914.6
"2024-01-05 05:00:00",3927.64
"2024-01-06 05:00:00",3912.93
"2024-01-07 05:00:00",3912.93
"2024-01-08 05:00:00",3912.93
"2024-01-09 05:00:00",3912.93
"2024-01-10 05:00:00",3934.13
"2024-01-11 05:00:00",3946.39
"2024-01-12 05:00:00",3929.79
"2024-01-13 05:00:00",3901.38
"2024-01-14 05:00:00",3901.38
"2024-01-15 05:00:00",3901.38
"2024-01-16 05:00:00",3901.38
"2024-01-17 05:00:00",3940.85
"2024-01-18 05:00:00",3969.5
"2024-01-19 05:00:00",3939.89
"2024-01-20 05:00:00",3916.39
"2024-01-21 05:00:00",3916.39
"2024-01-22 05:00:00",3916.39
"2024-01-23 05:00:00",3904.49
"2024-01-24 05:00:00",3934.62
"2024-01-25 05:00:00",3929.95
"2024-01-26 05:00:00",3932.96
"2024-01-27 05:00:00",3925.26
"2024-01-28 05:00:00",3925.26
"2024-01-29 05:00:00",3925.26
"2024-01-30 05:00:00",3918.93
"2024-01-31 05:00:00",3925.6
"2024-02-01 05:00:00",3915.56
"2024-02-02 05:00:00",3889.05
"2024-02-03 05:00:00",3928.11
"2024-02-04 05:00:00",3928.11
"2024-02-05 05:00:00",3928.11
"2024-02-06 05:00:00",3975.74
"2024-02-07 05:00:00",3950.57
"2024-02-08 05:00:00",3962.23
"2024-02-09 05:00:00",3954.68
"2024-02-10 05:00:00",3926.08
"2024-02-11 05:00:00",3926.08
"2024-02-12 05:00:00",3926.08
"2024-02-13 05:00:00",3915.28
"2024-02-14 05:00:00",3929
"2024-02-15 05:00:00",3916.61
"2024-02-16 05:00:00",3909.89
"2024-02-17 05:00:00",3917.84
"2024-02-18 05:00:00",3917.84
"2024-02-19 05:00:00",3917.84
"2024-02-20 05:00:00",3917.84
"2024-02-21 05:00:00",3912.97
"2024-02-22 05:00:00",3930.26
"2024-02-23 05:00:00",3935.64
"2024-02-24 05:00:00",3949.36
"2024-02-25 05:00:00",3949.36
"2024-02-26 05:00:00",3949.36
"2024-02-27 05:00:00",3963.08
"2024-02-28 05:00:00",3935.59
"2024-02-29 05:00:00",3933.56
"2024-03-01 05:00:00",3931.31
"2024-03-02 05:00:00",3934.82
"2024-03-03 05:00:00",3934.82
"2024-03-04 05:00:00",3934.82
"2024-03-05 05:00:00",3948.67
"2024-03-06 05:00:00",3945.32
"2024-03-07 05:00:00",3932.55
"2024-03-08 05:00:00",3920.79
"2024-03-09 05:00:00",3905.45
"2024-03-10 05:00:00",3905.45
"2024-03-11 05:00:00",3905.45
"2024-03-12 05:00:00",3907.81
"2024-03-13 05:00:00",3919.86
"2024-03-14 05:00:00",3908.02
"2024-03-15 05:00:00",3899.39
"2024-03-16 05:00:00",3884.64
"2024-03-17 05:00:00",3884.64
"2024-03-18 05:00:00",3884.64
"2024-03-19 05:00:00",3880.59
"2024-03-20 05:00:00",3894.37
"2024-03-21 05:00:00",3886.94
"2024-03-22 05:00:00",3888.02
"2024-03-23 05:00:00",3901.51
"2024-03-24 05:00:00",3901.51
"2024-03-25 05:00:00",3901.51
"2024-03-26 05:00:00",3901.51
"2024-03-27 05:00:00",3865.97
"2024-03-28 05:00:00",3842.3
"2024-03-29 05:00:00",3842.3
"2024-03-30 05:00:00",3842.3
"2024-03-31 05:00:00",3842.3
"2024-04-01 05:00:00",3842.3
"2024-04-02 05:00:00",3863.05
"2024-04-03 05:00:00",3845.22
"2024-04-04 05:00:00",3812.13
"2024-04-05 05:00:00",3775.37
"2024-04-06 05:00:00",3764.23
"2024-04-07 05:00:00",3764.23
"2024-04-08 05:00:00",3764.23
"2024-04-09 05:00:00",3768.8
"2024-04-10 05:00:00",3763.43
"2024-04-11 05:00:00",3815.44
"2024-04-12 05:00:00",3820.1
"2024-04-13 05:00:00",3864.97
"2024-04-14 05:00:00",3864.97
"2024-04-15 05:00:00",3864.97
"2024-04-16 05:00:00",3889.58
"2024-04-17 05:00:00",3938.11
"2024-04-18 05:00:00",3901.94
"2024-04-19 05:00:00",3918.23
"2024-04-20 05:00:00",3937.13
"2024-04-21 05:00:00",3937.13
"2024-04-22 05:00:00",3937.13
"2024-04-23 05:00:00",3924.82
"2024-04-24 05:00:00",3910.01
"2024-04-25 05:00:00",3935.65
"2024-04-26 05:00:00",3964.59
"2024-04-27 05:00:00",3926.02
"2024-04-28 05:00:00",3926.02
"2024-04-29 05:00:00",3926.02
"2024-04-30 05:00:00",3873.44
"2024-05-01 05:00:00",3899.07
"2024-05-02 05:00:00",3899.07
"2024-05-03 05:00:00",3898.62
"2024-05-04 05:00:00",3895.41
"2024-05-05 05:00:00",3895.41
"2024-05-06 05:00:00",3895.41
"2024-05-07 05:00:00",3894.23
"2024-05-08 05:00:00",3884.84
"2024-05-09 05:00:00",3902.63
"2024-05-10 05:00:00",3900.38
"2024-05-11 05:00:00",3888.21
"2024-05-12 05:00:00",3888.21
"2024-05-13 05:00:00",3888.21
"2024-05-14 05:00:00",3888.21
"2024-05-15 05:00:00",3861.82
"2024-05-16 05:00:00",3825.42
"2024-05-17 05:00:00",3828.98
"2024-05-18 05:00:00",3832.26
"2024-05-19 05:00:00",3832.26
"2024-05-20 05:00:00",3832.26
"2024-05-21 05:00:00",3822.39
"2024-05-22 05:00:00",3814.94
"2024-05-23 05:00:00",3829.59
"2024-05-24 05:00:00",3837.58
"2024-05-25 05:00:00",3878.07
"2024-05-26 05:00:00",3878.07
"2024-05-27 05:00:00",3878.07
"2024-05-28 05:00:00",3878.07
"2024-05-29 05:00:00",3853.09
"2024-05-30 05:00:00",3867.02
"2024-05-31 05:00:00",3874.32
"2024-06-01 05:00:00",3860.92
"2024-06-02 05:00:00",3860.92
"2024-06-03 05:00:00",3860.92
"2024-06-04 05:00:00",3860.92
"2024-06-05 05:00:00",3909.65
"2024-06-06 05:00:00",3927.91
"2024-06-07 05:00:00",3938.53
"2024-06-08 05:00:00",3944.14
"2024-06-09 05:00:00",3944.14
"2024-06-10 05:00:00",3944.14
"2024-06-11 05:00:00",3944.14
"2024-06-12 05:00:00",3960.83
"2024-06-13 05:00:00",4023.26
"2024-06-14 05:00:00",4107.52
"2024-06-15 05:00:00",4151.55
"2024-06-16 05:00:00",4151.55
"2024-06-17 05:00:00",4151.55
"2024-06-18 05:00:00",4144.63
"2024-06-19 05:00:00",4101.87
"2024-06-20 05:00:00",4101.87
"2024-06-21 05:00:00",4175.96
"2024-06-22 05:00:00",4143.72
"2024-06-23 05:00:00",4143.72
"2024-06-24 05:00:00",4143.72
"2024-06-25 05:00:00",4104.38
"2024-06-26 05:00:00",4093.66
"2024-06-27 05:00:00",4133.61
"2024-06-28 05:00:00",4158.1
"2024-06-29 05:00:00",4148.04
"2024-06-30 05:00:00",4148.04
"2024-07-01 05:00:00",4148.04
"2024-07-02 05:00:00",4148.04
"2024-07-03 05:00:00",4130.03
"2024-07-04 05:00:00",4096.09
"2024-07-05 05:00:00",4096.09
"2024-07-06 05:00:00",4093.72
"2024-07-07 05:00:00",4093.72
"2024-07-08 05:00:00",4093.72
"2024-07-09 05:00:00",4052.99
"2024-07-10 05:00:00",4022.05
"2024-07-11 05:00:00",3979.91
"2024-07-12 05:00:00",3968.87
"2024-07-13 05:00:00",3944.97
"2024-07-14 05:00:00",3944.97
"2024-07-15 05:00:00",3944.97
"2024-07-16 05:00:00",3948.41
"2024-07-17 05:00:00",3977.63
"2024-07-18 05:00:00",4011.19
"2024-07-19 05:00:00",4036.73
"2024-07-20 05:00:00",4040.2
"2024-07-21 05:00:00",4040.2
"2024-07-22 05:00:00",4040.2
"2024-07-23 05:00:00",4006.01
"2024-07-24 05:00:00",4010.53
"2024-07-25 05:00:00",4047.66
"2024-07-26 05:00:00",4035
"2024-07-27 05:00:00",4014.56
"2024-07-28 05:00:00",4014.56
"2024-07-29 05:00:00",4014.56
"2024-07-30 05:00:00",4059.91
"2024-07-31 05:00:00",4089.05
"2024-08-01 05:00:00",4060.34
"2024-08-02 05:00:00",4057.14
"2024-08-03 05:00:00",4110.37
"2024-08-04 05:00:00",4110.37
"2024-08-05 05:00:00",4110.37
"2024-08-06 05:00:00",4184.3
"2024-08-07 05:00:00",4136.27
"2024-08-08 05:00:00",4136.27
"2024-08-09 05:00:00",4100.79
"2024-08-10 05:00:00",4064.51
"2024-08-11 05:00:00",4064.51
"2024-08-12 05:00:00",4064.51
"2024-08-13 05:00:00",4063.26
"2024-08-14 05:00:00",4038.87
"2024-08-15 05:00:00",4021.1
"2024-08-16 05:00:00",4014.18
"2024-08-17 05:00:00",4021.63
"2024-08-18 05:00:00",4021.63
"2024-08-19 05:00:00",4021.63
"2024-08-20 05:00:00",4021.63
"2024-08-21 05:00:00",4011.37
"2024-08-22 05:00:00",4013.98
"2024-08-23 05:00:00",4064.03
"2024-08-24 05:00:00",4030.52
"2024-08-25 05:00:00",4030.52
"2024-08-26 05:00:00",4030.52
"2024-08-27 05:00:00",4023.92
"2024-08-28 05:00:00",4045.64
"2024-08-29 05:00:00",4065.34
"2024-08-30 05:00:00",4132.11
"2024-08-31 05:00:00",4160.31
"2024-09-01 05:00:00",4160.31
"2024-09-02 05:00:00",4160.31
"2024-09-03 05:00:00",4160.31
"2024-09-04 05:00:00",4185.8
"2024-09-05 05:00:00",4185.82
"2024-09-06 05:00:00",4172.5
"2024-09-07 05:00:00",4149.79
"2024-09-08 05:00:00",4149.79
"2024-09-09 05:00:00",4149.79
"2024-09-10 05:00:00",4220.68
"2024-09-11 05:00:00",4285.61
"2024-09-12 05:00:00",4278.28
"2024-09-13 05:00:00",4236.63
"2024-09-14 05:00:00",4172.13
"2024-09-15 05:00:00",4172.13
"2024-09-16 05:00:00",4172.13
"2024-09-17 05:00:00",4220.58
"2024-09-18 05:00:00",4239.33
"2024-09-19 05:00:00",4189.46
"2024-09-20 05:00:00",4175.1
"2024-09-21 05:00:00",4156.89
"2024-09-22 05:00:00",4156.89
"2024-09-23 05:00:00",4156.89
"2024-09-24 05:00:00",4155.31
"2024-09-25 05:00:00",4139.43
"2024-09-26 05:00:00",4192.74
"2024-09-27 05:00:00",4188.11
"2024-09-28 05:00:00",4164.21
"2024-09-29 05:00:00",4164.21
"2024-09-30 05:00:00",4164.21
"2024-10-01 05:00:00",4178.3
"2024-10-02 05:00:00",4224.21
"2024-10-03 05:00:00",4203.43
"2024-10-04 05:00:00",4197.73
"2024-10-05 05:00:00",4173.66
"2024-10-06 05:00:00",4173.66
"2024-10-07 05:00:00",4173.66
"2024-10-08 05:00:00",4194.97
"2024-10-09 05:00:00",4233.54
"2024-10-10 05:00:00",4233.17
"2024-10-11 05:00:00",4217.4
"2024-10-12 05:00:00",4192.56
"2024-10-13 05:00:00",4192.56
"2024-10-14 05:00:00",4192.56
"2024-10-15 05:00:00",4192.56
"2024-10-16 05:00:00",4244.84
"2024-10-17 05:00:00",4266.2
"2024-10-18 05:00:00",4263.17
"2024-10-19 05:00:00",4252.15
"2024-10-20 05:00:00",4252.15
"2024-10-21 05:00:00",4252.15
"2024-10-22 05:00:00",4286.96
"2024-10-23 05:00:00",4262.3
"2024-10-24 05:00:00",4293.91
"2024-10-25 05:00:00",4311.83
"2024-10-26 05:00:00",4316.73
"2024-10-27 05:00:00",4316.73
"2024-10-28 05:00:00",4316.73
"2024-10-29 05:00:00",4342.9
"2024-10-30 05:00:00",4367.39
"2024-10-31 05:00:00",4413.46
"2024-11-01 05:00:00",4409.57
"2024-11-02 05:00:00",4414
"2024-11-03 05:00:00",4414
"2024-11-04 05:00:00",4414
"2024-11-05 05:00:00",4414
"2024-11-06 05:00:00",4421.86
"2024-11-07 05:00:00",4430.4
"2024-11-08 05:00:00",4344.55
"2024-11-09 05:00:00",4346.7
"2024-11-10 05:00:00",4346.7
"2024-11-11 05:00:00",4346.7
"2024-11-12 05:00:00",4346.7
"2024-11-13 05:00:00",4413.79
"2024-11-14 05:00:00",4478.21
"2024-11-15 05:00:00",4475.57
"2024-11-16 05:00:00",4454.68
"2024-11-17 05:00:00",4454.68
"2024-11-18 05:00:00",4454.68
"2024-11-19 05:00:00",4400.69
"2024-11-20 05:00:00",4401.34
"2024-11-21 05:00:00",4414.06
"2024-11-22 05:00:00",4387.09
"2024-11-23 05:00:00",4418.58
"2024-11-24 05:00:00",4418.58
"2024-11-25 05:00:00",4418.58
"2024-11-26 05:00:00",4381.99
"2024-11-27 05:00:00",4405.96
"2024-11-28 05:00:00",4406.16
"2024-11-29 05:00:00",4406.16
"2024-11-30 05:00:00",4419.59
"2024-12-01 05:00:00",4419.59
"2024-12-02 05:00:00",4419.59
"2024-12-03 05:00:00",4462.97
"2024-12-04 05:00:00",4443.53
"2024-12-05 05:00:00",4424.56
"2024-12-06 05:00:00",4407.13
"2024-12-07 05:00:00",4396.52
"2024-12-08 05:00:00",4396.52
"2024-12-09 05:00:00",4396.52
"2024-12-10 05:00:00",4379.71
"2024-12-11 05:00:00",4377.34
"2024-12-12 05:00:00",4361.22
"2024-12-13 05:00:00",4335.2
"2024-12-14 05:00:00",4341.32
"2024-12-15 05:00:00",4341.32
"2024-12-16 05:00:00",4341.32
"2024-12-17 05:00:00",4324.19
"2024-12-18 05:00:00",4345.32
"2024-12-19 05:00:00",4359.11
"2024-12-20 05:00:00",4394.5
"2024-12-21 05:00:00",4374.62
"2024-12-22 05:00:00",4374.62
"2024-12-23 05:00:00",4374.62
"2024-12-24 05:00:00",4395.44
"2024-12-25 05:00:00",4380.94
"2024-12-26 05:00:00",4380.94
"2024-12-27 05:00:00",4375.86
"2024-12-28 05:00:00",4401.98
"2024-12-29 05:00:00",4401.98
"2024-12-30 05:00:00",4401.98
"2024-12-31 05:00:00",4409.15
"2025-01-01 05:00:00",4409.15
"2025-01-02 05:00:00",4409.15
"2025-01-03 05:00:00",4410.5
"2025-01-04 05:00:00",4355.51
"2025-01-05 05:00:00",4355.51
"2025-01-06 05:00:00",4355.51
"2025-01-07 05:00:00",4355.51
"2025-01-08 05:00:00",4342.31
"2025-01-09 05:00:00",4347.42
"2025-01-10 05:00:00",4321.19
"2025-01-11 05:00:00",4343.48
"2025-01-12 05:00:00",4343.48
"2025-01-13 05:00:00",4343.48
"2025-01-14 05:00:00",4331.23
"2025-01-15 05:00:00",4300.24
"2025-01-16 05:00:00",4294.11
"2025-01-17 05:00:00",4338.15
"2025-01-18 05:00:00",4344.27
"2025-01-19 05:00:00",4344.27
"2025-01-20 05:00:00",4344.27
"2025-01-21 05:00:00",4344.27
"2025-01-22 05:00:00",4307.07
"2025-01-23 05:00:00",4278.01
"2025-01-24 05:00:00",4245.65
"2025-01-25 05:00:00",4188.46
"2025-01-26 05:00:00",4188.46
"2025-01-27 05:00:00",4188.46
"2025-01-28 05:00:00",4220.86
"2025-01-29 05:00:00",4219
"2025-01-30 05:00:00",4195.6
"2025-01-31 05:00:00",4170.01
"2025-02-01 05:00:00",4183.93
"2025-02-02 05:00:00",4183.93
"2025-02-03 05:00:00",4183.93
"2025-02-04 05:00:00",4198.66
"2025-02-05 05:00:00",4153.54
"2025-02-06 05:00:00",4180.06
"2025-02-07 05:00:00",4150.99
"2025-02-08 05:00:00",4113.7
"2025-02-09 05:00:00",4113.7
"2025-02-10 05:00:00",4113.7
"2025-02-11 05:00:00",4132.93
"2025-02-12 05:00:00",4153.8
"2025-02-13 05:00:00",4165.07
"2025-02-14 05:00:00",4161.46
"2025-02-15 05:00:00",4100.66
"2025-02-16 05:00:00",4100.66
"2025-02-17 05:00:00",4100.66
"2025-02-18 05:00:00",4100.66
"2025-02-19 05:00:00",4111.38
"2025-02-20 05:00:00",4098.67
"2025-02-21 05:00:00",4077.56
"2025-02-22 05:00:00",4073.56
"2025-02-23 05:00:00",4073.56
"2025-02-24 05:00:00",4073.56
"2025-02-25 05:00:00",4112.63
"2025-02-26 05:00:00",4126.54
"2025-02-27 05:00:00",4123.1
"2025-02-28 05:00:00",4120.11
"2025-03-01 05:00:00",4134.04
"2025-03-02 05:00:00",4134.04
"2025-03-03 05:00:00",4134.04
"2025-03-04 05:00:00",4116.61
"2025-03-05 05:00:00",4144.18
"2025-03-06 05:00:00",4125.63
"2025-03-07 05:00:00",4104.56
"2025-03-08 05:00:00",4116.8
"2025-03-09 05:00:00",4116.8
"2025-03-10 05:00:00",4116.8
"2025-03-11 05:00:00",4161.96
"2025-03-12 05:00:00",4152.76
"2025-03-13 05:00:00",4110.08
"2025-03-14 05:00:00",4114.18
"2025-03-15 05:00:00",4102.67
"2025-03-16 05:00:00",4102.67
"2025-03-17 05:00:00",4102.67
"2025-03-18 05:00:00",4076.7
"2025-03-19 05:00:00",4126.03
"2025-03-20 05:00:00",4143.14
"2025-03-21 05:00:00",4187.72
"2025-03-22 05:00:00",4168.82
"2025-03-23 05:00:00",4168.82
"2025-03-24 05:00:00",4168.82
"2025-03-25 05:00:00",4168.82
"2025-03-26 05:00:00",4107.14
"2025-03-27 05:00:00",4131.42
"2025-03-28 05:00:00",4152.59
"2025-03-29 05:00:00",4192.57
"2025-03-30 05:00:00",4192.57
"2025-03-31 05:00:00",4192.57
"2025-04-01 05:00:00",4191.79
"2025-04-02 05:00:00",4149.24
"2025-04-03 05:00:00",4146.07
"2025-04-04 05:00:00",4130.01
"2025-04-05 05:00:00",4274.03
"2025-04-06 05:00:00",4274.03
"2025-04-07 05:00:00",4274.03
"2025-04-08 05:00:00",4374.53
"2025-04-09 05:00:00",4387.98
"2025-04-10 05:00:00",4416.69
"2025-04-11 05:00:00",4351.55
"2025-04-12 05:00:00",4338.36
"2025-04-13 05:00:00",4338.36
"2025-04-14 05:00:00",4338.36
"2025-04-15 05:00:00",4286.17
"2025-04-16 05:00:00",4329.9
"2025-04-17 05:00:00",4306.54
"2025-04-18 05:00:00",4306.54
"2025-04-19 05:00:00",4306.54
"2025-04-20 05:00:00",4306.54
"2025-04-21 05:00:00",4306.54
"2025-04-22 05:00:00",4272.83
"2025-04-23 05:00:00",4283.22
"2025-04-24 05:00:00",4298.31
"2025-04-25 05:00:00",4274.57
"2025-04-26 05:00:00",4239.62
"2025-04-27 05:00:00",4239.62
"2025-04-28 05:00:00",4239.62
"2025-04-29 05:00:00",4227.32
"2025-04-30 05:00:00",4198.83
"2025-05-01 05:00:00",4222.25
"2025-05-02 05:00:00",4222.25
"2025-05-03 05:00:00",4243.8
"2025-05-04 05:00:00",4243.8
"2025-05-05 05:00:00",4243.8
"2025-05-06 05:00:00",4283.62
"2025-05-07 05:00:00",4305.02
"2025-05-08 05:00:00",4306.79
"2025-05-09 05:00:00",4260.22
"2025-05-10 05:00:00",4239.23
"2025-05-11 05:00:00",4239.23
"2025-05-12 05:00:00",4239.23
"2025-05-13 05:00:00",4218.6
"2025-05-14 05:00:00",4204.63
"2025-05-15 05:00:00",4194.18
"2025-05-16 05:00:00",4196.66
"2025-05-17 05:00:00",4194.28
"2025-05-18 05:00:00",4194.28
"2025-05-19 05:00:00",4194.28
"2025-05-20 05:00:00",4168.03
"2025-05-21 05:00:00",4172.76
"2025-05-22 05:00:00",4169.47
"2025-05-23 05:00:00",4176.54
"2025-05-24 05:00:00",4165.41
"2025-05-25 05:00:00",4165.41
"2025-05-26 05:00:00",4165.41
"2025-05-27 05:00:00",4165.41
"2025-05-28 05:00:00",4128.15
"2025-05-29 05:00:00",4126.44
"2025-05-30 05:00:00",4106.79
"2025-05-31 05:00:00",4148.72
"2025-06-01 05:00:00",4148.72
"2025-06-02 05:00:00",4148.72
"2025-06-03 05:00:00",4148.72
"2025-06-04 05:00:00",4136.71
"2025-06-05 05:00:00",4107.85
"2025-06-06 05:00:00",4097.66
"2025-06-07 05:00:00",4138.72
"2025-06-08 05:00:00",4138.72
"2025-06-09 05:00:00",4138.72
"2025-06-10 05:00:00",4138.53
"2025-06-11 05:00:00",4190.9
"2025-06-12 05:00:00",4190.61
"2025-06-13 05:00:00",4169.13
"2025-06-14 05:00:00",4147.34
"2025-06-15 05:00:00",4147.34
"2025-06-16 05:00:00",4147.34
"2025-06-17 05:00:00",4096.44
"2025-06-18 05:00:00",4098.83
"2025-06-19 05:00:00",4076.32
"2025-06-20 05:00:00",4076.32
"2025-06-21 05:00:00",4080.06
"2025-06-22 05:00:00",4080.06
"2025-06-23 05:00:00",4080.06
"2025-06-24 05:00:00",4080.06
"2025-06-25 05:00:00",4081.15
"2025-06-26 05:00:00",4067.64
"2025-06-27 05:00:00",4042.87
"2025-06-28 05:00:00",4069.67
"2025-06-29 05:00:00",4069.67
"2025-06-30 05:00:00",4069.67
"2025-07-01 05:00:00",4069.67
"2025-07-02 05:00:00",4047.71
"2025-07-03 05:00:00",4006.46
"2025-07-04 05:00:00",3974.37
"2025-07-05 05:00:00",3974.37
"2025-07-06 05:00:00",3974.37
"2025-07-07 05:00:00",3974.37
"2025-07-08 05:00:00",4022.29
"2025-07-09 05:00:00",4054.13
"2025-07-10 05:00:00",4026.09
"2025-07-11 05:00:00",4013.5
"2025-07-12 05:00:00",4003.9
"2025-07-13 05:00:00",4003.9
"2025-07-14 05:00:00",4003.9
"2025-07-15 05:00:00",4011.79
"2025-07-16 05:00:00",4015.04
"2025-07-17 05:00:00",4031.86
"2025-07-18 05:00:00",4016.44
"2025-07-19 05:00:00",4000.61
"2025-07-20 05:00:00",4000.61
"2025-07-21 05:00:00",4000.61
"2025-07-22 05:00:00",4026.27
"2025-07-23 05:00:00",4061.36
"2025-07-24 05:00:00",4052.86
"2025-07-25 05:00:00",4063.31
"2025-07-26 05:00:00",4110.48
"2025-07-27 05:00:00",4110.48
"2025-07-28 05:00:00",4110.48
"2025-07-29 05:00:00",4170.59
"2025-07-30 05:00:00",4154.79
"2025-07-31 05:00:00",4179.69
"2025-08-01 05:00:00",4186.71
"2025-08-02 05:00:00",4129.42
"2025-08-03 05:00:00",4129.42
"2025-08-04 05:00:00",4129.42
"2025-08-05 05:00:00",4097.38
"2025-08-06 05:00:00",4093.12
"2025-08-07 05:00:00",4049.35
"2025-08-08 05:00:00",4049.35
"2025-08-09 05:00:00",4034.74
"2025-08-10 05:00:00",4034.74
"2025-08-11 05:00:00",4034.74
"2025-08-12 05:00:00",4045.87
"2025-08-13 05:00:00",4017.12
"2025-08-14 05:00:00",4020.64
"2025-08-15 05:00:00",4048.74
"2025-08-16 05:00:00",4019.24
"2025-08-17 05:00:00",4019.24
"2025-08-18 05:00:00",4019.24
"2025-08-19 05:00:00",4019.24
"2025-08-20 05:00:00",4036.42
"2025-08-21 05:00:00",4025.51
"2025-08-22 05:00:00",4034.18
"2025-08-23 05:00:00",4008.7
"2025-08-24 05:00:00",4008.7
"2025-08-25 05:00:00",4008.7
"2025-08-26 05:00:00",4017.44
"2025-08-27 05:00:00",4044.51
"2025-08-28 05:00:00",4051.97
"2025-08-29 05:00:00",4019.09
"2025-08-30 05:00:00",4018.41
"2025-08-31 05:00:00",4018.41
"2025-09-01 05:00:00",4018.41
"2025-09-02 05:00:00",4018.41
"2025-09-03 05:00:00",4016.94
"2025-09-04 05:00:00",4002.86
"2025-09-05 05:00:00",3991.09
"2025-09-06 05:00:00",3960.94
"2025-09-07 05:00:00",3960.94
"2025-09-08 05:00:00",3960.94
"2025-09-09 05:00:00",3945.29
"2025-09-10 05:00:00",3919.13
"2025-09-11 05:00:00",3921.58
"2025-09-12 05:00:00",3903.18
"2025-09-13 05:00:00",3906.24
"2025-09-14 05:00:00",3906.24
"2025-09-15 05:00:00",3906.24
"2025-09-16 05:00:00",3897.57
"2025-09-17 05:00:00",3881.92
"2025-09-18 05:00:00",3880.01
"2025-09-19 05:00:00",3892.45
"2025-09-20 05:00:00",3891.19
"2025-09-21 05:00:00",3891.19
"2025-09-22 05:00:00",3891.19
"2025-09-23 05:00:00",3852.16
"2025-09-24 05:00:00",3844.47
"2025-09-25 05:00:00",3881.26
"2025-09-26 05:00:00",3898.87
"2025-09-27 05:00:00",3908.12
"2025-09-28 05:00:00",3908.12
"2025-09-29 05:00:00",3908.12
"2025-09-30 05:00:00",3901.29
"2025-10-01 05:00:00",3923.55
"2025-10-02 05:00:00",3890
"2025-10-03 05:00:00",3897.64
"2025-10-04 05:00:00",3874.18
"2025-10-05 05:00:00",3874.18
"2025-10-06 05:00:00",3874.18
"2025-10-07 05:00:00",3853.19
"2025-10-08 05:00:00",3867.54
"2025-10-09 05:00:00",3879.8
"2025-10-10 05:00:00",3894.99
"2025-10-11 05:00:00",3913.24
"2025-10-12 05:00:00",3913.24
"2025-10-13 05:00:00",3913.24
"2025-10-14 05:00:00",3913.24
"2025-10-15 05:00:00",3933.31
"2025-10-16 05:00:00",3902.16
"2025-10-17 05:00:00",3877.07
"2025-10-18 05:00:00",3808.12
"2025-10-19 05:00:00",3808.12
"2025-10-20 05:00:00",3808.12
"2025-10-21 05:00:00",3877.26
"2025-10-22 05:00:00",3876.6
"2025-10-23 05:00:00",3900.82
"2025-10-24 05:00:00",3888.76
"2025-10-25 05:00:00",3858.63
"2025-10-26 05:00:00",3858.63
"2025-10-27 05:00:00",3858.63
"2025-10-28 05:00:00",3844.2
"2025-10-29 05:00:00",3874.84
"2025-10-30 05:00:00",3885.29
"2025-10-31 05:00:00",3870.42
"2025-11-01 05:00:00",3860.12
"2025-11-02 05:00:00",3860.12
"2025-11-03 05:00:00",3860.12
"2025-11-04 05:00:00",3860.12
"2025-11-05 05:00:00",3872.47
"2025-11-06 05:00:00",3839.47
"2025-11-07 05:00:00",3807.06
"2025-11-08 05:00:00",3779.2
"2025-11-09 05:00:00",3779.2
"2025-11-10 05:00:00",3779.2
"2025-11-11 05:00:00",3760.93
"2025-11-12 05:00:00",3760.93
"2025-11-13 05:00:00",3719.71
"2025-11-14 05:00:00",3719.6
"2025-11-15 05:00:00",3764.77
"2025-11-16 05:00:00",3764.77
"2025-11-17 05:00:00",3764.77
"2025-11-18 05:00:00",3764.77
"2025-11-19 05:00:00",3737.55
"2025-11-20 05:00:00",3716.73
"2025-11-21 05:00:00",3741.27
"2025-11-22 05:00:00",3808.77
"2025-11-23 05:00:00",3808.77
"2025-11-24 05:00:00",3808.77
"2025-11-25 05:00:00",3804.09
"2025-11-26 05:00:00",3806.16
"2025-11-27 05:00:00",3773.6
"2025-11-28 05:00:00",3773.6
"2025-11-29 05:00:00",3744.43
"2025-11-30 05:00:00",3744.43
"2025-12-01 05:00:00",3744.43